#pragma once

/* 
This file was generated with npu_toolkit_compiler version: 0.12.3 (377961cf (2026-05-21))
and TF-Lite Micro version: f5c36ef2 (2025-12-10)

Compiler Options:

accelerator: mvpv1

accelerator_variant:

codegen:

  clean_dst_dir: yes

  copy_examples: no

  copy_sources: yes

  dst_dir:

  enabled: yes

  logger_enabled: no

  model_header:
    add_header_includes: yes
    additional_headers: []
    buffer_var_name:
      ActivationsCache: '{prefix}_activations_cache'
      PagingBuffer: '{prefix}_paging_buffer'
      PrimaryTensorArena: '{prefix}_primary_tensor_arena'
      SecondaryTensorArena: '{prefix}_secondary_tensor_arena'
      WeightsAndBiases: '{prefix}'
      WeightsAndBiases2: '{prefix}_weights_and_biases2'
    buffers: []
    buffers_alignment_var_name: '{prefix}_model_buffer_alignment'
    buffers_count_var_name: '{prefix}_buffer_count'
    buffers_data_var_name: '{prefix}_buffers'
    buffers_sections_var_name: '{prefix}_model_buffer_sections'
    buffers_sizes_var_name: '{prefix}_buffer_sizes'
    filename: '{prefix}_generated.hpp'
    generate_model_load_function: yes
    generate_op_resolver: yes
    generate_op_resolver_instance: yes
    model_data_var_attributes: ''
    model_data_var_name: '{prefix}'
    model_length_var_name: '{prefix}_length'
    model_memory_section:
    model_parameters_header_enabled: no
    model_parameters_header_filename: '{prefix}_generated_parameters.h'
    model_parameters_header_prefix: SL_TFLITE_MODEL_BP_MODEL_INT8_
    namespace: ''
    op_resolver_var_name: '{prefix}_op_resolver'
    prefix: bp_model_int8
    runtime_memory_size:
    strip_strings: yes

  profiler_enabled: no

  recorder_enabled: no

  shorten_paths: yes

debugging_enabled: no

disabled_layers: []

graph_optimizer:
  enabled: yes
  remove_constant_layers: yes

memory_optimizer:
  debugging_forced_buffer_sizes_: {}
  dual_weights_paging_enabled: no
  enabled: yes
  persistent_buffer_paging_enabled: no
  weights_paging_enabled: yes

memory_planner:
  enabled: yes
  memory_specification:
    regions:
      - bank_count:
        bank_offset:
        bank_size:
        section: .bss
        size: 524288
        type: PrimaryTensorArena
      - bank_count: 2
        bank_offset:
        bank_size: 16384
        section: .bss
        size: 32768
        type: PagingBuffer
      - bank_count: 2
        bank_offset:
        bank_size: 16384
        section: .bss
        size:
        type: ActivationsCache
      - bank_count:
        bank_offset:
        bank_size:
        section: .rodata
        size: 3145728
        type: WeightsAndBiases
  plan_activations: no
  plan_persistent_data:

platform: efr32xg26

register_compressor:
  enabled: yes

validator:
  allow_fallback_layers: yes
  dump_accelerator_programs_enabled: no
  enabled: no
  layers: []
  n_inference: 1
  raise_exception: yes
  reference_model_path:

weights_compressor:
  enabled: no
  kernels:


TF-Lite Model:
Path: D:\DOCUMENTS_DOWNLOADS\CODE_LEARN\PYTHON\AI_MAX30102\models\bp_model_int8.tflite
+-------+-----------------+-----------------+-----------------+-----------------------------------------------------+
| Index | OpCode          | Input(s)        | Output(s)       | Config                                              |
+-------+-----------------+-----------------+-----------------+-----------------------------------------------------+
| 0     | expand_dims     | 800x2 (int8)    | 1x800x2 (int8)  | Type=expanddimsoptions                              |
|       |                 |  (int32)        |                 |                                                     |
| 1     | conv_2d         | 1x800x2 (int8)  | 1x800x8 (int8)  | Padding:Same stride:1x1 activation:Relu             |
|       |                 | 1x3x2 (int8)    |                 |                                                     |
|       |                 | 8 (int32)       |                 |                                                     |
| 2     | reshape         | 1x800x8 (int8)  | 800x8 (int8)    | Type=reshapeoptions                                 |
|       |                 | 3 (int32)       |                 |                                                     |
| 3     | expand_dims     | 800x8 (int8)    | 1x800x8 (int8)  | Type=expanddimsoptions                              |
|       |                 |  (int32)        |                 |                                                     |
| 4     | max_pool_2d     | 1x800x8 (int8)  | 1x400x8 (int8)  | Padding:Valid stride:2x1 filter:2x1 activation:None |
| 5     | reshape         | 1x400x8 (int8)  | 400x8 (int8)    | Type=reshapeoptions                                 |
|       |                 | 3 (int32)       |                 |                                                     |
| 6     | expand_dims     | 400x8 (int8)    | 1x400x8 (int8)  | Type=expanddimsoptions                              |
|       |                 |  (int32)        |                 |                                                     |
| 7     | conv_2d         | 1x400x8 (int8)  | 1x400x16 (int8) | Padding:Same stride:1x1 activation:Relu             |
|       |                 | 1x3x8 (int8)    |                 |                                                     |
|       |                 | 16 (int32)      |                 |                                                     |
| 8     | reshape         | 1x400x16 (int8) | 400x16 (int8)   | Type=reshapeoptions                                 |
|       |                 | 3 (int32)       |                 |                                                     |
| 9     | expand_dims     | 400x16 (int8)   | 1x400x16 (int8) | Type=expanddimsoptions                              |
|       |                 |  (int32)        |                 |                                                     |
| 10    | max_pool_2d     | 1x400x16 (int8) | 1x200x16 (int8) | Padding:Valid stride:2x1 filter:2x1 activation:None |
| 11    | reshape         | 1x200x16 (int8) | 200x16 (int8)   | Type=reshapeoptions                                 |
|       |                 | 3 (int32)       |                 |                                                     |
| 12    | expand_dims     | 200x16 (int8)   | 1x200x16 (int8) | Type=expanddimsoptions                              |
|       |                 |  (int32)        |                 |                                                     |
| 13    | conv_2d         | 1x200x16 (int8) | 1x200x32 (int8) | Padding:Same stride:1x1 activation:Relu             |
|       |                 | 1x3x16 (int8)   |                 |                                                     |
|       |                 | 32 (int32)      |                 |                                                     |
| 14    | reshape         | 1x200x32 (int8) | 200x32 (int8)   | Type=reshapeoptions                                 |
|       |                 | 3 (int32)       |                 |                                                     |
| 15    | expand_dims     | 200x32 (int8)   | 1x200x32 (int8) | Type=expanddimsoptions                              |
|       |                 |  (int32)        |                 |                                                     |
| 16    | max_pool_2d     | 1x200x32 (int8) | 1x100x32 (int8) | Padding:Valid stride:2x1 filter:2x1 activation:None |
| 17    | reshape         | 1x100x32 (int8) | 100x32 (int8)   | Type=reshapeoptions                                 |
|       |                 | 3 (int32)       |                 |                                                     |
| 18    | expand_dims     | 100x32 (int8)   | 1x100x32 (int8) | Type=expanddimsoptions                              |
|       |                 |  (int32)        |                 |                                                     |
| 19    | conv_2d         | 1x100x32 (int8) | 1x100x64 (int8) | Padding:Same stride:1x1 activation:Relu             |
|       |                 | 1x3x32 (int8)   |                 |                                                     |
|       |                 | 64 (int32)      |                 |                                                     |
| 20    | reshape         | 1x100x64 (int8) | 100x64 (int8)   | Type=reshapeoptions                                 |
|       |                 | 3 (int32)       |                 |                                                     |
| 21    | expand_dims     | 100x64 (int8)   | 1x100x64 (int8) | Type=expanddimsoptions                              |
|       |                 |  (int32)        |                 |                                                     |
| 22    | max_pool_2d     | 1x100x64 (int8) | 1x50x64 (int8)  | Padding:Valid stride:2x1 filter:2x1 activation:None |
| 23    | reshape         | 1x50x64 (int8)  | 50x64 (int8)    | Type=reshapeoptions                                 |
|       |                 | 3 (int32)       |                 |                                                     |
| 24    | expand_dims     | 50x64 (int8)    | 1x50x64 (int8)  | Type=expanddimsoptions                              |
|       |                 |  (int32)        |                 |                                                     |
| 25    | conv_2d         | 1x50x64 (int8)  | 1x50x64 (int8)  | Padding:Same stride:1x1 activation:Relu             |
|       |                 | 1x3x64 (int8)   |                 |                                                     |
|       |                 | 64 (int32)      |                 |                                                     |
| 26    | reshape         | 1x50x64 (int8)  | 50x64 (int8)    | Type=reshapeoptions                                 |
|       |                 | 3 (int32)       |                 |                                                     |
| 27    | mean            | 50x64 (int8)    | 64 (int8)       | Type=reduceroptions                                 |
|       |                 |  (int32)        |                 |                                                     |
| 28    | fully_connected | 64 (int8)       | 32 (int8)       | Activation:Relu                                     |
|       |                 | 64 (int8)       |                 |                                                     |
|       |                 | 32 (float16)    |                 |                                                     |
| 29    | fully_connected | 32 (int8)       | 2 (int8)        | Activation:None                                     |
|       |                 | 32 (int8)       |                 |                                                     |
|       |                 | 2 (float16)     |                 |                                                     |
+-------+-----------------+-----------------+-----------------+-----------------------------------------------------+
*/


#include <cstdint>
#include "tflite_micro_model.hpp"
#include "ml/third_party/tflm/compatibility.h"
#include "ml/third_party/tflm/micro_mutable_op_resolver.h"

/*
* The OpsResolver specifies which ML kernel implementations are built into the application.
* This OpsResolver is generated dynamically based on the kernels required by the model.
* Required kernels:
* - CONV_2D
* - EXPAND_DIMS
* - FULLY_CONNECTED
* - MAX_POOL_2D
* - MEAN
* - RESHAPE
*/
class BpModelInt8OpResolver : public tflite::MicroMutableOpResolver<6> {
  public:
    BpModelInt8OpResolver() {
      AddExpandDims();
      AddConv2D();
      AddReshape();
      AddMaxPool2D();
      AddMean();
      AddFullyConnected();
    }

  private:
    TF_LITE_REMOVE_VIRTUAL_DELETE
};

// Create an instance of this model's generated OpsResolver
BpModelInt8OpResolver bp_model_int8_op_resolver;

/*
* Runtime buffers provided to the ML model at load time:

* bp_model_int8_primary_tensor_arena_buffer:
*   Memory Region  : PrimaryTensorArena
*   Size (bytes)   : 20080
*   Linker Section : .bss
*   Description    : The main TF-Lite tensor arena; stores model activations and runtime context

* bp_model_int8_paging_buffer_buffer:
*   Memory Region  : PagingBuffer
*   Size (bytes)   : 32768
*   Linker Section : .bss
*   Description    : Stores "paged" weights from non-volatile memory
*/

// If static allocation is enabled, these buffers are emitted as fixed-size arrays in this generated header.
// They are allocated by the C++ compiler and persist for the lifetime of the application.
#if !defined(SL_ML_ENABLE_DYNAMIC_MEMORY_ALLOCATION) || (SL_ML_ENABLE_DYNAMIC_MEMORY_ALLOCATION == 0)

// PrimaryTensorArena: The main TF-Lite tensor arena; stores model activations and runtime context
uint8_t bp_model_int8_primary_tensor_arena_buffer[20080] __attribute__((section(".bss"))) __attribute__((aligned(4))) = { 0 };
const int32_t bp_model_int8_primary_tensor_arena_size = 20080;
// PagingBuffer: Stores "paged" weights from non-volatile memory
uint8_t bp_model_int8_paging_buffer_buffer[32768] __attribute__((section(".bss"))) __attribute__((aligned(4))) = { 0 };
const int32_t bp_model_int8_paging_buffer_size = 32768;

// The number of buffers given to the ML model
const int32_t bp_model_int8_buffer_count = 2;
// List containing the size of each model buffer
const int32_t bp_model_int8_buffer_sizes[2] = {
  20080, // bp_model_int8_primary_tensor_arena
  32768, // bp_model_int8_paging_buffer
};
// List of pointers to each model buffer
uint8_t* bp_model_int8_buffers[2] = {
  bp_model_int8_primary_tensor_arena_buffer, // bp_model_int8_primary_tensor_arena
  bp_model_int8_paging_buffer_buffer, // bp_model_int8_paging_buffer
};

#else // SL_ML_ENABLE_DYNAMIC_MEMORY_ALLOCATION

// If dynamic allocation is enabled, selected buffers are allocated at runtime.

// PrimaryTensorArena: The main TF-Lite tensor arena; stores model activations and runtime context
const int32_t bp_model_int8_primary_tensor_arena_size = 20080;
// PagingBuffer: Stores "paged" weights from non-volatile memory
const int32_t bp_model_int8_paging_buffer_size = 32768;

// The number of buffers given to the ML model
const int32_t bp_model_int8_buffer_count = 2;
// The address alignment (in bytes) of each allocated buffer
const int32_t bp_model_int8_model_buffer_alignment = 4;
// List containing the size of each model buffer
const int32_t bp_model_int8_buffer_sizes[2] = {
  20080, // bp_model_int8_primary_tensor_arena
  32768, // bp_model_int8_paging_buffer
};
// List containing the linker section of each model buffer
const char* bp_model_int8_model_buffer_sections[2] = {
  ".bss", // bp_model_int8_primary_tensor_arena
  ".bss", // bp_model_int8_paging_buffer
};
// List of pointers to each model buffer
uint8_t* bp_model_int8_buffers[2] = {
  nullptr, // bp_model_int8_primary_tensor_arena, dynamically allocated
  nullptr, // bp_model_int8_paging_buffer, dynamically allocated
};

#endif // SL_ML_ENABLE_DYNAMIC_MEMORY_ALLOCATION



// The ML model in .tflite (flatbuffer) format:
const int bp_model_int8_length = 37088;
const uint8_t bp_model_int8[37088] __attribute__((section(".rodata"))) __attribute__((aligned(4))) =
{
0x20,0x00,0x00,0x00,0x54,0x46,0x4C,0x33,0x00,0x00,0x00,0x00,0x00,0x00,0x12,0x00, /*      0:  ...TFL3........ */
0x18,0x00,0x14,0x00,0x10,0x00,0x0C,0x00,0x00,0x00,0x08,0x00,0x00,0x00,0x04,0x00, /*     16: ................ */
0x12,0x00,0x00,0x00,0x14,0x00,0x00,0x00,0xE4,0x00,0x00,0x00,0x1C,0x62,0x00,0x00, /*     32: .............b.. */
0x24,0x90,0x00,0x00,0x03,0x00,0x00,0x00,0x05,0x00,0x00,0x00,0xAC,0x00,0x00,0x00, /*     48: $............... */
0x7C,0x00,0x00,0x00,0x54,0x00,0x00,0x00,0x2C,0x00,0x00,0x00,0x04,0x00,0x00,0x00, /*     64: |...T...,....... */
0x70,0xFF,0xFF,0xFF,0x01,0x00,0x00,0x00,0x04,0x00,0x00,0x00,0x10,0x00,0x00,0x00, /*     80: p............... */
0x73,0x6C,0x5F,0x70,0x61,0x67,0x65,0x64,0x5F,0x64,0x61,0x74,0x61,0x5F,0x76,0x31, /*     96: sl_paged_data_v1 */
0x00,0x00,0x00,0x00,0x94,0xFF,0xFF,0xFF,0x02,0x00,0x00,0x00,0x04,0x00,0x00,0x00, /*    112: ................ */
0x11,0x00,0x00,0x00,0x73,0x6C,0x5F,0x6D,0x65,0x6D,0x6F,0x72,0x79,0x5F,0x70,0x6C, /*    128: ....sl_memory_pl */
0x61,0x6E,0x5F,0x76,0x31,0x00,0x00,0x00,0xB8,0xFF,0xFF,0xFF,0x03,0x00,0x00,0x00, /*    144: an_v1........... */
0x04,0x00,0x00,0x00,0x10,0x00,0x00,0x00,0x73,0x6C,0x5F,0x6D,0x6F,0x64,0x65,0x6C, /*    160: ........sl_model */
0x5F,0x64,0x61,0x74,0x61,0x5F,0x76,0x31,0x00,0x00,0x00,0x00,0xDC,0xFF,0xFF,0xFF, /*    176: _data_v1........ */
0x04,0x00,0x00,0x00,0x04,0x00,0x00,0x00,0x13,0x00,0x00,0x00,0x43,0x4F,0x4E,0x56, /*    192: ............CONV */
0x45,0x52,0x53,0x49,0x4F,0x4E,0x5F,0x4D,0x45,0x54,0x41,0x44,0x41,0x54,0x41,0x00, /*    208: ERSION_METADATA. */
0x08,0x00,0x0C,0x00,0x08,0x00,0x04,0x00,0x08,0x00,0x00,0x00,0x05,0x00,0x00,0x00, /*    224: ................ */
0x04,0x00,0x00,0x00,0x13,0x00,0x00,0x00,0x6D,0x69,0x6E,0x5F,0x72,0x75,0x6E,0x74, /*    240: ........min_runt */
0x69,0x6D,0x65,0x5F,0x76,0x65,0x72,0x73,0x69,0x6F,0x6E,0x00,0x3D,0x00,0x00,0x00, /*    256: ime_version.=... */
0x34,0x61,0x00,0x00,0xB8,0x5F,0x00,0x00,0xEC,0x5E,0x00,0x00,0x88,0x5E,0x00,0x00, /*    272: 4a..._...^...^.. */
0x18,0x5E,0x00,0x00,0xF8,0x5D,0x00,0x00,0xF0,0x5D,0x00,0x00,0xE8,0x5D,0x00,0x00, /*    288: .^...]...]...].. */
0xE0,0x5D,0x00,0x00,0xD8,0x5D,0x00,0x00,0xD0,0x5D,0x00,0x00,0xC8,0x5D,0x00,0x00, /*    304: .]...]...]...].. */
0xC0,0x5D,0x00,0x00,0xA4,0x5D,0x00,0x00,0x9C,0x5D,0x00,0x00,0x94,0x5D,0x00,0x00, /*    320: .]...]...]...].. */
0x8C,0x5D,0x00,0x00,0x70,0x5D,0x00,0x00,0x68,0x5D,0x00,0x00,0x60,0x5D,0x00,0x00, /*    336: .]..p]..h]..`].. */
0x58,0x5D,0x00,0x00,0x3C,0x5D,0x00,0x00,0x34,0x5D,0x00,0x00,0x2C,0x5D,0x00,0x00, /*    352: X]..<]..4]..,].. */
0x24,0x5D,0x00,0x00,0x08,0x5D,0x00,0x00,0x00,0x5D,0x00,0x00,0xF8,0x5C,0x00,0x00, /*    368: $]...]...]...... */
0xF0,0x5C,0x00,0x00,0xD4,0x5C,0x00,0x00,0xCC,0x5C,0x00,0x00,0xC4,0x5C,0x00,0x00, /*    384: ................ */
0xBC,0x5C,0x00,0x00,0xA0,0x5C,0x00,0x00,0x98,0x5C,0x00,0x00,0x90,0x5C,0x00,0x00, /*    400: ................ */
0x88,0x5C,0x00,0x00,0x6C,0x5C,0x00,0x00,0x64,0x5C,0x00,0x00,0x5C,0x5C,0x00,0x00, /*    416: ....l...d....... */
0x48,0x5C,0x00,0x00,0x40,0x5C,0x00,0x00,0x24,0x5C,0x00,0x00,0x1C,0x5C,0x00,0x00, /*    432: H...@...$....... */
0x14,0x5C,0x00,0x00,0x00,0x5C,0x00,0x00,0xF8,0x5B,0x00,0x00,0xE4,0x5B,0x00,0x00, /*    448: .........[...[.. */
0x94,0x5B,0x00,0x00,0x44,0x5B,0x00,0x00,0x34,0x53,0x00,0x00,0x24,0x52,0x00,0x00, /*    464: .[..D[..4S..$R.. */
0x14,0x22,0x00,0x00,0x04,0x21,0x00,0x00,0xF4,0x08,0x00,0x00,0x64,0x08,0x00,0x00, /*    480: ."...!......d... */
0x54,0x02,0x00,0x00,0x04,0x02,0x00,0x00,0x74,0x00,0x00,0x00,0x44,0x00,0x00,0x00, /*    496: T.......t...D... */
0x04,0x00,0x00,0x00,0x3E,0xA1,0xFF,0xFF,0x04,0x00,0x00,0x00,0x30,0x00,0x00,0x00, /*    512: ....>.......0... */
0x7F,0xE2,0xA5,0x7E,0x60,0x43,0x0A,0xE9,0x7F,0x01,0xC4,0x0C,0xDB,0xF8,0x7F,0x55, /*    528: ...~`C.........U */
0x6C,0xE2,0xFD,0x81,0xCD,0xCB,0xF0,0xE1,0x1E,0x5C,0x81,0x67,0x41,0xFB,0x5B,0x52, /*    544: l..........gA.[R */
0x66,0x46,0x7F,0x20,0x3C,0x81,0x5E,0xD4,0x37,0x64,0x25,0xFD,0x81,0x1A,0xFE,0xFC, /*    560: fF. <.^.7d%..... */
0x7A,0xA1,0xFF,0xFF,0x04,0x00,0x00,0x00,0x20,0x00,0x00,0x00,0xEB,0x03,0x00,0x00, /*    576: z....... ....... */
0xD7,0x07,0x00,0x00,0x58,0x07,0x00,0x00,0x98,0x05,0x00,0x00,0x93,0x08,0x00,0x00, /*    592: ....X........... */
0x16,0x02,0x00,0x00,0x5A,0x04,0x00,0x00,0x46,0xFF,0xFF,0xFF,0xA6,0xA1,0xFF,0xFF, /*    608: ....Z...F....... */
0x04,0x00,0x00,0x00,0x80,0x01,0x00,0x00,0x0F,0x7F,0x63,0x6C,0x2C,0x13,0x53,0x9D, /*    624: ..........cl,.S. */
0x5A,0xCA,0xE7,0x6F,0x3F,0xAD,0x4E,0xFC,0xC8,0x19,0xF0,0x4D,0x0F,0x5B,0x5F,0xFD, /*    640: Z..o?.N....M.[_. */
0x99,0xDC,0x9A,0x32,0x73,0x10,0xAF,0x03,0xB1,0xC8,0x7F,0xE3,0x66,0xAC,0x22,0x37, /*    656: ...2s.......f."7 */
0xE5,0x32,0x72,0x5F,0x3E,0x04,0x20,0x1A,0xCB,0x35,0x24,0xEB,0xCC,0xEB,0xB2,0x10, /*    672: .2r_>. ..5$..... */
0x45,0x39,0x64,0x1A,0x4E,0x59,0xFC,0x7F,0xBB,0xB2,0xEE,0xAD,0xBF,0x0D,0xB7,0x23, /*    688: E9d.NY.......... */
0xB4,0xE0,0x51,0xEC,0x44,0xB3,0x5E,0x27,0x0F,0x41,0x49,0xCF,0xC4,0x54,0x08,0xB4, /*    704: ..Q.D.^'.AI..T.. */
0xC3,0x7F,0xC6,0x10,0xD7,0xCC,0x34,0x2A,0x24,0xBE,0xBC,0xD1,0x5E,0x43,0xE6,0x09, /*    720: ......4.$...^C.. */
0x0A,0x7F,0x5C,0xDD,0x6F,0x03,0xBA,0xB3,0x42,0x1A,0x62,0x17,0x0E,0x07,0xA6,0x7B, /*    736: ....o...B.b....{ */
0x4A,0x7F,0x2B,0x13,0x27,0x6D,0x1F,0xEC,0x39,0xA2,0x77,0xEB,0xF4,0x12,0x49,0x0A, /*    752: J.+.'m..9.w...I. */
0x43,0x18,0xE3,0xF5,0x30,0xDB,0x0E,0x51,0x43,0x0B,0xB2,0xCF,0x1E,0x2C,0xF9,0x7F, /*    768: C...0..QC....,.. */
0xF6,0xF8,0xFF,0xCF,0x5C,0x42,0x46,0x10,0x1D,0x60,0xFF,0x56,0x63,0x36,0x52,0x9D, /*    784: .....BF..`.Vc6R. */
0x2D,0xC1,0x99,0xDC,0xDB,0x2D,0xE7,0x48,0x70,0xB1,0x39,0xE9,0x04,0x5C,0x3F,0x16, /*    800: -....-.Hp.9...?. */
0xFD,0xF5,0x9A,0x23,0x00,0x66,0xC3,0x7F,0x97,0xD5,0x40,0x37,0xD7,0x54,0x81,0xB6, /*    816: .....f....@7.T.. */
0xDE,0xA6,0xA3,0x3C,0x1A,0x4A,0xB9,0x95,0x4B,0xC5,0xA2,0x2E,0x09,0xB4,0xD7,0x01, /*    832: ...<.J..K....... */
0xD4,0x15,0x04,0xE0,0x26,0x9C,0xF0,0x26,0xF4,0x25,0x7F,0x1C,0xDE,0xBA,0xFA,0xA2, /*    848: ....&..&.%...... */
0xC9,0x34,0x66,0xF9,0x23,0x3B,0x36,0x9D,0xAA,0x9B,0x0A,0x03,0x23,0x98,0xC9,0xEE, /*    864: .4f..;6......... */
0xCB,0x19,0x81,0xAD,0xA7,0xC6,0xDD,0xEA,0x90,0x7B,0xF8,0x04,0x4F,0x10,0xC2,0xE7, /*    880: .........{..O... */
0x70,0x05,0xC9,0x4C,0x7F,0xA0,0xB1,0xB3,0xC7,0x33,0xC6,0xA5,0x36,0x07,0x00,0xD8, /*    896: p..L.....3..6... */
0xB8,0xDC,0x6D,0xFE,0x18,0xFF,0x0A,0x92,0x8E,0x2D,0xBD,0xC4,0x73,0x00,0xC8,0x2C, /*    912: ..m......-..s.., */
0x3B,0x47,0x00,0x3C,0xC7,0xA5,0x09,0x04,0x19,0x7F,0x36,0xC4,0xD7,0x3D,0xED,0x0A, /*    928: ;G.<......6..=.. */
0xD2,0x59,0xFD,0x40,0x9E,0xEE,0xAA,0x65,0x92,0xDB,0xBB,0x1C,0xAD,0x60,0x3E,0xA2, /*    944: .Y.@...e.....`>. */
0x32,0xB6,0x81,0x9B,0x3B,0x9C,0x5C,0x00,0x92,0xF6,0x42,0xD9,0x56,0x99,0xA1,0xE9, /*    960: 2...;.....B.V... */
0x7F,0x0D,0x36,0x6A,0x6C,0x2C,0xF1,0x5F,0x06,0x2C,0xD5,0x4E,0x7D,0x91,0xF1,0xD4, /*    976: ..6jl,._.,.N}... */
0xFE,0x5B,0x31,0x2C,0x0E,0x02,0x7D,0x70,0xC4,0x4E,0x1C,0x21,0x12,0x30,0x0B,0xB8, /*    992: .[1,..}p.N.!.0.. */
0x43,0x4C,0x16,0x7C,0x7F,0x9B,0x09,0xC7,0x32,0xA3,0xFF,0xFF,0x04,0x00,0x00,0x00, /*   1008: CL.|....2....... */
0x40,0x00,0x00,0x00,0x10,0x08,0x00,0x00,0x49,0x09,0x00,0x00,0x9C,0x06,0x00,0x00, /*   1024: @.......I....... */
0xED,0x0A,0x00,0x00,0x8D,0x0A,0x00,0x00,0xE8,0x06,0x00,0x00,0x3D,0x06,0x00,0x00, /*   1040: ............=... */
0x5B,0x08,0x00,0x00,0x7C,0x00,0x00,0x00,0x09,0x0E,0x00,0x00,0x00,0x00,0x00,0x00, /*   1056: [...|........... */
0xE3,0x12,0x00,0x00,0x9D,0x08,0x00,0x00,0x5D,0xFB,0xFF,0xFF,0x8F,0x0A,0x00,0x00, /*   1072: ........]....... */
0xAA,0x08,0x00,0x00,0x7E,0xA3,0xFF,0xFF,0x04,0x00,0x00,0x00,0x00,0x06,0x00,0x00, /*   1088: ....~........... */
0x2E,0x33,0x0C,0x46,0xF3,0x19,0x07,0xEE,0xFD,0xDE,0x02,0x7E,0x17,0xF8,0x0C,0xCE, /*   1104: .3.F.......~.... */
0x10,0xD8,0x10,0x5A,0x0D,0xFB,0xD8,0x3F,0x50,0x4A,0xDA,0x7F,0xE8,0x05,0x55,0x13, /*   1120: ...Z...?PJ....U. */
0x1B,0x4E,0x2E,0x16,0x4C,0xF3,0x2F,0x04,0x49,0x1D,0x03,0x4F,0x09,0x37,0x46,0x05, /*   1136: .N..L./.I..O.7F. */
0xE2,0xCB,0x33,0x02,0x4E,0x2D,0x1A,0x09,0x0C,0x46,0x48,0x39,0x05,0x30,0x4D,0xDB, /*   1152: ..3.N-...FH9.0M. */
0x3B,0xD5,0xD9,0x1C,0x3D,0xFB,0x30,0x13,0xDD,0x00,0xD3,0x35,0x0F,0x58,0x3A,0x1D, /*   1168: ;...=.0....5.X:. */
0x4C,0x46,0x2F,0x55,0xFD,0xD0,0x43,0x52,0xBD,0x0E,0x13,0x7F,0xF5,0xD8,0x48,0x0E, /*   1184: LF/U..CR......H. */
0x25,0x64,0xC4,0x18,0xE5,0x15,0xE9,0xBF,0xC7,0x57,0x16,0x63,0x59,0x43,0x00,0x2C, /*   1200: %d.......W.cYC., */
0xC2,0xD0,0x26,0x00,0x58,0x15,0x2F,0x2F,0xD9,0x5C,0xCA,0x7F,0x58,0xDB,0xEC,0xD5, /*   1216: ..&.X.//....X... */
0xF6,0xE2,0x10,0x5F,0x25,0x3B,0x3E,0xD7,0xC1,0x41,0x2F,0x73,0x45,0xB9,0xDF,0x59, /*   1232: ..._%;>..A/sE..Y */
0xFD,0xD9,0xD3,0x13,0xFA,0xE8,0x06,0x28,0xD4,0x29,0x05,0x45,0x17,0x2E,0x2F,0xDB, /*   1248: .......(.).E../. */
0x32,0x30,0xDE,0x0B,0xFB,0xF2,0xED,0xDA,0xCD,0x15,0xC8,0x53,0x07,0xE0,0x31,0x43, /*   1264: 20.........S..1C */
0x34,0x48,0x2C,0x7F,0x4A,0xD6,0xE8,0xD3,0x26,0x18,0x0E,0x3E,0x36,0xF0,0x21,0xEC, /*   1280: 4H,.J...&..>6.!. */
0x32,0x31,0xCD,0x18,0xFC,0x1D,0xD0,0xF3,0xFD,0x1D,0xE1,0x7F,0x0B,0x2D,0x1B,0xD8, /*   1296: 21...........-.. */
0x2C,0xF9,0xEB,0x05,0xF6,0x0F,0xDF,0x13,0xDC,0xDF,0xE1,0x3A,0x48,0xDE,0x3E,0x25, /*   1312: ,..........:H.>% */
0x30,0x27,0x1A,0x5B,0xE5,0xF4,0x12,0xCE,0x1F,0xF4,0xCA,0x67,0x3E,0xF6,0xDB,0xDB, /*   1328: 0'.[.......g>... */
0xFE,0xF4,0x26,0x3E,0x4C,0x54,0xCA,0x15,0xDA,0x15,0xB6,0x7F,0x63,0x0E,0x1B,0x3B, /*   1344: ..&>LT......c..; */
0xED,0x5D,0xBB,0x16,0x2A,0x46,0x51,0x22,0x05,0x3D,0xCC,0x0B,0xD9,0x1A,0x37,0x39, /*   1360: .]...FQ".=....79 */
0x2B,0xCE,0x54,0x29,0x30,0x44,0x44,0xC2,0xF0,0xCF,0x40,0x0A,0x12,0xE9,0x3E,0xD1, /*   1376: +.T)0DD...@...>. */
0xC8,0x42,0x5B,0x7F,0xEA,0x45,0xCF,0xBF,0x4C,0x3C,0xE9,0x6B,0xCA,0x03,0x0F,0x55, /*   1392: .B[..E..L<.k...U */
0xC4,0x5C,0x06,0x4A,0x60,0x4D,0x2F,0x0B,0xCE,0xC1,0xF7,0x50,0x2F,0x0C,0xEE,0x1E, /*   1408: ...J`M/....P/... */
0xCF,0xC7,0x00,0x3D,0x5D,0x0E,0xC0,0xBA,0xB2,0x63,0xCF,0x43,0xFA,0x1C,0x3B,0x23, /*   1424: ...=]....c.C..;. */
0xDA,0x47,0xCF,0x5B,0x33,0xC9,0xDC,0x1E,0x42,0x36,0x12,0x34,0xEB,0xD1,0xCC,0x02, /*   1440: .G.[3...B6.4.... */
0x08,0x3D,0xD5,0x41,0x42,0xD2,0x3A,0xE2,0xEB,0x13,0x0A,0x42,0xFC,0x31,0x58,0x45, /*   1456: .=.AB.:....B.1XE */
0x24,0x08,0xD1,0x07,0xC6,0x3D,0xDF,0xCE,0x13,0x38,0xCC,0x7F,0x24,0xE8,0x24,0xF0, /*   1472: $....=...8..$.$. */
0x81,0x25,0xDE,0xBC,0x0F,0xCB,0xF6,0x97,0xB9,0x05,0x66,0x13,0xF9,0x35,0x03,0x1B, /*   1488: .%........f..5.. */
0xD6,0xF3,0x63,0x1A,0x4D,0x5D,0x1B,0x90,0xEA,0xA2,0x0F,0x4D,0xD0,0x31,0x70,0x39, /*   1504: ..c.M].....M.1p9 */
0xCB,0x62,0xCD,0x34,0xD7,0xD1,0x63,0xBD,0xB2,0x00,0x0F,0xC7,0xAD,0x67,0x93,0x1E, /*   1520: .b.4..c......g.. */
0xDB,0x03,0xA2,0x8C,0xA5,0xA6,0xA2,0xA9,0x8E,0x14,0xF6,0xE7,0x8A,0xFC,0x89,0x41, /*   1536: ...............A */
0x1F,0x6F,0x30,0x0B,0x4E,0x31,0xA3,0x1C,0xAE,0xBC,0xB3,0x1F,0x01,0x01,0x81,0x8A, /*   1552: .o0.N1.......... */
0x08,0xE9,0x07,0x4E,0x08,0x9A,0xC5,0xF2,0xC6,0x63,0xE4,0x0E,0x18,0xB6,0x87,0x37, /*   1568: ...N.....c.....7 */
0x32,0xDF,0xFA,0x41,0xFE,0xFB,0xDF,0xFE,0xDC,0x67,0xCB,0x43,0x2A,0xFB,0x2D,0x21, /*   1584: 2..A.....g.C..-! */
0xD4,0x1F,0x3D,0x2A,0x01,0xCE,0xFD,0xEE,0xFD,0x5E,0x39,0x44,0x18,0xED,0x14,0x17, /*   1600: ..=......^9D.... */
0x10,0xE1,0xF7,0x7F,0xF6,0x0A,0xF3,0x0B,0xEA,0x18,0x37,0x4B,0x48,0xD8,0xF2,0x09, /*   1616: ..........7KH... */
0xF1,0x1B,0xF0,0x60,0xE6,0xD8,0xFC,0x0C,0xF3,0xD7,0xF0,0x74,0xEF,0x23,0xD8,0x05, /*   1632: ...`.......t.... */
0xD1,0x0B,0x18,0x5F,0x01,0x12,0x1C,0x3D,0x22,0x3B,0xF7,0x47,0x36,0xD9,0x20,0x30, /*   1648: ..._...=";.G6. 0 */
0xE5,0x18,0x23,0x04,0x0B,0xDC,0xC5,0x34,0xED,0x26,0x07,0x7F,0xFF,0xC4,0xD2,0xFF, /*   1664: .......4.&...... */
0x41,0xF1,0x3F,0x7F,0xFE,0x17,0xE0,0xEF,0x17,0x64,0x17,0x61,0x34,0x19,0xF1,0xC8, /*   1680: A.?......d.a4... */
0x0D,0x64,0xD0,0x11,0xBE,0x36,0xB6,0xF7,0x24,0x2A,0xEE,0x1A,0x1E,0x2D,0x4C,0x36, /*   1696: .d...6..$....-L6 */
0xC6,0x1A,0x53,0xF5,0xA6,0x47,0x44,0xAA,0xEF,0xE5,0xA9,0x75,0x3C,0x33,0xB5,0x15, /*   1712: ..S..GD....u<3.. */
0x2D,0x13,0x4B,0x18,0x64,0x04,0xE9,0xC2,0xFD,0x73,0x2C,0x65,0xD5,0x45,0x04,0x1B, /*   1728: -.K.d....s,e.E.. */
0x02,0x1C,0xF7,0x45,0xC3,0x19,0x36,0x48,0x02,0x45,0xAE,0x7F,0xD0,0x2E,0x20,0xB2, /*   1744: ...E..6H.E.... . */
0x12,0x16,0x24,0x6A,0xFB,0x46,0xE8,0x47,0x48,0x58,0x4D,0x68,0x28,0x14,0x2D,0x5F, /*   1760: ..$j.F.GHXMh(.-_ */
0xD3,0x81,0xB1,0x00,0xCC,0xB5,0xA9,0x07,0x05,0xB1,0x65,0xBB,0x0A,0xB7,0x16,0xAD, /*   1776: ..........e..... */
0xF3,0x39,0x3C,0x1F,0x29,0xF1,0x04,0xC8,0x96,0xC0,0x6F,0xC0,0x6D,0x34,0x2E,0xED, /*   1792: .9<.).....o.m4.. */
0xDC,0xAD,0xFD,0x0B,0xE3,0x9E,0x43,0x2D,0x3F,0x17,0x5F,0x05,0xB6,0x95,0xAA,0x1C, /*   1808: ......C-?._..... */
0xFE,0x4A,0xCD,0x16,0x03,0x08,0x42,0x04,0xD2,0x1D,0x3C,0x50,0xE4,0xDA,0x57,0xE9, /*   1824: .J....B...<P..W. */
0xD5,0xF3,0x2E,0x6A,0xD9,0x04,0x3C,0x45,0x0B,0x4F,0x08,0x06,0xF3,0xCD,0x15,0x38, /*   1840: ...j..<E.O.....8 */
0x4B,0x30,0x01,0x2D,0xC4,0xF8,0x0B,0xFC,0xCB,0x14,0xF5,0x7F,0xEC,0x30,0x56,0x39, /*   1856: K0.-.........0V9 */
0xEE,0xC0,0xDA,0x66,0xCE,0x34,0x15,0xE2,0x5A,0x05,0x53,0x39,0x20,0xCC,0x54,0xDA, /*   1872: ...f.4..Z.S9 .T. */
0xBB,0x35,0xEE,0x0A,0xC7,0x64,0x27,0x61,0x13,0xF5,0x02,0x76,0xD0,0xCD,0x1A,0x14, /*   1888: .5...d'a...v.... */
0x6A,0x0A,0xD7,0x7F,0x40,0x54,0xFA,0x1E,0xE5,0xB9,0xCA,0x7A,0xCD,0xC3,0x07,0xB2, /*   1904: j...@T.....z.... */
0x38,0x53,0xF6,0x7F,0x14,0x2A,0xF7,0xDD,0xDA,0x12,0xF9,0x5C,0x5B,0x00,0x2B,0x1F, /*   1920: 8S..........[.+. */
0x4D,0x1D,0x1B,0x00,0xE0,0x10,0x3B,0xDE,0xFE,0x05,0x0A,0x49,0x38,0xCF,0x1A,0xD2, /*   1936: M.....;....I8... */
0xCC,0x15,0x0A,0x0C,0x3B,0x32,0x0D,0x12,0x26,0xF3,0x3E,0x6D,0x1A,0x0D,0x1E,0xCF, /*   1952: ....;2..&.>m.... */
0x00,0x16,0xB1,0x30,0xDB,0x3A,0xF4,0xE4,0xCC,0xB3,0x2F,0x45,0x9C,0x81,0xBE,0xF0, /*   1968: ...0.:..../E.... */
0x46,0x91,0x4E,0xDE,0x91,0x92,0x1B,0x1C,0xD7,0x37,0xE3,0xB6,0xB9,0xEE,0xED,0x44, /*   1984: F.N......7.....D */
0xE5,0x93,0x38,0x4B,0x69,0xFE,0xED,0xAA,0x0F,0x58,0x93,0x09,0xB1,0xF8,0xBE,0xA3, /*   2000: ..8Ki....X...... */
0x47,0xE1,0xD8,0x20,0xE1,0x2B,0x1A,0x10,0x05,0xF4,0xDE,0x7F,0x31,0x42,0x42,0xCA, /*   2016: G.. .+......1BB. */
0xFC,0x14,0x3B,0x67,0xCD,0x0C,0xBD,0xCD,0xFA,0x51,0xD7,0x49,0xF6,0xF6,0xEA,0x14, /*   2032: ..;g.....Q.I.... */
0x3C,0x15,0xDB,0xF8,0x3C,0x3A,0xF5,0x30,0x16,0xE9,0xBB,0x08,0xF9,0xF4,0x31,0xD1, /*   2048: <...<:.0......1. */
0xF0,0x17,0xF5,0x7F,0x46,0x09,0x4B,0x0E,0xE2,0x26,0x45,0x55,0xF5,0x21,0xF8,0x33, /*   2064: ....F.K..&EU.!.3 */
0x22,0x11,0xDB,0x2F,0x43,0xC5,0xEE,0xCF,0x4D,0xE7,0xD1,0x76,0xDC,0xFA,0x25,0x45, /*   2080: "../C...M..v..%E */
0x2D,0x0F,0x2D,0x43,0xCB,0x20,0xD7,0xC5,0xD5,0x22,0x3A,0x2B,0x1D,0xD5,0x0C,0x45, /*   2096: -.-C. ...":+...E */
0xF1,0x42,0x31,0x4B,0x24,0x00,0xE4,0x17,0xFC,0xCA,0xD8,0x27,0x53,0x1C,0xE6,0xF9, /*   2112: .B1K$......'S... */
0xE5,0xFA,0x0F,0x10,0x31,0x4F,0xFC,0x4D,0xFD,0xE3,0x07,0xF7,0xDD,0x1A,0x03,0x1F, /*   2128: ....1O.M........ */
0xF9,0x20,0x4E,0x4F,0xE8,0x1F,0x4B,0x46,0xD8,0x03,0x1D,0x7F,0x0E,0x2F,0x1B,0x2C, /*   2144: . NO..KF...../., */
0xBF,0x48,0xD8,0xFA,0x38,0x52,0xFF,0xD6,0xCF,0x17,0x4C,0x6B,0x3D,0x38,0xD8,0x43, /*   2160: .H..8R....Lk=8.C */
0x28,0xDD,0x55,0x4F,0x52,0xCC,0xF0,0x4F,0x4A,0x0C,0x06,0x7F,0x10,0x0E,0x44,0xCD, /*   2176: (.UOR..OJ.....D. */
0xBE,0x5F,0xC4,0xED,0x07,0xD0,0xCF,0x48,0xE9,0xFD,0xEF,0x43,0x19,0xC9,0x12,0x0D, /*   2192: ._.....H...C.... */
0x72,0x21,0x0E,0x69,0x79,0x35,0xA8,0xF9,0xA7,0xE1,0x42,0x7A,0x38,0x31,0xE2,0xB0, /*   2208: r!.iy5....Bz81.. */
0x1D,0x79,0x05,0x67,0x16,0xF6,0x44,0xBA,0xDC,0xF8,0x48,0x32,0xB6,0x63,0xB5,0xB4, /*   2224: .y.g..D...H2.c.. */
0x50,0xCF,0xE1,0xEA,0x21,0x0C,0xAA,0x19,0xAA,0xE4,0xEA,0x2B,0x0E,0x17,0x7F,0xAA, /*   2240: P...!......+.... */
0x5D,0x18,0xFA,0x4E,0x13,0x0B,0x50,0x23,0xBC,0xCE,0xE4,0x75,0x2F,0x43,0x28,0xD9, /*   2256: ]..N..P....u/C(. */
0xEB,0xC8,0x4E,0x50,0x59,0xF6,0x06,0x1B,0xFD,0x45,0x4A,0x7F,0x06,0xC2,0x23,0x51, /*   2272: ..NPY....EJ....Q */
0x3D,0xD1,0xF1,0xEB,0x06,0x4B,0xDB,0x45,0xE4,0x39,0xEC,0x59,0xD7,0xD1,0xCB,0x2F, /*   2288: =....K.E.9.Y.../ */
0x22,0x30,0xF6,0x7F,0xE5,0xD8,0xDD,0x2E,0x1E,0xF0,0xFF,0x5B,0x35,0xF8,0x0D,0x1B, /*   2304: "0.........[5... */
0x05,0xE0,0xC9,0x58,0x00,0x37,0xDF,0x1C,0xFE,0x22,0x0F,0x7C,0x46,0x37,0x02,0x35, /*   2320: ...X.7...".|F7.5 */
0xDC,0x14,0xED,0x42,0x31,0xF0,0xDE,0xF9,0xE8,0x3B,0x0C,0x7C,0xFE,0xEE,0xD9,0xF5, /*   2336: ...B1....;.|.... */
0xEB,0xB5,0x24,0x61,0xFE,0x1D,0x2F,0x56,0x56,0xBA,0xD4,0x2F,0x16,0xCB,0x50,0xD9, /*   2352: ..$a../VV../..P. */
0x3D,0xFF,0xBD,0x41,0xD5,0x2E,0xF9,0xB8,0x00,0xCB,0x1F,0x1B,0x42,0x2A,0xCA,0x3D, /*   2368: =..A........B..= */
0xDF,0x65,0x1C,0xEB,0x1D,0x54,0xF6,0x25,0x15,0xF1,0x30,0x7F,0x03,0xD9,0xC8,0xD2, /*   2384: .e...T.%..0..... */
0x0F,0x42,0xDC,0x17,0x56,0x2B,0x13,0x57,0xE8,0x00,0xEE,0x61,0xF8,0xCF,0x45,0x02, /*   2400: .B..V+.W...a..E. */
0xF0,0x2D,0xFA,0x2E,0xE1,0xBE,0xC5,0x22,0xF1,0xD0,0x35,0x10,0x0B,0x30,0x4D,0x5B, /*   2416: .-....."..5..0M[ */
0x5C,0x46,0x15,0x0B,0xBC,0x3C,0x3E,0x31,0x46,0xD1,0xE7,0x7F,0x6B,0x00,0x00,0x4A, /*   2432: .F...<>1F...k..J */
0xEF,0x55,0x53,0x47,0xFE,0x1B,0x48,0x00,0xE7,0xD0,0xEE,0x11,0xDB,0xE1,0x3A,0xFB, /*   2448: .USG..H.......:. */
0xE5,0xCD,0xE5,0x38,0x39,0x3F,0xE5,0xC9,0x27,0x01,0xD6,0x6F,0x4D,0x54,0x03,0x49, /*   2464: ...89?..'..oMT.I */
0x47,0x59,0x37,0x19,0x15,0xE1,0x0E,0x26,0xEE,0x11,0xC1,0x7F,0x61,0x17,0x59,0xF2, /*   2480: GY7....&....a.Y. */
0x3A,0x21,0xE0,0x55,0x53,0xE2,0xFB,0x08,0x44,0x21,0xE2,0x7F,0x17,0xD6,0xCF,0x48, /*   2496: :!.US...D!.....H */
0xD1,0x54,0xF0,0x03,0x28,0xCE,0x33,0x32,0x25,0xFA,0xBF,0x2C,0x05,0xF4,0x40,0x43, /*   2512: .T..(.32%..,..@C */
0x03,0x22,0x4D,0x56,0x20,0xC6,0xEB,0x27,0x33,0x09,0xE2,0x0F,0xF0,0x4D,0xEA,0x50, /*   2528: ."MV ..'3....M.P */
0xB6,0x1C,0x1D,0x7F,0x29,0xB6,0xC1,0x37,0xE2,0x52,0x2A,0x01,0xFF,0xF8,0xF3,0x08, /*   2544: ....)..7.R...... */
0x4C,0x67,0x0A,0x29,0x20,0xF5,0x06,0x47,0x55,0x2A,0xDE,0x5D,0x72,0xD8,0xBD,0x57, /*   2560: Lg.) ..GU..]r..W */
0x47,0x69,0x46,0x6E,0xEF,0x01,0x45,0xD8,0xEF,0x70,0x3C,0x7A,0xDE,0xCD,0x36,0xC2, /*   2576: GiFn..E..p<z..6. */
0x97,0x7F,0x44,0x09,0xCA,0x0A,0x33,0x57,0xF6,0xCC,0xE0,0x6B,0x4D,0xB3,0x1A,0xF0, /*   2592: ..D...3W...kM... */
0x58,0x61,0xD3,0x38,0xBD,0x0C,0x4C,0xB9,0xE6,0xCC,0x12,0x6E,0xFD,0x28,0x10,0x75, /*   2608: Xa.8..L....n.(.u */
0x63,0x48,0x3B,0x37,0xDC,0xCE,0x02,0xFC,0x49,0xAA,0xDE,0x4F,0x30,0xB1,0x73,0xE6, /*   2624: cH;7....I..O0.s. */
0x8A,0xA9,0xFF,0xFF,0x04,0x00,0x00,0x00,0x80,0x00,0x00,0x00,0x1B,0x08,0x00,0x00, /*   2640: ................ */
0x6A,0x08,0x00,0x00,0x28,0x0A,0x00,0x00,0xDC,0x08,0x00,0x00,0x81,0x08,0x00,0x00, /*   2656: j...(........... */
0x20,0x08,0x00,0x00,0x12,0x0A,0x00,0x00,0x78,0x09,0x00,0x00,0xAD,0xFC,0xFF,0xFF, /*   2672:  .......x....... */
0xF1,0xFD,0xFF,0xFF,0x5D,0x09,0x00,0x00,0xF4,0x08,0x00,0x00,0x38,0x08,0x00,0x00, /*   2688: ....].......8... */
0x7D,0x0A,0x00,0x00,0x4F,0xFE,0xFF,0xFF,0x34,0x08,0x00,0x00,0xA6,0x09,0x00,0x00, /*   2704: }...O...4....... */
0xF1,0x07,0x00,0x00,0x35,0xFD,0xFF,0xFF,0xE5,0x05,0x00,0x00,0x18,0x08,0x00,0x00, /*   2720: ....5........... */
0xCD,0x07,0x00,0x00,0x2F,0x09,0x00,0x00,0xB3,0x0B,0x00,0x00,0xFF,0x08,0x00,0x00, /*   2736: ..../........... */
0x36,0x08,0x00,0x00,0x7A,0x08,0x00,0x00,0x61,0x09,0x00,0x00,0x1D,0x08,0x00,0x00, /*   2752: 6...z...a....... */
0x84,0x08,0x00,0x00,0x03,0x0A,0x00,0x00,0x1D,0x0A,0x00,0x00,0x16,0xAA,0xFF,0xFF, /*   2768: ................ */
0x04,0x00,0x00,0x00,0x00,0x18,0x00,0x00,0xFC,0x49,0x0A,0xE5,0x25,0xDF,0x62,0x1A, /*   2784: .........I..%.b. */
0x62,0x14,0x68,0xEC,0xE4,0xF6,0x1E,0xCB,0xE2,0x6E,0x2A,0xEB,0xD5,0xFF,0x22,0xED, /*   2800: b.h......n....". */
0x24,0x2E,0x45,0x51,0x7D,0x51,0x1E,0x24,0x49,0x35,0x4C,0x4E,0x33,0xD7,0x67,0x6E, /*   2816: $.EQ}Q.$I5LN3.gn */
0x25,0x28,0x10,0x68,0x19,0x57,0xF9,0x48,0xBB,0x4B,0xD2,0x44,0x72,0x32,0x6F,0x4B, /*   2832: %(.h.W.H.K.Dr2oK */
0x78,0x73,0x43,0x36,0x49,0x6B,0x28,0x75,0x4D,0xC7,0x75,0x1D,0x67,0xED,0x00,0x57, /*   2848: xsC6Ik(uM.u.g..W */
0xB1,0xFC,0x46,0x78,0xDD,0x6D,0x41,0x5A,0x04,0xDB,0xF4,0xD2,0x7F,0xC1,0x0C,0x0A, /*   2864: ..Fx.mAZ........ */
0x08,0xF2,0xD4,0xEB,0x0E,0x62,0xD0,0xE3,0xD3,0x28,0x32,0xD2,0x2D,0xD9,0xDC,0x56, /*   2880: .....b...(2.-..V */
0xAE,0x0D,0xF4,0x21,0xD3,0xD9,0x5C,0x56,0x36,0xE7,0xA9,0x36,0xD1,0xD4,0xC0,0x6C, /*   2896: ...!...V6..6...l */
0xFB,0x36,0x69,0xFE,0xE3,0x0F,0x47,0x3A,0x55,0x6E,0x4D,0x08,0x1D,0x5B,0xFB,0x1F, /*   2912: .6i...G:UnM..[.. */
0xDC,0x61,0x7F,0x46,0x65,0xBD,0x09,0x0E,0x07,0xC5,0x59,0x57,0x60,0x24,0x05,0xB8, /*   2928: .a.Fe.....YW`$.. */
0x68,0xE8,0xBC,0x4A,0x3C,0x03,0xFE,0xC9,0xD1,0xDE,0x0C,0x4A,0x57,0x12,0x5D,0x41, /*   2944: h..J<......JW.]A */
0xBC,0xBB,0x6C,0x0B,0x57,0x11,0x21,0x15,0x71,0x75,0x10,0xF9,0x75,0x7A,0xFE,0x37, /*   2960: ..l.W.!.qu..uz.7 */
0x6A,0xD9,0x27,0x4C,0xDF,0x6B,0xED,0x07,0xE4,0x55,0xD3,0xFF,0x26,0xF1,0xFE,0x69, /*   2976: j.'L.k...U..&..i */
0xC2,0xF3,0x7F,0x66,0x18,0xFA,0x35,0x26,0xDA,0x5F,0xE9,0x17,0xD0,0x5C,0x09,0x52, /*   2992: ...f..5&._.....R */
0x45,0x1D,0x40,0xF7,0xFA,0x0A,0xF4,0x41,0x1F,0xEC,0x21,0x21,0x3B,0x29,0x62,0x14, /*   3008: E.@....A..!!;)b. */
0x00,0x18,0x07,0x06,0x0A,0x20,0x0F,0xF4,0x1A,0xE2,0xED,0xE1,0x22,0x28,0xF3,0x44, /*   3024: ..... ......"(.D */
0x57,0x05,0xE7,0x10,0x10,0x22,0xF2,0x10,0xD3,0x37,0x13,0x43,0x34,0x2F,0xD3,0x4C, /*   3040: W...."...7.C4/.L */
0xE7,0xEE,0xF7,0x6A,0x27,0x4C,0xD5,0x5B,0x54,0x61,0xFD,0x15,0x5E,0xE5,0xFA,0x1A, /*   3056: ...j'L.[Ta..^... */
0x26,0x36,0x27,0x20,0x53,0x39,0x0B,0xDF,0x0F,0x2B,0x16,0xD5,0x2E,0xA0,0x00,0x52, /*   3072: &6' S9...+.....R */
0xB0,0x06,0x0F,0xCF,0xE3,0x6D,0xA0,0x86,0x1E,0x6F,0x45,0x26,0xC1,0xCA,0x0F,0x3A, /*   3088: .....m...oE&...: */
0x01,0x18,0x88,0xB4,0xFB,0x5E,0xFC,0x9E,0xC7,0xDA,0xB4,0x10,0xAF,0x18,0x17,0xEF, /*   3104: .....^.......... */
0xC4,0xDB,0xC6,0xB8,0xD9,0xF7,0x5A,0x8E,0x6A,0x61,0x32,0x2C,0x09,0x07,0xC1,0x4D, /*   3120: ......Z.ja2,...M */
0x22,0xF9,0x29,0xB8,0x0F,0x17,0x4E,0x81,0x10,0x1D,0x05,0xF0,0x9E,0xAA,0x5B,0xAE, /*   3136: ".)...N.......[. */
0xD8,0x3C,0x89,0x98,0x0C,0xF6,0x6D,0x8B,0x0D,0xAC,0x14,0xBE,0x13,0xB2,0xDE,0x98, /*   3152: .<....m......... */
0xC8,0x42,0x5E,0x19,0xAA,0x1A,0xD7,0x33,0xC2,0xE3,0xF0,0xE7,0x09,0x59,0xBB,0xF7, /*   3168: .B^....3.....Y.. */
0x4F,0xA8,0x12,0x55,0x38,0xEA,0xA9,0x41,0xA9,0xA8,0x4A,0xD0,0x2B,0x3C,0xC1,0xB1, /*   3184: O..U8..A..J.+<.. */
0x58,0x1B,0xA1,0xDA,0x02,0x4A,0x3C,0xB6,0xBD,0xCC,0xB4,0x0A,0x0D,0x54,0x1C,0x4B, /*   3200: X....J<......T.K */
0xAC,0xF6,0xF0,0x43,0x44,0x41,0xF9,0x4F,0xD1,0x17,0x64,0x06,0xC6,0x53,0x3A,0xFE, /*   3216: ...CDA.O..d..S:. */
0x23,0x52,0xB5,0xB9,0xF3,0x00,0x5E,0x5B,0x09,0xAA,0xD0,0x57,0x77,0x21,0xBA,0xF4, /*   3232: .R....^[...Ww!.. */
0xB7,0xD9,0x7F,0x75,0xEC,0xC5,0xB4,0x24,0x38,0x01,0x59,0xC4,0xF6,0x2E,0x20,0x2A, /*   3248: ...u...$8.Y... . */
0xB8,0xE3,0x54,0x45,0x4D,0xCA,0x41,0x33,0x53,0xD6,0x08,0x27,0xF1,0x56,0x6C,0x17, /*   3264: ..TEM.A3S..'.Vl. */
0xCB,0x1B,0x45,0xDA,0xD6,0xCE,0x47,0x2E,0x55,0xDC,0xEC,0xF6,0x56,0xF1,0xEF,0xBF, /*   3280: ..E...G.U...V... */
0x6A,0x70,0x1B,0x40,0xEF,0xE4,0xE9,0x00,0x66,0x2D,0x02,0x5B,0xD4,0x45,0x0C,0x35, /*   3296: jp.@....f-.[.E.5 */
0xCC,0xB5,0x41,0x2B,0x1D,0x19,0x37,0x58,0x31,0x50,0xB9,0xD3,0x0B,0xDE,0x2E,0x5A, /*   3312: ..A+..7X1P.....Z */
0x64,0x7F,0x08,0x0C,0x6C,0xDE,0x10,0x05,0xCE,0x4F,0xED,0x0A,0xE9,0xD2,0xC5,0x6E, /*   3328: d...l....O.....n */
0x2A,0x4C,0x5A,0x07,0xF1,0x62,0xDA,0x08,0xC5,0x57,0x11,0x55,0x1F,0xEB,0xE6,0xCD, /*   3344: .LZ..b...W.U.... */
0x4A,0x7C,0x2A,0xCC,0x1B,0xFB,0xCF,0xCF,0x3E,0x01,0xD4,0xEE,0xEC,0x2C,0xD7,0x55, /*   3360: J|......>....,.U */
0xD9,0xED,0xF7,0x7A,0x25,0x00,0x51,0xE5,0x1D,0x24,0x2D,0x6D,0x12,0xF0,0x12,0x61, /*   3376: ...z%.Q..$-m...a */
0x57,0x65,0x30,0x54,0x2E,0x10,0xF3,0x2F,0xF6,0x0A,0xDB,0xFC,0x31,0x32,0x5E,0x7F, /*   3392: We0T.../....12^. */
0xCB,0xFD,0x39,0x27,0xF9,0x61,0x12,0xF6,0x35,0x15,0xFB,0x11,0x2D,0x0A,0x24,0x29, /*   3408: ..9'.a..5...-.$) */
0xF3,0x15,0x5A,0x19,0x36,0x56,0x2E,0xCE,0x21,0x0B,0x5E,0x58,0x14,0xE1,0x68,0xF9, /*   3424: ..Z.6V..!.^X..h. */
0x34,0x35,0x72,0x67,0xFE,0xCB,0xCF,0x5C,0x68,0xE7,0xC0,0x62,0xF5,0xEB,0x39,0x37, /*   3440: 45rg....h..b..97 */
0x5B,0xFA,0x50,0x5B,0xDD,0xDD,0x65,0x06,0x1A,0x17,0x32,0xD8,0xD3,0xF6,0x42,0x43, /*   3456: [.P[..e...2...BC */
0xCA,0x2B,0x7F,0xF8,0x1A,0x54,0x3A,0xFC,0xD1,0xE3,0xD6,0x24,0xD2,0x1C,0xFD,0x0E, /*   3472: .+...T:....$.... */
0x3D,0x6E,0x55,0x1D,0x20,0x50,0x31,0xC5,0x47,0xEF,0xF4,0x65,0xFC,0xE3,0x11,0x15, /*   3488: =nU. P1.G..e.... */
0xC4,0x32,0x25,0x48,0x56,0xE9,0xDD,0x0A,0xFF,0xF0,0x1F,0x00,0x24,0x1E,0x23,0xE7, /*   3504: .2%HV.......$... */
0x06,0x4F,0xE0,0xFA,0xFD,0x42,0x08,0x27,0x04,0x45,0x0E,0xFF,0x05,0x16,0x0C,0x40, /*   3520: .O...B.'.E.....@ */
0xEB,0xE8,0x2E,0x37,0x1A,0xDF,0x39,0x4E,0x06,0xDD,0xC0,0x2E,0xE3,0x18,0xE6,0xEE, /*   3536: ...7..9N........ */
0x3B,0x0A,0xCC,0x36,0x15,0xE5,0x0A,0xF9,0xE7,0xF4,0x6C,0xEA,0x3B,0x18,0x3C,0x39, /*   3552: ;..6......l.;.<9 */
0x1C,0x30,0x03,0x1A,0x54,0x4C,0xB2,0x37,0xB8,0x10,0xFD,0x40,0xFF,0x2B,0x01,0xCF, /*   3568: .0..TL.7...@.+.. */
0xBD,0x76,0x59,0x19,0x18,0x4B,0x67,0x33,0x23,0xE0,0x70,0x4C,0x6A,0x48,0xC0,0x5F, /*   3584: .vY..Kg3..pLjH._ */
0x47,0x29,0x48,0x0D,0x65,0x71,0xB3,0xE7,0x58,0x27,0x4C,0x56,0xED,0xEC,0x27,0xD9, /*   3600: G)H.eq..X'LV..'. */
0x05,0x22,0x50,0x53,0x13,0x6A,0x4F,0xD4,0xC8,0x62,0x00,0xD4,0xFE,0x6A,0x17,0x5C, /*   3616: ."PS.jO..b...j.. */
0xB2,0x33,0x7F,0xFA,0x2B,0xD2,0x3F,0x60,0x46,0xF9,0x66,0x20,0xF4,0xE7,0x2A,0x53, /*   3632: .3..+.?`F.f ...S */
0x62,0xFD,0x6D,0xD1,0xF4,0xFF,0xBB,0x35,0x84,0x03,0x2D,0x3E,0xC9,0x31,0x01,0x56, /*   3648: b.m....5..->.1.V */
0xC2,0x4D,0x05,0xE4,0xBC,0x43,0x2D,0x37,0xA9,0x94,0x1A,0x92,0xED,0xEB,0x0B,0xC2, /*   3664: .M...C-7........ */
0x47,0x15,0x26,0xCA,0xF4,0x5A,0x37,0x04,0xB0,0x47,0xD6,0xC1,0x34,0xEC,0x20,0x31, /*   3680: G.&..Z7..G..4. 1 */
0xE6,0x42,0x3C,0xE0,0xFB,0x10,0xB8,0x1F,0x44,0xA6,0xD1,0x19,0x0E,0xE5,0xC4,0xDC, /*   3696: .B<.....D....... */
0xEF,0xAD,0x2D,0xBF,0x3E,0x98,0x4B,0x10,0xD8,0xA4,0x47,0x1D,0xCB,0x94,0x81,0xF8, /*   3712: ..-.>.K...G..... */
0x25,0x5A,0xB5,0xBE,0xB2,0xCB,0x49,0xBB,0x4A,0x82,0x53,0x3D,0x4E,0xD6,0xBE,0x88, /*   3728: %Z....I.J.S=N... */
0xF2,0xA5,0xC4,0x03,0x92,0xA6,0xF8,0xB9,0x64,0x5F,0xBE,0x4E,0xEF,0x39,0x41,0x3B, /*   3744: ........d_.N.9A; */
0xC7,0x4C,0x0D,0xCD,0x28,0x4B,0x3D,0x22,0x24,0x37,0xB4,0xAB,0xA9,0xC1,0xC9,0xE2, /*   3760: .L..(K="$7...... */
0xC6,0x7F,0x43,0x29,0xEC,0xE4,0x40,0x2D,0x59,0xCC,0x3D,0xD3,0xDB,0x18,0x30,0x4E, /*   3776: ..C)..@-Y.=...0N */
0xB5,0xEA,0x77,0x5F,0xE7,0xEA,0xAF,0xC7,0x2D,0x0F,0xEF,0x24,0xF6,0x2D,0xD1,0x2F, /*   3792: ..w_....-..$.-./ */
0xC0,0x40,0xE0,0xDB,0xF6,0xEE,0x68,0x5F,0xB1,0x37,0x59,0xD1,0x37,0x31,0xC9,0x63, /*   3808: .@....h_.7Y.71.c */
0x1B,0x58,0x59,0x6B,0xD0,0xE3,0x14,0x57,0x5B,0xDF,0xE6,0x5E,0xA7,0xCE,0xE7,0x3D, /*   3824: .XYk...W[..^...= */
0x0F,0xE1,0x06,0xB4,0xF4,0x43,0x39,0x39,0xA0,0x3C,0x96,0xF0,0x9D,0x10,0xF6,0xF7, /*   3840: .....C99.<...... */
0xF0,0xEC,0x79,0xAF,0xC9,0x4B,0x86,0x1B,0x6B,0x0B,0xC0,0xCD,0x11,0x87,0x81,0x9B, /*   3856: ..y..K..k....... */
0xC0,0xA3,0xED,0xEA,0x13,0x98,0x27,0x2B,0xA5,0xD7,0x8F,0x57,0xF6,0x3D,0xD0,0xA1, /*   3872: ......'+...W.=.. */
0x0E,0x60,0x0E,0xA8,0x69,0xE1,0x94,0xB2,0x9B,0xA0,0xE7,0xDC,0xDF,0x3E,0xC6,0xC8, /*   3888: .`..i........>.. */
0x25,0xEF,0x34,0x74,0x92,0x0B,0xDF,0x3A,0xB5,0xA4,0x01,0x45,0x1F,0x86,0xF7,0xE6, /*   3904: %.4t...:...E.... */
0x22,0xDF,0x5C,0x91,0x90,0x2F,0x26,0x05,0x40,0xDC,0x0D,0xC7,0x4B,0x0B,0x77,0x6A, /*   3920: "..../&.@...K.wj */
0x09,0xD9,0xF0,0xA6,0x4E,0x35,0x77,0x9B,0xCA,0xE9,0xE8,0x93,0xB7,0x3D,0xDA,0x13, /*   3936: ....N5w......=.. */
0x26,0xF4,0xBA,0x45,0xE8,0x3D,0x10,0x03,0xB8,0x5B,0x44,0xEC,0x81,0x92,0x0C,0xC7, /*   3952: &..E.=...[D..... */
0xE7,0x2F,0x5E,0xD6,0x2A,0xB9,0x36,0x3F,0xC0,0xAD,0xB1,0x18,0x1E,0x42,0xF6,0x9B, /*   3968: ./^...6?.....B.. */
0x29,0x98,0xBD,0x10,0xB9,0x8D,0xB5,0x65,0xA6,0x9A,0x57,0x2A,0xF3,0xC2,0x9A,0xFB, /*   3984: )......e..W..... */
0xB7,0xA2,0x45,0x89,0x4E,0x4B,0xE3,0x02,0xE1,0xAA,0xE7,0xBE,0x2C,0x25,0x0B,0x4C, /*   4000: ..E.NK......,%.L */
0x60,0x6F,0x37,0x20,0xA6,0xEB,0x6A,0x5A,0xD6,0xBE,0x38,0x8A,0xE1,0xF6,0x87,0x3D, /*   4016: `o7 ..jZ..8....= */
0x83,0x8C,0xAB,0xAC,0x95,0x16,0x16,0xE1,0x59,0x18,0x15,0x7F,0xF0,0x0C,0xD7,0x3A, /*   4032: ........Y......: */
0xF0,0x4C,0x2A,0x10,0xD6,0x65,0xBC,0x67,0x07,0x41,0x21,0x1D,0x25,0xDF,0x3F,0x73, /*   4048: .L...e.g.A!.%.?s */
0x67,0x47,0x5B,0xDB,0x42,0xCB,0xC0,0xED,0xC7,0x70,0xE4,0x5B,0x46,0xFA,0x07,0x47, /*   4064: gG[.B....p.[F..G */
0x53,0xB9,0x3C,0xDD,0x3B,0x4C,0x39,0x74,0x59,0xCA,0xFE,0xFF,0x76,0xDD,0x2C,0x0D, /*   4080: S.<.;L9tY...v.,. */
0x70,0xFF,0xBC,0xE7,0x2C,0x04,0x23,0x47,0x73,0x12,0x54,0x11,0xE1,0x57,0x30,0x0B, /*   4096: p...,..Gs.T..W0. */
0xE0,0xCB,0xF4,0x37,0x1F,0x63,0xAA,0xBD,0x45,0x1B,0x07,0xBC,0x01,0x58,0xEC,0x29, /*   4112: ...7.c..E....X.) */
0x73,0x69,0x43,0xCC,0x4E,0x5D,0x1C,0xD4,0x6D,0xC6,0xD0,0xE0,0x15,0xD2,0x5B,0x05, /*   4128: siC.N]..m.....[. */
0xE9,0xB2,0x58,0x41,0x60,0x12,0x38,0x37,0xF4,0xC0,0xC9,0x13,0x7A,0x11,0x3C,0x26, /*   4144: ..XA`.87....z.<& */
0xD4,0x7B,0x34,0x58,0x5A,0xF7,0x79,0xDA,0xED,0x69,0x6C,0xD9,0x49,0x6C,0xDD,0x4C, /*   4160: .{4XZ.y..il.Il.L */
0x46,0xA7,0x57,0xFC,0x0A,0x6A,0xBF,0xE3,0x5C,0x41,0xF8,0xD2,0x6E,0xFE,0x33,0xCA, /*   4176: F.W..j...A..n.3. */
0x17,0x4E,0xE8,0xC8,0x79,0xD6,0x4F,0xFE,0x7F,0x35,0x0A,0x23,0xF4,0x48,0x72,0x4C, /*   4192: .N..y.O..5...HrL */
0xEE,0xAF,0x3E,0x0F,0xE2,0x70,0x0B,0x73,0xFD,0xD7,0xF2,0xD9,0x6B,0x6E,0xF3,0xB9, /*   4208: ..>..p.s....kn.. */
0x75,0x6F,0x0F,0x6C,0x1C,0x6D,0xF5,0x1D,0x3E,0xFD,0x50,0x5B,0x62,0x3B,0x3E,0x3F, /*   4224: uo.l.m..>.P[b;>? */
0xF7,0xBB,0xEE,0x5A,0xE6,0xEF,0xEE,0xDB,0x52,0xF7,0x4E,0x39,0x1A,0xF4,0x2F,0x15, /*   4240: ...Z....R.N9../. */
0x03,0x3D,0xF6,0x28,0x4C,0x1F,0xC9,0x3D,0xE3,0x54,0xCD,0x06,0x51,0xD0,0xC6,0x1F, /*   4256: .=.(L..=.T..Q... */
0xB4,0xE5,0x61,0x5B,0x23,0x13,0xF7,0x21,0xCF,0x07,0xC7,0xDB,0x52,0x2A,0xEC,0x40, /*   4272: ..a[...!....R..@ */
0xE7,0x78,0x4A,0x2B,0x12,0xD3,0x1A,0xDD,0xE4,0x25,0x0C,0x05,0xFA,0x1D,0x16,0x35, /*   4288: .xJ+.....%.....5 */
0x1C,0x36,0x7F,0xE0,0xEF,0x14,0xD1,0xFB,0xC7,0x51,0x33,0x03,0x14,0xC6,0x1A,0x3C, /*   4304: .6.......Q3....< */
0x56,0xE2,0xE7,0x45,0x17,0xE8,0x0D,0xEC,0x34,0xE5,0x4F,0xFF,0x23,0xD5,0xDA,0x6C, /*   4320: V..E....4.O....l */
0x3C,0x4D,0x22,0x56,0x2A,0x32,0x21,0xDA,0x5D,0x5B,0xE8,0x71,0x45,0xDB,0xE7,0x36, /*   4336: <M"V.2!.][.qE..6 */
0x58,0x39,0x0A,0x2D,0xC5,0xC4,0x13,0x02,0xC0,0x38,0x72,0x73,0x41,0xE5,0x53,0x7F, /*   4352: X9.-.....8rsA.S. */
0x3E,0x0F,0x40,0x76,0x3C,0x55,0x2A,0xF6,0x35,0xF6,0x41,0xE4,0xD2,0x28,0x4C,0x40, /*   4368: >.@v<U..5.A..(L@ */
0xF7,0x08,0x51,0xE1,0x46,0xDF,0xD8,0x31,0xE0,0xD7,0x5B,0x0D,0xE5,0xB9,0x02,0x65, /*   4384: ..Q.F..1..[....e */
0xC1,0x11,0x1B,0x60,0x6F,0xCF,0x4F,0x3B,0x46,0xE7,0x33,0xDA,0x1E,0xCC,0x1D,0x23, /*   4400: ...`o.O;F.3..... */
0x4B,0xDC,0x3F,0x29,0x44,0xD7,0x2C,0xD3,0xEE,0xC8,0x45,0xF7,0x29,0x65,0x5C,0x48, /*   4416: K.?)D.,...E.)e.H */
0x45,0xB5,0x3B,0xF3,0xD5,0x18,0xE3,0x12,0xF4,0x63,0xF3,0x37,0x32,0xB5,0xFA,0xC7, /*   4432: E.;......c.72... */
0x74,0x03,0xFC,0xD7,0xC6,0xDB,0x66,0x67,0x0B,0xF6,0xDD,0x23,0x0E,0x6B,0x00,0x00, /*   4448: t.....fg.....k.. */
0xA0,0x1A,0x09,0xE6,0xFB,0xEF,0x12,0x2C,0x38,0x32,0x10,0x4D,0xE0,0x59,0x7E,0x57, /*   4464: .......,82.M.Y~W */
0x56,0x28,0x37,0xD0,0xC0,0xEE,0x0A,0x38,0xFD,0xF9,0x06,0x71,0xDA,0x52,0x3D,0x19, /*   4480: V(7....8...q.R=. */
0xEC,0x03,0x47,0x10,0x01,0x65,0x54,0x0D,0x21,0xE1,0x53,0xDF,0x7F,0xD5,0xDF,0x1B, /*   4496: ..G..eT.!.S..... */
0x4D,0x43,0x46,0x0A,0x76,0x49,0xC8,0x4E,0xCA,0xE9,0xCE,0xF5,0x91,0x92,0x90,0x96, /*   4512: MCF.vI.N........ */
0xD8,0x11,0x9D,0x85,0xC1,0x64,0x5F,0xCC,0x4C,0x4B,0x89,0x92,0x07,0xDE,0x35,0xEF, /*   4528: .....d_.LK....5. */
0x20,0x52,0x68,0x06,0x9D,0xA5,0x18,0x48,0x36,0x9C,0xF9,0x01,0xE8,0xFB,0xDD,0xC3, /*   4544:  Rh....H6....... */
0x49,0xB7,0xF4,0xE2,0xCD,0xDF,0xFE,0xAD,0xCF,0xC3,0x70,0xC0,0x32,0x5B,0x00,0x26, /*   4560: I.........p.2[.& */
0x16,0x58,0x3E,0x6B,0xBD,0x12,0xF0,0x04,0x6A,0xCA,0xAE,0xAF,0x1F,0xB7,0x4D,0x47, /*   4576: .X>k....j.....MG */
0x02,0xC8,0xCD,0xEB,0x84,0x96,0x00,0x81,0xB8,0xEB,0x9D,0xF5,0x81,0xDF,0xE2,0xF7, /*   4592: ................ */
0x9A,0x13,0xF6,0xC9,0x31,0xED,0xFB,0x0E,0x3E,0xD3,0x66,0x69,0x62,0x36,0xCE,0x01, /*   4608: ....1...>.fib6.. */
0x1E,0xF9,0x1B,0x40,0x0B,0x40,0xD1,0xF6,0xE7,0x55,0xC0,0xD6,0x39,0x08,0x0A,0xEA, /*   4624: ...@.@...U..9... */
0x0D,0x7F,0xFE,0x52,0xD9,0x61,0x50,0xD4,0x64,0xE6,0x08,0x6E,0xEE,0x22,0x47,0x5A, /*   4640: ...R.aP.d..n."GZ */
0x26,0xFE,0x59,0x5D,0xE4,0x21,0xE3,0x02,0xE4,0x29,0x39,0x02,0x4D,0x50,0x41,0xF5, /*   4656: &.Y].!...)9.MPA. */
0x5C,0x56,0xE3,0x61,0xEE,0x04,0x1A,0x29,0xDE,0x65,0x32,0x36,0x4F,0x2F,0xF1,0x38, /*   4672: .V.a...).e26O/.8 */
0x2D,0xBA,0x37,0xF8,0x27,0x4B,0x35,0x5E,0x2C,0x2C,0xD4,0x3F,0x5B,0x20,0x09,0x0E, /*   4688: -.7.'K5^,,.?[ .. */
0x5B,0x6F,0x63,0xD6,0x3E,0x31,0x1F,0x3C,0xB6,0x56,0x03,0x81,0x44,0x3A,0xC9,0xA8, /*   4704: [oc.>1.<.V..D:.. */
0x3C,0x4B,0xDA,0x3B,0x31,0xFA,0xB1,0xA7,0xB8,0x96,0xC4,0x11,0xA9,0x24,0xF5,0xAC, /*   4720: <K.;1........$.. */
0xFD,0xC0,0xEB,0x05,0xAB,0x00,0xA5,0x09,0xED,0x16,0xFA,0x97,0x45,0x1F,0x81,0x9C, /*   4736: ............E... */
0x02,0x64,0xA3,0xC6,0x97,0x81,0x40,0x06,0x13,0x6C,0xD4,0xA8,0x48,0x34,0xE0,0x73, /*   4752: .d....@..l..H4.s */
0xB5,0x86,0x21,0x3F,0xCA,0x31,0x59,0x92,0x3D,0xEB,0x54,0x43,0xD2,0xB3,0x90,0x52, /*   4768: ..!?.1Y.=.TC...R */
0x46,0xC0,0xEC,0x66,0xF9,0x3A,0x62,0x92,0x59,0xA7,0xCA,0x1D,0xDA,0x93,0xCA,0xBA, /*   4784: F..f.:b.Y....... */
0x98,0xF3,0xBB,0x2C,0x62,0xE2,0x2B,0x92,0x48,0x18,0x4E,0xF0,0xDD,0x52,0x0E,0x18, /*   4800: ...,b.+.H.N..R.. */
0xF6,0xD2,0x7F,0xF6,0x5F,0x06,0xCF,0x3F,0xF9,0xED,0x1A,0x1D,0xE5,0xF3,0x20,0xD3, /*   4816: ...._..?...... . */
0x3D,0xF4,0x2E,0x07,0x19,0x03,0xD7,0xE5,0x03,0xE6,0x20,0x62,0x63,0x3D,0x38,0x21, /*   4832: =......... bc=8! */
0x3B,0xFF,0x23,0x6C,0x25,0x59,0xD4,0x50,0x48,0x52,0x3E,0x0F,0x42,0x15,0xDD,0xD5, /*   4848: ;..l%Y.PHR>.B... */
0xF2,0x0E,0xD9,0xFA,0x0F,0x13,0x3F,0xDD,0x0E,0x13,0x17,0x4E,0x13,0xF7,0x0A,0xFF, /*   4864: ......?....N.... */
0x28,0xC4,0x5E,0x67,0xED,0x1C,0x39,0xD1,0x5A,0xCF,0xD8,0xE5,0x45,0x45,0x1E,0x1B, /*   4880: (.^g..9.Z...EE.. */
0xE6,0x21,0xE2,0x08,0xF9,0x57,0x46,0xCF,0xEE,0x5A,0x8C,0xE0,0x94,0xA9,0x99,0x49, /*   4896: .!...WF..Z.....I */
0x97,0x76,0x81,0x89,0xAC,0xDC,0xA0,0x2F,0xFB,0xE6,0xA7,0xCD,0x13,0xD3,0x3F,0x6A, /*   4912: .v...../......?j */
0x60,0x5A,0x6D,0xAF,0xD6,0x71,0x0D,0x93,0xAE,0x40,0x0B,0x32,0x08,0x81,0x1F,0x81, /*   4928: `Zm..q...@.2.... */
0x5D,0xFB,0x9B,0x5E,0x1F,0xB9,0xBC,0x22,0x3C,0x36,0x34,0xDF,0xD9,0xD8,0x10,0xA0, /*   4944: ]..^..."<64..... */
0x2F,0x11,0x2E,0x20,0x8A,0xD2,0x24,0x09,0x1C,0x11,0x64,0x9D,0xCF,0x0B,0xBC,0xAC, /*   4960: /.. ..$...d..... */
0xC8,0x0E,0x9D,0x55,0xBA,0xA5,0x5F,0x34,0xAC,0xDD,0x12,0x0C,0x1F,0xD5,0x57,0xD7, /*   4976: ...U.._4......W. */
0xC6,0xB5,0x44,0x98,0x67,0x3C,0x59,0xB0,0x6F,0x08,0x4C,0x1F,0x1B,0xD2,0x21,0x0F, /*   4992: ..D.g<Y.o.L...!. */
0x32,0x67,0x3F,0x24,0x70,0x46,0xA3,0xCC,0x14,0x0B,0xBC,0xF2,0xFE,0x57,0x25,0x56, /*   5008: 2g?$pF.......W%V */
0x1E,0xCD,0xC1,0xCB,0xD3,0xD1,0x53,0x1B,0x42,0x2C,0xCD,0xE3,0xED,0xE6,0xF9,0x0C, /*   5024: ......S.B,...... */
0xDC,0xCD,0x68,0x55,0x6F,0x4E,0x48,0x3E,0xE9,0xFB,0x0B,0xCD,0xD9,0xD9,0x2E,0x23, /*   5040: ..hUoNH>........ */
0x35,0x7F,0x57,0xAE,0xDF,0xCC,0xE8,0xA9,0x25,0x11,0x22,0x5A,0x0D,0x1F,0x5B,0x45, /*   5056: 5.W.....%."Z..[E */
0x00,0xDC,0x24,0xF5,0x2A,0xB6,0x57,0x68,0x3E,0x68,0x54,0xF3,0x62,0x20,0xD2,0x21, /*   5072: ..$...Wh>hT.b .! */
0x27,0x64,0x46,0xAF,0x07,0xC6,0x6B,0xD2,0xB2,0xFF,0x36,0xEA,0x53,0xC4,0x49,0x30, /*   5088: 'dF...k...6.S.I0 */
0x34,0xE4,0x00,0x74,0x47,0x3F,0xDD,0x12,0x11,0xF7,0xA6,0xFB,0xB6,0x9F,0x3E,0xD2, /*   5104: 4..tG?........>. */
0x18,0xDC,0x0D,0xCF,0xAD,0xE2,0xF8,0xB2,0x07,0x30,0x4C,0x72,0x1C,0x11,0x5B,0x37, /*   5120: .........0Lr..[7 */
0x29,0xCD,0xE2,0x48,0xC3,0x18,0xB2,0x15,0xD3,0x45,0xB9,0x39,0x59,0xDF,0xC8,0xCC, /*   5136: )..H.....E.9Y... */
0xB5,0x5A,0x14,0x09,0x54,0xDB,0xFA,0x1C,0x49,0xF3,0x6E,0x6A,0x0A,0xB9,0xDD,0x10, /*   5152: .Z..T...I.nj.... */
0x21,0xAD,0x3C,0x7F,0x18,0xF4,0x45,0x44,0xEB,0xBF,0x1B,0xCB,0xFE,0x2F,0x27,0x5F, /*   5168: !.<...ED...../'_ */
0xD5,0x0A,0xB3,0xC3,0x00,0x49,0x33,0xF0,0x45,0x1D,0xF2,0x30,0x54,0x16,0xF0,0x24, /*   5184: .....I3.E..0T..$ */
0xEA,0xF1,0x26,0x67,0xD6,0x3B,0x47,0xD4,0x04,0xD2,0x11,0x07,0x32,0x22,0x55,0x00, /*   5200: ..&g.;G.....2"U. */
0xD7,0x15,0x32,0x4D,0x29,0xFE,0x0C,0x40,0x05,0x51,0x45,0x1D,0x09,0xE3,0xF9,0x0D, /*   5216: ..2M)..@.QE..... */
0xDE,0x21,0x7F,0x0B,0x11,0x54,0x0D,0x0D,0xD4,0x48,0xEF,0x20,0xFA,0xE4,0x29,0xCD, /*   5232: .!...T...H. ..). */
0x27,0x3D,0xCB,0xDC,0xE2,0x18,0x18,0xEE,0x1B,0x2E,0x56,0x5A,0x48,0x2B,0x42,0xFD, /*   5248: '=........VZH+B. */
0xDB,0x21,0x31,0x53,0xFE,0x17,0x26,0x51,0xE6,0x3B,0x29,0x02,0xEF,0x1D,0x42,0x2A, /*   5264: .!1S..&Q.;)...B. */
0x12,0x25,0x1F,0x01,0xEB,0xEE,0x0D,0x4C,0x81,0xE0,0x10,0xE6,0x9E,0xF3,0xFE,0xD8, /*   5280: .%.....L........ */
0xF7,0xB0,0xCD,0x40,0xEE,0xA7,0xE2,0x48,0xCE,0x1A,0x3D,0xE0,0x88,0xEF,0x9E,0x48, /*   5296: ...@...H..=....H */
0xA9,0xF0,0x9D,0x73,0xF1,0x03,0x18,0x8B,0x89,0xF9,0xA2,0x60,0x11,0xAA,0x36,0x82, /*   5312: ...s.......`..6. */
0x21,0xD1,0x87,0xA7,0x8E,0xC3,0xDB,0x26,0x25,0xF3,0xC4,0x53,0xB6,0xF5,0x2F,0xFC, /*   5328: !......&%..S../. */
0xBE,0x2D,0xBF,0xBC,0xF1,0x68,0x28,0x09,0x34,0xC3,0x73,0x9D,0x8C,0x61,0xF1,0x76, /*   5344: .-...h(.4.s..a.v */
0x43,0x1A,0x18,0x3E,0xB4,0x4F,0x9F,0xE4,0x8C,0xC7,0x36,0x9A,0xCD,0x85,0xE1,0x59, /*   5360: C..>.O....6....Y */
0x6F,0x00,0x0A,0xEE,0xE8,0x18,0x04,0x86,0x62,0x64,0x2B,0x30,0x2E,0xD8,0x4A,0x58, /*   5376: o.......bd+0..JX */
0x42,0x53,0x7C,0x2D,0x12,0x06,0x28,0x08,0xFC,0xFA,0x13,0xC7,0x30,0xE7,0x56,0x26, /*   5392: BS|-..(.....0.V& */
0x02,0x5F,0x20,0x44,0xF2,0x60,0xF7,0x04,0x60,0x40,0xF7,0xF6,0x6A,0xDB,0xDC,0xE9, /*   5408: ._ D.`..`@..j... */
0x42,0x17,0x7F,0x22,0xDA,0x09,0x1C,0x02,0x4F,0xD6,0x3C,0x12,0xD3,0x33,0xF8,0x09, /*   5424: B.."....O.<..3.. */
0xDE,0x01,0x09,0xEB,0x06,0xD0,0xF8,0x3F,0x4D,0x63,0x33,0x75,0xF0,0x20,0xE3,0x70, /*   5440: .......?Mc3u. .p */
0x08,0xFD,0x10,0x2F,0x62,0xFA,0x3F,0x5D,0x4F,0x40,0x1F,0x58,0x28,0x4A,0x03,0xE7, /*   5456: .../b.?]O@.X(J.. */
0x0A,0x32,0xF4,0x55,0x51,0xF1,0x21,0xE8,0x06,0x48,0xE7,0x6C,0x4A,0x0C,0xDF,0x28, /*   5472: .2.UQ.!..H.lJ..( */
0xC4,0xE5,0x27,0x07,0xF3,0xF1,0x06,0x47,0x33,0x20,0xCC,0xEF,0x3C,0xF1,0xFA,0x44, /*   5488: ..'....G3 ..<..D */
0x19,0x4B,0xF2,0x2B,0xF6,0xC1,0xDE,0x53,0x2B,0xBE,0x3C,0x23,0xDE,0x3D,0x3B,0x27, /*   5504: .K.+...S+.<..=;' */
0xC3,0x0D,0x46,0x12,0x23,0x65,0x32,0x01,0xF6,0xD4,0x00,0x34,0x04,0xBB,0x37,0xC3, /*   5520: ..F..e2....4..7. */
0xCE,0xF5,0xE9,0xD2,0x59,0x1F,0x52,0xF9,0x42,0xD5,0xD2,0x4C,0x72,0x44,0x11,0x13, /*   5536: ....Y.R.B..LrD.. */
0xC6,0xB7,0x37,0x7F,0xCA,0xC4,0x32,0xF4,0xF0,0x0B,0xC0,0x31,0x36,0x35,0xD3,0x02, /*   5552: ..7...2....165.. */
0xF0,0x75,0x40,0xE6,0x4A,0x0F,0x61,0x1A,0xB6,0x44,0xF0,0xD2,0xF9,0x19,0xED,0x85, /*   5568: .u@.J.a..D...... */
0x8E,0xEC,0x1D,0x01,0xD7,0x77,0xA4,0xFE,0x94,0xAC,0x50,0x56,0x31,0x84,0xF5,0x9A, /*   5584: .....w....PV1... */
0xF2,0x7A,0xC1,0xC6,0x89,0x83,0x7E,0x66,0x99,0x8B,0x13,0xD5,0x27,0x40,0x23,0xBC, /*   5600: .z....~f....'@.. */
0xEA,0xD2,0xAC,0x7F,0x1D,0x07,0x81,0xF8,0x34,0x20,0xDB,0xF2,0xDF,0xC8,0xE1,0x77, /*   5616: ........4 .....w */
0xE5,0x51,0x6A,0x3B,0x73,0x98,0x4B,0x05,0xC2,0x4E,0xF7,0xB3,0xD1,0xBA,0x71,0xAC, /*   5632: .Qj;s.K..N....q. */
0xDC,0x9C,0xE5,0xE1,0xC0,0x76,0xE4,0x2A,0xDF,0x8D,0x74,0xAC,0xDB,0xA9,0x70,0xB1, /*   5648: .....v....t...p. */
0xDA,0x04,0x1C,0xC2,0x98,0xC0,0x7D,0x6A,0x52,0xFE,0x60,0xE2,0x45,0x67,0x25,0x3A, /*   5664: ......}jR.`.Eg%: */
0x12,0xE2,0x7F,0x0D,0x5C,0x0E,0xE4,0xDB,0x1A,0x35,0xDE,0xFE,0xD1,0x22,0xE9,0xD5, /*   5680: .........5...".. */
0xFC,0x23,0xEC,0x41,0xEC,0xF1,0xDE,0x61,0x6C,0x0C,0x6D,0x5A,0x7A,0xD1,0x35,0xEE, /*   5696: ...A...al.mZz.5. */
0x12,0xDE,0x70,0x41,0x3A,0x12,0x02,0x2D,0x08,0xEF,0xD0,0x4B,0xCD,0xC0,0xDE,0x06, /*   5712: ..pA:..-...K.... */
0x55,0x60,0x47,0x4A,0xC9,0x30,0x03,0x0F,0x12,0xC8,0xC7,0x26,0xDD,0x23,0x31,0x09, /*   5728: U`GJ.0.....&..1. */
0xE7,0x2D,0x73,0xD3,0x32,0xC9,0x02,0x6B,0x22,0x41,0xD2,0x24,0x10,0xE9,0x22,0xE8, /*   5744: .-s.2..k"A.$..". */
0x5E,0x77,0xDE,0x1F,0x09,0xC9,0x3A,0x5F,0x08,0xF8,0x4E,0x6B,0xFA,0xCB,0x1E,0x05, /*   5760: ^w....:_..Nk.... */
0xEC,0xF4,0x7F,0xFA,0x50,0x3E,0x18,0x2D,0x48,0xC9,0x44,0x0B,0x3F,0x51,0x4C,0x58, /*   5776: ....P>.-H.D.?QLX */
0x14,0x5A,0x45,0x24,0x04,0xF1,0x47,0x01,0xF4,0x45,0xDF,0x07,0x4C,0xF7,0x5A,0x00, /*   5792: .ZE$..G..E..L.Z. */
0x21,0xFA,0x69,0x38,0x0C,0x1B,0xF9,0x31,0x47,0x14,0xF4,0x09,0xCA,0xF9,0x11,0x07, /*   5808: !.i8...1G....... */
0xF5,0xFF,0xEC,0x50,0xD7,0xE9,0x25,0x1F,0x3D,0xCC,0x4E,0x1A,0xF7,0xD8,0x1C,0x45, /*   5824: ...P..%.=.N....E */
0xEC,0xD2,0x78,0x4E,0xF2,0x3E,0x09,0x3D,0x25,0xF2,0x23,0xD0,0x30,0xE7,0x59,0x47, /*   5840: ..xN.>.=%...0.YG */
0x4A,0x61,0x2C,0x31,0x14,0xE6,0xCA,0xE9,0xCF,0x78,0x72,0x3E,0xFE,0xEF,0x0A,0x32, /*   5856: Ja,1.....xr>...2 */
0x0C,0x38,0x4E,0x3F,0xFA,0x88,0xEE,0x93,0xF7,0x14,0x0B,0x10,0x8D,0xF0,0xF8,0x56, /*   5872: .8N?...........V */
0x67,0xC7,0xD3,0xB4,0xB1,0xA2,0x57,0x22,0xAE,0x32,0x68,0xB2,0x62,0xD3,0xC0,0x69, /*   5888: g.....W".2h.b..i */
0xB0,0x23,0xB4,0x61,0x1A,0x01,0xBF,0xDE,0x87,0xFF,0xC1,0x6B,0x10,0x8D,0xD2,0x45, /*   5904: ...a.......k...E */
0x32,0x54,0x8F,0xC6,0x7F,0xA4,0x9A,0xC0,0xA1,0x92,0x79,0xD7,0x21,0x0F,0x06,0xDB, /*   5920: 2T........y.!... */
0x8A,0xD2,0x45,0x4D,0x2C,0x6D,0x65,0x9A,0x50,0xE5,0xD2,0x81,0xF6,0xDD,0xE0,0xBD, /*   5936: ..EM,me.P....... */
0xF0,0x01,0x94,0x31,0x7F,0xEA,0xED,0xBE,0xA5,0xC7,0xF2,0x8F,0x94,0xDB,0x93,0xD5, /*   5952: ...1............ */
0xD3,0x6E,0x6B,0xA8,0x9C,0x85,0x3B,0xBF,0xCC,0x05,0xC7,0x15,0xAF,0xD7,0xB6,0x97, /*   5968: .nk...;......... */
0x61,0x2A,0x9A,0x90,0xBE,0xEC,0x16,0x5B,0xEF,0xD4,0x35,0x08,0xCC,0x55,0x2B,0x86, /*   5984: a......[..5..U+. */
0x40,0xD3,0xE0,0xE7,0x9C,0xB6,0x86,0x08,0xC9,0x40,0x81,0x54,0x2C,0xB8,0x0A,0xA2, /*   6000: @........@.T,... */
0xB7,0x58,0x2E,0x2F,0x26,0x8E,0x44,0x0C,0xDE,0x3F,0x4D,0xB1,0x36,0xEA,0xC6,0x67, /*   6016: .X./&.D..?M.6..g */
0xCF,0xFD,0x86,0x5E,0xB8,0x4F,0x62,0x8E,0x0A,0xC0,0x42,0x5D,0x4A,0x22,0x88,0x2B, /*   6032: ...^.Ob...B]J".+ */
0xC1,0xC2,0xB3,0xBB,0x21,0x8F,0xEB,0x00,0xFC,0xFC,0x1D,0x1D,0x33,0x58,0x5D,0x31, /*   6048: ....!.......3X]1 */
0xC7,0xC6,0xF6,0x23,0x16,0x28,0xDC,0xCC,0xC5,0x51,0x33,0x0B,0xF5,0x41,0x6E,0x65, /*   6064: .....(...Q3..Ane */
0x41,0xFB,0x10,0x17,0x3A,0x17,0x60,0xF9,0x13,0x1B,0x5A,0xDE,0x5E,0xF5,0x3C,0x3F, /*   6080: A...:.`...Z.^.<? */
0x2E,0x1D,0x6B,0x4E,0x56,0xFC,0xB5,0xE9,0xC9,0xD2,0x1C,0x61,0xD3,0x4B,0x00,0x24, /*   6096: ..kNV......a.K.$ */
0x5C,0x39,0xFB,0x20,0xE1,0xFD,0x4F,0xD1,0xE8,0x58,0x1F,0x0A,0x03,0x3A,0x3F,0x2B, /*   6112: .9. ..O..X...:?+ */
0x34,0xE7,0x43,0x11,0x3F,0xE7,0xE6,0x02,0x4C,0xD8,0xFB,0x26,0x05,0xEB,0x6A,0x55, /*   6128: 4.C.?...L..&..jU */
0x48,0x7F,0x1D,0x41,0x54,0xE9,0x5D,0x59,0x4A,0x8A,0xEE,0x37,0x42,0xB3,0x9F,0x4D, /*   6144: H..AT.]YJ..7B..M */
0x48,0x1D,0xD5,0xA5,0xE7,0xF3,0xE0,0xBE,0xB7,0xF3,0x1C,0x0C,0xFB,0x42,0x06,0x6D, /*   6160: H............B.m */
0xCC,0x03,0x32,0xC7,0x0C,0xF6,0xE5,0x10,0xE8,0x24,0x8E,0xF5,0xD0,0x1D,0x5A,0xA3, /*   6176: ..2......$....Z. */
0xC3,0x49,0x10,0x41,0x8C,0xC5,0x5A,0xC2,0x39,0x4C,0xBD,0xA9,0x84,0x32,0xD7,0xB0, /*   6192: .I.A..Z.9L...2.. */
0x11,0x62,0x35,0xAB,0x8D,0x40,0xDB,0x0F,0xA7,0x1F,0xA5,0x47,0x57,0x8B,0x34,0x81, /*   6208: .b5..@.....GW.4. */
0xB2,0x51,0x44,0xD2,0x5D,0xDF,0x2D,0x18,0x1D,0x15,0xA5,0xE0,0xCC,0xBD,0xD7,0xD7, /*   6224: .QD.].-......... */
0x94,0xBF,0x25,0xED,0x53,0x13,0x34,0xB8,0xC2,0xE8,0x9C,0x96,0x2D,0x89,0xBB,0x83, /*   6240: ..%.S.4.....-... */
0x44,0xFA,0x3B,0xD4,0x73,0xF9,0x87,0x99,0x5A,0x18,0xE1,0x99,0x98,0x88,0xA9,0xB0, /*   6256: D.;.s...Z....... */
0xE5,0x20,0xB0,0x9A,0x93,0x8F,0x27,0xB2,0x1F,0xFF,0xE6,0xE2,0x81,0xA5,0x46,0xAB, /*   6272: . ....'.......F. */
0x62,0x36,0xF8,0x39,0xF8,0xDA,0x50,0x5A,0xC4,0x91,0x4A,0x26,0xDA,0xD0,0x04,0x90, /*   6288: b6.9..PZ..J&.... */
0x6C,0x71,0x2B,0x2C,0x64,0xDB,0x77,0x81,0xD2,0xFE,0x83,0x01,0xB9,0x46,0x52,0x57, /*   6304: lq+,d.w......FRW */
0xD3,0xB7,0x10,0x43,0x50,0x97,0xF5,0xCE,0x20,0x1A,0xB3,0xF9,0xE2,0xD0,0xBF,0xEC, /*   6320: ...CP... ....... */
0xAB,0x31,0xC6,0x85,0xED,0xAA,0xFB,0x26,0x16,0x50,0x23,0x43,0xD7,0xDA,0x03,0x2E, /*   6336: .1.....&.P.C.... */
0x1A,0x13,0x44,0x61,0x29,0xD4,0xD7,0x2C,0x5F,0x56,0xED,0x67,0x3C,0x61,0x09,0x63, /*   6352: ..Da)..,_V.g<a.c */
0xF2,0x7F,0x5B,0x37,0x69,0xC3,0x57,0x09,0x60,0xC5,0xF5,0x53,0x40,0x3D,0x60,0x6F, /*   6368: ..[7i.W.`..S@=`o */
0x29,0x02,0x19,0x3C,0x55,0x58,0x07,0xE9,0xD8,0x67,0xC5,0xD7,0x2F,0x19,0x4B,0xF3, /*   6384: )..<UX...g../.K. */
0x2A,0x45,0x22,0x50,0x00,0x16,0x1A,0xFC,0xEB,0x1F,0x38,0x38,0x22,0x04,0x52,0x2E, /*   6400: .E"P......88".R. */
0xBD,0xDB,0x1B,0x06,0x49,0x23,0xF2,0x11,0xCF,0x67,0xDD,0x0F,0xF4,0xEE,0x5A,0x3E, /*   6416: ....I....g....Z> */
0xDB,0x1A,0x60,0xE9,0x37,0x1B,0xD2,0x64,0x25,0xDA,0x98,0x7F,0x15,0xF5,0xF8,0xBF, /*   6432: ..`.7..d%....... */
0xF6,0x96,0x50,0x9E,0xAB,0xC4,0x2C,0x02,0x04,0x56,0x66,0x45,0xA9,0xD1,0x4B,0x06, /*   6448: ..P...,..VfE..K. */
0xD6,0xA5,0x55,0x04,0x8A,0xC9,0x10,0xC4,0x1B,0xC0,0x04,0x92,0x51,0x23,0x21,0xCA, /*   6464: ..U.........Q.!. */
0x65,0x19,0x15,0xDE,0xDA,0x19,0x04,0x00,0x18,0x63,0xED,0x30,0xC4,0x2F,0x42,0x5C, /*   6480: e........c.0./B. */
0x0D,0xCD,0x55,0x4F,0x2B,0xA5,0x41,0xEC,0xA2,0xE3,0x9E,0xFE,0x1A,0xD5,0xD9,0x3B, /*   6496: ..UO+.A........; */
0xBD,0x34,0xAD,0xE2,0x3E,0xA6,0xEE,0xC3,0x30,0xCB,0x6C,0xB8,0xD2,0xBB,0x26,0x5F, /*   6512: .4..>...0.l...&_ */
0x38,0x5B,0x22,0xC4,0xD2,0x14,0xEC,0xA0,0xE7,0xE1,0xD3,0x19,0xEB,0x20,0xEF,0x29, /*   6528: 8[".......... .) */
0xD9,0x17,0x10,0xFF,0xFD,0xDE,0xE4,0x00,0x07,0xFE,0x09,0x07,0x29,0xD5,0x10,0xD7, /*   6544: ............)... */
0xD7,0x18,0xD8,0xDC,0xF5,0x29,0x0D,0xF2,0xEB,0xE8,0x1E,0x32,0xF8,0xE5,0x51,0x0F, /*   6560: .....).....2..Q. */
0x00,0x06,0x34,0x7F,0x1F,0x05,0xE8,0xFC,0x31,0x02,0xE3,0x16,0x00,0x06,0x0C,0x34, /*   6576: ..4.....1......4 */
0x13,0x45,0x23,0x00,0xFE,0x2B,0x29,0xF6,0x15,0xF2,0x28,0x22,0x2D,0xDC,0x34,0x04, /*   6592: .E...+)...("-.4. */
0xEA,0xF8,0x52,0x62,0xF8,0xF9,0xDC,0x2C,0xE1,0x12,0x02,0x2D,0x1E,0x19,0x4B,0x16, /*   6608: ..Rb...,...-..K. */
0xE4,0x4E,0xE7,0xFF,0xDC,0x0E,0xE6,0xE7,0x39,0xEF,0x3D,0x2A,0x45,0x46,0xFA,0x4D, /*   6624: .N......9.=.EF.M */
0x50,0x3E,0x4D,0x07,0xDA,0x39,0x0F,0x0A,0xD0,0x56,0xC8,0x0D,0x30,0x5A,0x36,0x12, /*   6640: P>M..9...V..0Z6. */
0x0F,0x3B,0x01,0xED,0x1A,0x20,0x53,0xEE,0x1E,0x28,0xFE,0x3A,0x62,0x39,0xD8,0x75, /*   6656: .;... S..(.:b9.u */
0x12,0xC4,0x16,0x00,0x0F,0x65,0x04,0x67,0x40,0xFA,0xD0,0xC9,0x67,0xDE,0x52,0xD1, /*   6672: .....e.g@...g.R. */
0x3E,0x30,0x27,0xEF,0x13,0x0E,0x15,0x1B,0x45,0x29,0x50,0x52,0xE8,0x39,0x55,0x77, /*   6688: >0'.....E)PR.9Uw */
0xCE,0xE8,0x4D,0x42,0xFF,0x58,0xE5,0x55,0x11,0x0F,0xC9,0xE4,0x01,0x29,0xD6,0x4A, /*   6704: ..MB.X.U.....).J */
0x4A,0x7F,0x15,0xE2,0x21,0xFE,0x48,0xF6,0xF9,0xBC,0xCE,0x26,0x2D,0xED,0x1E,0xD4, /*   6720: J...!.H....&-... */
0xBE,0xBD,0x4F,0x76,0x56,0xF8,0x15,0x46,0xDC,0xF3,0x3F,0xD6,0xF8,0x14,0x1A,0x49, /*   6736: ..OvV..F..?....I */
0x31,0xDC,0xAC,0x1D,0x03,0xE0,0xE7,0xD1,0x0A,0xDC,0xEE,0x3D,0x21,0x46,0x2A,0x0C, /*   6752: 1..........=!F.. */
0x1E,0xDE,0x7F,0xD7,0x14,0xD2,0x08,0xEF,0x21,0x17,0xDE,0x1F,0xE6,0xCC,0xC5,0xCD, /*   6768: ........!....... */
0xFD,0x21,0x27,0xC3,0x5D,0x49,0x21,0xDA,0xC1,0xD9,0x2F,0x0A,0x14,0xCE,0x1B,0xF1, /*   6784: .!'.]I!.../..... */
0xFB,0x14,0x16,0x03,0x61,0x48,0xDE,0x3B,0x00,0x44,0xDF,0x59,0xEE,0xE4,0x4E,0x26, /*   6800: ....aH.;.D.Y..N& */
0x2B,0x7A,0x1A,0xE8,0x3C,0x16,0x2A,0x2A,0x3F,0xD7,0xC4,0x15,0x7F,0xFC,0xC8,0x34, /*   6816: +z..<...?......4 */
0x2B,0xFC,0x04,0x7D,0x2F,0xC7,0x47,0x18,0xC5,0x63,0xE3,0xEC,0x59,0x57,0x38,0x3B, /*   6832: +..}/.G..c..YW8; */
0xC5,0x65,0xF4,0x31,0x20,0xEA,0x28,0xDE,0xDF,0xDF,0x4A,0x5D,0x5B,0x39,0x13,0xDF, /*   6848: .e.1 .(...J][9.. */
0x30,0x57,0xF9,0x06,0xCB,0xFB,0x56,0xEB,0x01,0x01,0x15,0xDD,0x4E,0x17,0xEB,0xDA, /*   6864: 0W....V.....N... */
0xCF,0x54,0x3D,0x35,0x69,0xFC,0x35,0x2B,0x72,0x25,0x3E,0x69,0x0B,0x43,0x08,0x52, /*   6880: .T=5i.5+r%>i.C.R */
0xFD,0x27,0xFF,0x23,0x5D,0xEF,0xAE,0x4D,0x63,0x28,0x42,0x12,0x6E,0x0E,0x07,0xE0, /*   6896: .'..]..Mc(B.n... */
0x08,0x6E,0x2F,0x24,0xE3,0xCD,0x63,0x6F,0x9A,0x68,0x06,0x3F,0x9A,0xBE,0xC8,0x98, /*   6912: .n/$..co.h.?.... */
0x07,0xD3,0x97,0x48,0x6C,0xA8,0x68,0x37,0x97,0x72,0x0D,0xD0,0x0E,0x3A,0xA6,0x78, /*   6928: ...Hl.h7.r...:.x */
0xDA,0x84,0x46,0xCE,0x85,0x56,0x61,0x9E,0x0C,0x10,0x84,0xB1,0x01,0x99,0x4D,0xD9, /*   6944: ..F..Va.......M. */
0x4A,0x22,0xB9,0x41,0xEA,0xA4,0x16,0x1C,0x6C,0x01,0x86,0x0C,0x5E,0x89,0x5C,0x6B, /*   6960: J".A....l...^..k */
0x51,0xDD,0xF1,0xFD,0xA7,0xDA,0x3B,0x61,0x55,0x4C,0x32,0x53,0xEC,0xA9,0x65,0xFF, /*   6976: Q.....;aUL2S..e. */
0xE3,0xF7,0xC2,0x4C,0x9E,0xB1,0x4F,0x54,0xB2,0x27,0x25,0x03,0xEC,0x81,0x33,0x0F, /*   6992: ...L..OT.'%...3. */
0x56,0x15,0x3C,0xE7,0xAD,0xA3,0x21,0x8A,0xCD,0x5D,0x22,0x54,0x36,0x25,0xFF,0x4F, /*   7008: V.<...!..]"T6%.O */
0xE1,0xF7,0x07,0x33,0x15,0xF4,0xD8,0x1F,0x3F,0x19,0xC2,0x50,0xF3,0x26,0x1A,0xDA, /*   7024: ...3....?..P.&.. */
0x12,0x7F,0xDA,0xD4,0x56,0x12,0x09,0x1A,0xD0,0x0F,0x51,0x29,0x11,0x57,0x3C,0x47, /*   7040: ....V.....Q).W<G */
0xDC,0xD8,0x0A,0xF8,0xE8,0x34,0x08,0xE1,0x40,0xFE,0x06,0xF4,0x1E,0x2F,0x52,0x11, /*   7056: .....4..@..../R. */
0x04,0x42,0xEB,0x34,0x3B,0x35,0xD1,0x4F,0xED,0xD7,0xE9,0x0D,0xF1,0xEA,0x0F,0x0B, /*   7072: .B.4;5.O........ */
0xC6,0xF7,0x0C,0x10,0x65,0x47,0xCF,0x54,0x42,0x43,0xFB,0xFD,0xCD,0x47,0xD2,0x3E, /*   7088: ....eG.TBC...G.> */
0x24,0x13,0xED,0x0C,0x07,0xD9,0xD3,0x19,0x1B,0xBD,0x3D,0xAF,0x1C,0x83,0x9A,0x23, /*   7104: $.........=..... */
0x30,0x3E,0x2F,0xDB,0x54,0x99,0x58,0xE2,0xDF,0xA8,0x60,0x2C,0xA7,0x14,0xB6,0xA1, /*   7120: 0>/.T.X...`,.... */
0x34,0x65,0x8A,0x81,0xD5,0xAF,0x60,0x47,0x3E,0xDF,0x47,0xA5,0xD0,0xFF,0x11,0x83, /*   7136: 4e....`G>.G..... */
0xDA,0x3B,0x4F,0x5F,0x51,0x62,0xF7,0xD6,0x0E,0xFC,0xD9,0xA8,0x52,0x37,0x88,0x54, /*   7152: .;O_Qb......R7.T */
0xC6,0xE5,0xD7,0x41,0xF7,0xA8,0x5B,0x85,0x1B,0x0C,0xF6,0xC7,0x09,0xB7,0xBD,0x46, /*   7168: ...A..[........F */
0x46,0xC7,0x41,0x88,0xAC,0xB8,0xBF,0x58,0xA6,0x92,0xCB,0x48,0x2D,0xFD,0x4E,0x52, /*   7184: F.A....X...H-.NR */
0x1C,0xE9,0xE4,0x3D,0xEE,0x2C,0xD0,0x58,0x65,0x5E,0x13,0x73,0x6D,0x53,0x66,0x08, /*   7200: ...=.,.Xe^.smSf. */
0xC1,0xD4,0x14,0xE6,0x55,0x36,0x12,0xD3,0x12,0x13,0x0A,0x37,0x01,0xEC,0x5B,0x3D, /*   7216: ....U6.....7..[= */
0xC9,0x7F,0xDB,0x2A,0x59,0xDC,0xE7,0x29,0x04,0xD8,0xEC,0x22,0x43,0xF4,0x17,0xF3, /*   7232: ....Y..)..."C... */
0x54,0xDE,0x52,0x40,0x63,0xCC,0x20,0xEE,0x4F,0x4B,0x28,0x31,0x37,0x33,0x38,0x59, /*   7248: T.R@c. .OK(1738Y */
0xFB,0x10,0x19,0x5F,0x51,0x56,0x42,0x59,0xEF,0xFF,0x54,0x42,0x3E,0x19,0x55,0xEC, /*   7264: ..._QVBY..TB>.U. */
0xD3,0xBC,0x36,0x14,0x57,0x31,0xDE,0x05,0xDC,0x47,0x17,0xEB,0x16,0xFB,0xE3,0x48, /*   7280: ..6.W1...G.....H */
0xCA,0x1F,0x13,0xD8,0xD8,0x26,0xF6,0x63,0xED,0x87,0x5E,0x01,0x3B,0x3D,0xED,0x2F, /*   7296: .....&.c..^.;=./ */
0x4C,0x5E,0x2B,0x20,0x17,0x4E,0xC7,0x7F,0x74,0xC4,0x4E,0x83,0x00,0x6C,0x38,0x71, /*   7312: L^+ .N..t.N..l8q */
0x90,0x93,0x8B,0xE0,0xD9,0xCC,0x15,0xB0,0xA6,0x01,0x06,0xE3,0xB7,0x5E,0x29,0x54, /*   7328: .............^)T */
0xFF,0x29,0x0F,0x00,0x9A,0xBA,0x0A,0xC3,0xFF,0x88,0x1D,0x87,0xE8,0xD6,0xBB,0xE2, /*   7344: .).............. */
0xA8,0xAF,0x5F,0x54,0x98,0xBB,0xA4,0xCF,0x34,0x9C,0xE5,0x48,0xE0,0x57,0x27,0x1B, /*   7360: .._T....4..H.W'. */
0x99,0x15,0x88,0xC6,0xE9,0xC0,0x6D,0xAC,0x05,0xD1,0xD4,0x3D,0x90,0x9A,0x39,0xB3, /*   7376: ......m....=..9. */
0xDD,0xBF,0x6B,0x01,0x2B,0x3B,0x6F,0x46,0xC4,0x16,0x2D,0x0F,0x73,0xBF,0x01,0x15, /*   7392: ..k.+;oF..-.s... */
0x31,0xF8,0x03,0xDD,0x3C,0x4B,0xE2,0xEC,0xF8,0xFC,0x48,0x57,0x07,0x3D,0xD9,0x20, /*   7408: 1...<K....HW.=.  */
0xF5,0x75,0xC8,0x42,0x64,0x21,0x37,0x6A,0x59,0x4D,0x1D,0x7D,0x55,0xD4,0x08,0x54, /*   7424: .u.Bd!7jYM.}U..T */
0xE7,0x31,0xFD,0xF9,0xD7,0xCC,0xF7,0x37,0x19,0x17,0x02,0xC8,0xDE,0x43,0x1A,0x2E, /*   7440: .1.....7.....C.. */
0x0B,0x74,0x18,0x0C,0x36,0x47,0x50,0x66,0x1A,0x4F,0x01,0x3F,0xFB,0x2D,0x25,0xDA, /*   7456: .t..6GPf.O.?.-%. */
0x25,0x00,0x15,0x32,0xFD,0x26,0x0F,0x0F,0x32,0x10,0x3F,0xE8,0x48,0xC4,0x12,0x46, /*   7472: %..2.&..2.?.H..F */
0x66,0x7F,0x04,0xE6,0xDE,0x12,0x51,0x0C,0xD8,0x3C,0x09,0x7F,0x63,0xD5,0x2B,0x32, /*   7488: f.....Q..<..c.+2 */
0x01,0xF0,0x5B,0xED,0xF9,0x47,0xE9,0x4E,0x14,0x48,0xF3,0x56,0xFA,0x1A,0x1F,0x06, /*   7504: ..[..G.N.H.V.... */
0xCA,0x25,0xE3,0x02,0x14,0x41,0x4C,0xE8,0x3B,0xF7,0xEA,0x62,0xDA,0x55,0x5C,0x10, /*   7520: .%...AL.;..b.U.. */
0xBF,0xBD,0x01,0x53,0x0F,0xE1,0xEF,0x08,0xE4,0x42,0x2C,0x3A,0xD2,0x0A,0x1C,0x06, /*   7536: ...S.....B,:.... */
0x13,0x00,0xD9,0xFC,0x40,0xE6,0x47,0xE1,0x47,0x3F,0x14,0x5E,0xE2,0x0D,0x66,0x77, /*   7552: ....@.G.G?.^..fw */
0x56,0xC2,0xF1,0x1A,0xD2,0x5A,0xC6,0xF1,0x0F,0x05,0x0E,0x25,0x25,0x05,0xDB,0x2C, /*   7568: V....Z.....%%.., */
0x3A,0x3D,0x0A,0x35,0x4A,0x0E,0x26,0x58,0xF0,0xC6,0xBB,0xE1,0x5C,0xF4,0xC3,0x54, /*   7584: :=.5J.&X.......T */
0x29,0xFC,0x7F,0xE3,0xE2,0x15,0x49,0x17,0xF4,0x28,0x11,0xE5,0xE3,0xEC,0x58,0xEE, /*   7600: ).....I..(....X. */
0xD9,0x50,0x14,0xBA,0x3E,0x08,0x1C,0xE6,0x12,0x25,0xE0,0xEC,0x22,0x4E,0x4E,0xDC, /*   7616: .P..>....%.."NN. */
0xD2,0x27,0x78,0x1D,0x4D,0xE0,0x4F,0x40,0x45,0x24,0xEA,0xBE,0xBB,0xD0,0x04,0x4D, /*   7632: .'x.M.O@E$.....M */
0xE2,0x37,0xFD,0x38,0x44,0x4A,0xCA,0x3E,0x29,0xF1,0xF5,0x0C,0x60,0x04,0x35,0x26, /*   7648: .7.8DJ.>)...`.5& */
0x34,0x49,0x66,0x64,0xE2,0x05,0x0E,0x40,0x01,0xD8,0xC9,0xF7,0x2B,0xFB,0x05,0x1C, /*   7664: 4Ifd...@....+... */
0xB7,0x6D,0x0C,0x3F,0x18,0xC4,0x0F,0x0E,0xCD,0x22,0xE8,0xFE,0x5F,0x0E,0x4C,0x3F, /*   7680: .m.?.....".._.L? */
0x26,0x1F,0x04,0x27,0x35,0xEE,0x42,0xCE,0xCC,0x23,0x3C,0xE2,0x3E,0x33,0x27,0x42, /*   7696: &..'5.B...<.>3'B */
0x53,0x6F,0x42,0x55,0x3D,0x56,0x48,0x2D,0x5B,0x52,0x35,0x2F,0xFB,0x31,0x2D,0x2D, /*   7712: SoBU=VH-[R5/.1-- */
0xC5,0x1D,0x7F,0x3E,0x23,0xF1,0x2B,0xCE,0x1D,0xCD,0xC8,0x37,0xF4,0xD3,0xD0,0x37, /*   7728: ...>..+....7...7 */
0x47,0x1C,0xC8,0x01,0xF8,0xDA,0x26,0xF2,0xFF,0x37,0x14,0x62,0x2C,0xF4,0xE5,0x3A, /*   7744: G.....&..7.b,..: */
0xC3,0xD9,0x1E,0xEB,0x2C,0x38,0xD6,0x3E,0x59,0xD3,0xEC,0x42,0x27,0xCD,0x1F,0x4A, /*   7760: ....,8.>Y..B'..J */
0xE0,0x63,0xF4,0xE2,0x48,0x44,0x4E,0x57,0xDF,0xDD,0x40,0x1A,0x10,0xC6,0xF3,0xD9, /*   7776: .c..HDNW..@..... */
0x33,0x24,0x34,0xE5,0x13,0x28,0x24,0xE8,0x17,0xCA,0x22,0x35,0xD3,0x0D,0x01,0x4F, /*   7792: 3$4..($..."5...O */
0xFC,0x49,0xFA,0x52,0x05,0x24,0x19,0xE1,0x30,0x0A,0x2E,0x03,0x07,0x18,0x04,0xD1, /*   7808: .I.R.$..0....... */
0xB3,0xE1,0x7F,0x63,0xF8,0xF6,0x35,0x2A,0x24,0xDB,0xF2,0x2C,0x53,0x48,0x4A,0x09, /*   7824: ...c..5.$..,SHJ. */
0xC2,0x32,0xC9,0x27,0xC2,0xDE,0x45,0x16,0x3B,0x19,0x20,0x55,0x49,0x3D,0xC3,0x59, /*   7840: .2.'..E.;. UI=.Y */
0xCF,0x2F,0x37,0x19,0xF6,0xCA,0x33,0x34,0x4D,0xFA,0xF1,0xF5,0xBF,0x4C,0x56,0x45, /*   7856: ./7...34M....LVE */
0x2F,0x5C,0x43,0x49,0x1B,0xCD,0xEA,0x3D,0xFA,0x75,0x0F,0x03,0x6B,0xF4,0x29,0x66, /*   7872: /.CI...=.u..k.)f */
0xE4,0x0D,0xFB,0xF2,0x73,0x56,0xDB,0x1D,0x06,0x44,0x5D,0x3D,0x79,0x28,0x26,0x75, /*   7888: ....sV...D]=y(&u */
0x05,0x5D,0x28,0x6A,0x3E,0xD6,0x45,0x37,0xD0,0xE2,0xDF,0xDC,0x27,0x3C,0xC6,0x7F, /*   7904: .](j>.E7....'<.. */
0xE2,0xFA,0x6F,0x05,0x5B,0x37,0x00,0x67,0x35,0xEE,0x3B,0xF4,0xC3,0x31,0x63,0x4B, /*   7920: ..o.[7.g5.;..1cK */
0x73,0x08,0x3E,0x4E,0x03,0x6A,0x3B,0x5A,0x32,0xF8,0xC8,0x40,0x0F,0x5F,0xCB,0xF7, /*   7936: s.>N.j;Z2..@._.. */
0x35,0x5C,0xF5,0x17,0x44,0xD9,0x21,0x42,0x47,0xCD,0xCF,0x25,0x00,0x37,0x4A,0x24, /*   7952: 5...D.!BG..%.7J$ */
0x57,0xF6,0x06,0xEF,0xC6,0x49,0x36,0x3D,0xE8,0xB4,0xAF,0xDA,0x99,0x5F,0x23,0xB3, /*   7968: W....I6=....._.. */
0xD9,0x75,0x29,0x02,0xC3,0x34,0xEE,0x99,0x1B,0xC7,0x75,0x65,0x07,0x74,0xC7,0xE3, /*   7984: .u)..4....ue.t.. */
0xCA,0x34,0x4F,0xDD,0xEF,0x0B,0xA8,0x8B,0x5D,0x56,0xD2,0xA1,0x5D,0x10,0x19,0x21, /*   8000: .4O.....]V..]..! */
0x9E,0xD2,0x96,0xB3,0xA8,0x92,0x98,0x47,0xFA,0xEF,0x0E,0xCE,0xC0,0x02,0x72,0xE9, /*   8016: .......G......r. */
0x91,0xC6,0xD5,0xAB,0xBD,0x51,0x56,0xE5,0x70,0xB2,0x50,0x1F,0xED,0x63,0x5F,0xFE, /*   8032: .....QV.p.P..c_. */
0xB1,0x8B,0xE1,0x62,0x64,0x8D,0x81,0xD6,0xFF,0x8A,0xAB,0xF4,0x43,0x90,0x35,0x46, /*   8048: ...bd.......C.5F */
0x61,0xD4,0x1F,0x8D,0xB2,0x59,0xB1,0x57,0x22,0x45,0x55,0x67,0x04,0x10,0x08,0x5F, /*   8064: a....Y.W"EUg..._ */
0x4A,0xD4,0x49,0x24,0xEA,0x1A,0x28,0xF0,0xD7,0x31,0x40,0x47,0x38,0x2C,0xE0,0x07, /*   8080: J.I$..(..1@G8,.. */
0x56,0x03,0xCC,0x23,0x3D,0x41,0xE1,0x32,0x35,0x0C,0x0B,0x6D,0x0B,0x29,0x0F,0xE7, /*   8096: V...=A.25..m.).. */
0x1B,0x3E,0x7F,0x37,0x2B,0x47,0x1D,0x08,0x08,0x4F,0xFE,0xFF,0x32,0x53,0x2C,0xD5, /*   8112: .>.7+G...O..2S,. */
0x33,0x00,0x01,0x4F,0xEA,0xD6,0x32,0x0F,0x3D,0x3F,0x27,0x40,0x44,0x2D,0x08,0x34, /*   8128: 3..O..2.=?'@D-.4 */
0xEE,0x0A,0x4C,0x2F,0x00,0xD1,0x18,0x32,0x36,0xDD,0xF8,0xDC,0x30,0xFA,0x00,0x41, /*   8144: ..L/...26...0..A */
0xC6,0x50,0x2F,0x4C,0x4B,0x1D,0x4C,0xE4,0x1A,0xE7,0x29,0x4A,0xE1,0x39,0xDF,0x2E, /*   8160: .P/LK.L...)J.9.. */
0x59,0x24,0x6D,0x23,0xCD,0x3E,0x14,0x0B,0x6E,0xE3,0xBE,0x52,0x30,0xE1,0x54,0xD7, /*   8176: Y$m..>..n..R0.T. */
0x09,0x7C,0xF9,0xD4,0xD9,0x59,0xE2,0x31,0xEE,0xF9,0x39,0xDE,0x5C,0xE5,0xE4,0x16, /*   8192: .|...Y.1..9..... */
0xF0,0xD9,0x62,0xF4,0x67,0x66,0x0C,0xE6,0x0B,0xDC,0x4F,0xC3,0x16,0x54,0x02,0xF4, /*   8208: ..b.gf....O..T.. */
0x28,0x64,0xBF,0xDE,0x46,0xDF,0xC1,0x70,0xE4,0x44,0xD2,0x7F,0x5E,0x69,0x3A,0xE6, /*   8224: (d..F..p.D..^i:. */
0xF2,0x34,0x49,0x23,0x55,0x0A,0x29,0xFD,0x5D,0xF3,0xFC,0x08,0x4F,0x56,0xEF,0xCC, /*   8240: .4I.U.).]...OV.. */
0xE4,0x35,0x55,0xF9,0x1A,0x4B,0xEB,0x35,0x61,0x01,0x47,0x2D,0xF1,0xFE,0xFC,0x74, /*   8256: .5U..K.5a.G-...t */
0xD8,0x50,0x58,0x71,0x25,0x5C,0x4B,0x2F,0x12,0x43,0x28,0xF0,0x00,0xFF,0x6E,0xF1, /*   8272: .PXq%.K/.C(...n. */
0x3C,0xEB,0x30,0x07,0x46,0x12,0xE9,0x50,0x68,0xC9,0x20,0x48,0x61,0x5B,0xD8,0x1E, /*   8288: <.0.F..Ph. Ha[.. */
0x01,0xD2,0x32,0x42,0x2D,0x1B,0x23,0x5E,0x1C,0x40,0x14,0x41,0x55,0x32,0x26,0x28, /*   8304: ..2B-..^.@.AU2&( */
0x2A,0x7F,0x5E,0x60,0x4D,0x3E,0x0F,0xCC,0xC6,0xCA,0x08,0x5E,0x4B,0xF7,0x3A,0x1A, /*   8320: ..^`M>.....^K.:. */
0x56,0xC4,0x28,0x54,0x2C,0xE7,0xD5,0x60,0x3D,0xFE,0xC8,0x11,0xF7,0x20,0x66,0x57, /*   8336: V.(T,..`=.... fW */
0x1F,0x56,0xC4,0xEE,0x52,0xFE,0xDE,0x02,0x03,0x16,0x26,0x13,0x4D,0x17,0x17,0x09, /*   8352: .V..R.....&.M... */
0xEA,0x42,0x7D,0x58,0x4F,0x1C,0xB1,0x02,0xF6,0x49,0x48,0x2D,0xEE,0x51,0x59,0x70, /*   8368: .B}XO....IH-.QYp */
0x75,0x07,0x13,0x69,0x25,0x6D,0xC4,0x01,0x6F,0xD8,0x1B,0x3F,0x39,0x56,0x60,0xE7, /*   8384: u..i%m..o..?9V`. */
0xC9,0xD3,0x42,0x7F,0xD7,0x00,0x42,0x16,0x25,0x0C,0xBF,0x6A,0x27,0x58,0x40,0x5E, /*   8400: ..B...B.%..j'X@^ */
0x02,0x45,0xBA,0x22,0x39,0x3C,0x37,0xEB,0x4D,0x4D,0x00,0x0D,0xDB,0xCB,0xC4,0x46, /*   8416: .E."9<7.MM.....F */
0x5E,0xE4,0x63,0x7A,0xE9,0x45,0xCC,0x6A,0x05,0x55,0x3A,0xEA,0xE3,0xCC,0x63,0xE0, /*   8432: ^.cz.E.j.U:...c. */
0x01,0xFD,0xF0,0x37,0x23,0x66,0xFF,0xD6,0x55,0x36,0xD0,0x53,0x09,0xD0,0xD8,0x1D, /*   8448: ...7.f..U6.S.... */
0xE5,0xC1,0x7B,0x2C,0xF2,0x15,0xCA,0x46,0xDE,0x14,0x22,0xCD,0xF6,0x03,0x54,0x17, /*   8464: ..{,...F.."...T. */
0x18,0x36,0x42,0xE3,0x2A,0x5A,0x3A,0xEB,0x22,0x0D,0x21,0x58,0x4C,0x29,0x2B,0x49, /*   8480: .6B..Z:.".!XL)+I */
0x2B,0xDE,0x7F,0x16,0x44,0xF0,0xB3,0xDD,0x4A,0xF2,0xB6,0x1D,0x4E,0xDC,0x06,0x34, /*   8496: +...D...J...N..4 */
0x40,0x04,0x42,0xC9,0x12,0xD7,0xF0,0x0F,0xFD,0x51,0x04,0x56,0x10,0x3B,0xF1,0x15, /*   8512: @.B......Q.V.;.. */
0x24,0x08,0x51,0x15,0x44,0x5B,0xE2,0xEA,0x25,0x3E,0xD3,0x34,0xF4,0x19,0xE7,0x25, /*   8528: $.Q.D[..%>.4...% */
0xE4,0x16,0x11,0x0D,0x3A,0x5F,0x07,0x52,0x4F,0x42,0x46,0xF6,0x64,0x2F,0x56,0x4C, /*   8544: ....:_.ROBF.d/VL */
0x3A,0x46,0x3C,0x14,0x28,0x55,0xFA,0x2C,0x56,0xF0,0x36,0xFF,0x26,0x55,0x09,0xDB, /*   8560: :F<.(U.,V.6.&U.. */
0x5A,0x12,0xD0,0x55,0x49,0xE8,0x41,0xCE,0x12,0x13,0x37,0x6D,0x04,0x57,0xEB,0x4A, /*   8576: Z..UI.A...7m.W.J */
0xE5,0x25,0x7D,0x26,0x5E,0xFC,0xF5,0x59,0x46,0x2E,0x05,0x02,0xF7,0x0C,0x25,0x54, /*   8592: .%}&^..YF.....%T */
0x55,0x44,0x1E,0x11,0x3F,0x22,0x30,0xF3,0xE6,0x09,0xD3,0x37,0xFF,0xEF,0x0F,0x33, /*   8608: UD..?"0....7...3 */
0xE2,0xFE,0x7F,0x4F,0xD4,0xE1,0xCA,0xD9,0x10,0x60,0xEE,0x22,0x3D,0x06,0x30,0x16, /*   8624: ...O.....`."=.0. */
0xEE,0x56,0x21,0x25,0x61,0xFA,0x4E,0x47,0xF4,0x61,0xD2,0x6B,0x5D,0x2B,0xFD,0x74, /*   8640: .V!%a.NG.a.k]+.t */
0xCC,0xE0,0x47,0x31,0xCF,0xCE,0x43,0xFD,0x15,0x5A,0x59,0x2B,0xCD,0x03,0x1D,0x3A, /*   8656: ..G1..C..ZY+...: */
0x1A,0x2B,0xC3,0x02,0x23,0xE3,0x59,0x40,0xDB,0xCF,0x16,0x4A,0x63,0xC8,0xD0,0x64, /*   8672: .+....Y@...Jc..d */
0xB6,0xF5,0x2B,0x23,0xF1,0xDC,0xD6,0xD8,0x64,0x56,0x2C,0x4D,0xCD,0xED,0x1B,0xFA, /*   8688: ..+.....dV,M.... */
0x51,0xEE,0x12,0x66,0xF5,0x3E,0x3D,0x2E,0x23,0x65,0xE3,0xF2,0xD0,0x5C,0x4F,0xD7, /*   8704: Q..f.>=..e....O. */
0xF9,0x0C,0x7F,0x6A,0xFE,0x6A,0x13,0x16,0x1B,0x26,0xD4,0x19,0x3F,0xF5,0x65,0xE9, /*   8720: ...j.j...&..?.e. */
0xC1,0xFB,0x22,0xFF,0xF9,0xED,0x2C,0x0E,0x9A,0x91,0xDE,0xD2,0xC3,0x1D,0xE6,0x8A, /*   8736: .."...,......... */
0x2D,0x55,0xC3,0x1B,0xD1,0xAD,0xD1,0x97,0x21,0xBA,0xBF,0x39,0x17,0xE5,0x2B,0xB4, /*   8752: -U......!..9..+. */
0x37,0xA2,0x53,0xD0,0x8D,0xC3,0x1E,0x95,0xD8,0x53,0xA4,0x42,0x2F,0x66,0x94,0xF2, /*   8768: 7.S......S.B/f.. */
0xAC,0x36,0x30,0xA1,0xAD,0x2D,0x19,0x81,0x92,0x5D,0x10,0xF3,0x82,0xF6,0x64,0x58, /*   8784: .60..-...]....dX */
0xF5,0x54,0xB1,0x13,0x21,0x40,0xA6,0x60,0x09,0xE9,0x1C,0x37,0xB2,0x08,0xC2,0xAB, /*   8800: .T..!@.`...7.... */
0x2D,0x68,0x5B,0x0E,0x01,0x57,0x4F,0xEE,0x07,0xC8,0xBE,0xC3,0xC9,0x00,0x98,0x35, /*   8816: -h[..WO........5 */
0xF2,0x91,0x68,0x85,0x1D,0xE9,0x66,0x04,0xC0,0xC7,0x4E,0x10,0x37,0xE1,0xBC,0x04, /*   8832: ..h...f...N.7... */
0x3A,0x16,0x5A,0xFA,0xD8,0x21,0x1A,0xEA,0x69,0xC1,0x33,0x51,0x5A,0x45,0xF8,0x38, /*   8848: :.Z..!..i.3QZE.8 */
0xE6,0x56,0xFA,0x2B,0x4A,0x2C,0xE1,0x5C,0xB8,0xD6,0x38,0xF8,0x5A,0x4F,0xC7,0x0D, /*   8864: .V.+J,....8.ZO.. */
0xF3,0xC9,0x7F,0xE1,0xCB,0xD2,0xFC,0x38,0x2C,0xDD,0xC3,0x5F,0x4D,0xCB,0x70,0xB5, /*   8880: .......8,.._M.p. */
0xDB,0x2B,0xFF,0x5F,0x27,0xFF,0x4D,0xB7,0x00,0x67,0xDB,0x00,0xEA,0xBE,0x34,0x69, /*   8896: .+._'.M..g....4i */
0xA7,0x36,0x6D,0x6A,0x6A,0x1F,0xE7,0x05,0x53,0xE8,0x1D,0xB6,0x48,0x35,0xEE,0x18, /*   8912: .6mjj...S...H5.. */
0x19,0xE5,0x39,0x1D,0x48,0xBF,0x61,0x04,0x22,0xC2,0xFF,0xFF,0x04,0x00,0x00,0x00, /*   8928: ..9.H.a."....... */
0x00,0x01,0x00,0x00,0x74,0x0C,0x00,0x00,0xDB,0x0B,0x00,0x00,0x39,0x0A,0x00,0x00, /*   8944: ....t.......9... */
0x30,0xFE,0xFF,0xFF,0x98,0x07,0x00,0x00,0x89,0x0A,0x00,0x00,0x88,0x0A,0x00,0x00, /*   8960: 0............... */
0x01,0x08,0x00,0x00,0xB4,0x0A,0x00,0x00,0xAF,0xFC,0xFF,0xFF,0x1D,0x07,0x00,0x00, /*   8976: ................ */
0xD1,0xFE,0xFF,0xFF,0x8C,0xFE,0xFF,0xFF,0xA0,0x0A,0x00,0x00,0x09,0x0C,0x00,0x00, /*   8992: ................ */
0x50,0x08,0x00,0x00,0x7D,0x0B,0x00,0x00,0x9D,0x0B,0x00,0x00,0x1A,0xFE,0xFF,0xFF, /*   9008: P...}........... */
0x67,0x09,0x00,0x00,0xB1,0xFD,0xFF,0xFF,0xBB,0x08,0x00,0x00,0xB2,0xFE,0xFF,0xFF, /*   9024: g............... */
0x52,0x0A,0x00,0x00,0x55,0x08,0x00,0x00,0xA3,0x08,0x00,0x00,0x90,0xFE,0xFF,0xFF, /*   9040: R...U........... */
0xE9,0x09,0x00,0x00,0xB3,0x09,0x00,0x00,0x00,0x00,0x00,0x00,0x6A,0x0B,0x00,0x00, /*   9056: ............j... */
0xFC,0x08,0x00,0x00,0x00,0x00,0x00,0x00,0x62,0xFE,0xFF,0xFF,0x4B,0x0A,0x00,0x00, /*   9072: ........b...K... */
0xC0,0xFD,0xFF,0xFF,0xDC,0xFE,0xFF,0xFF,0xD0,0x09,0x00,0x00,0x45,0xFF,0xFF,0xFF, /*   9088: ............E... */
0x87,0x04,0x00,0x00,0x9B,0x09,0x00,0x00,0x3D,0x0A,0x00,0x00,0x0E,0x0B,0x00,0x00, /*   9104: ........=....... */
0xAF,0xFD,0xFF,0xFF,0xF0,0x09,0x00,0x00,0x49,0xFD,0xFF,0xFF,0x9F,0x09,0x00,0x00, /*   9120: ........I....... */
0x00,0x00,0x00,0x00,0xD8,0x09,0x00,0x00,0xFA,0x09,0x00,0x00,0x87,0x07,0x00,0x00, /*   9136: ................ */
0x3F,0x09,0x00,0x00,0x75,0x07,0x00,0x00,0x74,0x0B,0x00,0x00,0x98,0xFE,0xFF,0xFF, /*   9152: ?...u...t....... */
0x2D,0x09,0x00,0x00,0xFA,0x0A,0x00,0x00,0xCC,0x09,0x00,0x00,0x5F,0x0C,0x00,0x00, /*   9168: -..........._... */
0x5F,0x08,0x00,0x00,0x13,0x09,0x00,0x00,0x8E,0x0A,0x00,0x00,0xB6,0xFD,0xFF,0xFF, /*   9184: _............... */
0xCF,0x09,0x00,0x00,0x2E,0xC3,0xFF,0xFF,0x04,0x00,0x00,0x00,0x00,0x30,0x00,0x00, /*   9200: .............0.. */
0x5B,0xF9,0x02,0xC8,0x1A,0x4E,0xF1,0xEB,0xE9,0xDF,0x17,0xED,0x22,0x06,0x54,0x48, /*   9216: [....N......".TH */
0x44,0x0C,0xDB,0xE5,0xEF,0xEF,0x0B,0x18,0x41,0xDB,0x21,0xE4,0x50,0xE5,0x47,0x5B, /*   9232: D.......A.!.P.G[ */
0xD1,0xCA,0x51,0xF3,0x09,0x41,0x32,0x7F,0xE1,0xDE,0x05,0xD8,0x0A,0x42,0xEE,0x23, /*   9248: ..Q..A2......B.. */
0x38,0x0B,0x5A,0x41,0x4D,0xED,0x39,0xF5,0xF6,0x4B,0x2F,0x2A,0xF9,0x3E,0xE7,0xF1, /*   9264: 8.ZAM.9..K/..>.. */
0xEE,0xFA,0x16,0x1C,0xE4,0x0E,0x5A,0x56,0x47,0x24,0xDC,0xF5,0x39,0x50,0x40,0x00, /*   9280: ......ZVG$..9P@. */
0x56,0xFC,0xEE,0x07,0x28,0xF6,0x0A,0x42,0xF9,0xE6,0xC0,0xEC,0xDE,0x21,0xE4,0xE5, /*   9296: V...(..B.....!.. */
0xFC,0x07,0x33,0x02,0x31,0x46,0xCC,0x0B,0x08,0x27,0x51,0xEE,0x4F,0x48,0x2D,0x40, /*   9312: ..3.1F...'Q.OH-@ */
0x5D,0xD8,0x2F,0x09,0x15,0x15,0x20,0x3B,0x41,0x54,0xE7,0x10,0xE3,0x15,0xEB,0x26, /*   9328: ]./... ;AT.....& */
0x04,0xF8,0xEA,0x48,0xF0,0x02,0x60,0xEE,0x03,0x0F,0x52,0x21,0xDB,0x44,0x4F,0x1C, /*   9344: ...H..`...R!.DO. */
0x59,0xE0,0xEF,0x60,0x3D,0x4D,0xDE,0x3C,0x48,0xF0,0xDB,0x23,0x48,0xCA,0x40,0x1D, /*   9360: Y..`=M.<H...H.@. */
0xC9,0x14,0xF7,0xE8,0x0A,0x39,0x4A,0x5B,0x33,0x33,0x59,0xF4,0x31,0x19,0x37,0x39, /*   9376: .....9J[33Y.1.79 */
0x07,0x18,0xEC,0x2D,0xF2,0x2B,0xF4,0xEA,0x4B,0x41,0x2B,0x36,0x3C,0x02,0xF2,0x0E, /*   9392: ...-.+..KA+6<... */
0xCB,0xFD,0xEF,0x5C,0x2D,0x34,0xED,0x44,0xD7,0x6B,0xBA,0xAD,0xA8,0x97,0x45,0xD0, /*   9408: ....-4.D.k....E. */
0xB9,0xEE,0x9F,0xA8,0xE8,0xA8,0xFE,0x90,0x29,0x1E,0x37,0x41,0xE8,0x23,0x38,0xCF, /*   9424: ........).7A..8. */
0x3D,0xDB,0x15,0x38,0x58,0x1C,0x3A,0xCB,0x4D,0x4B,0x40,0xAA,0xC3,0x44,0xFE,0xAB, /*   9440: =..8X.:.MK@..D.. */
0x1A,0x51,0xED,0x37,0x4D,0x00,0x8D,0x02,0x64,0xF7,0x57,0xA6,0xE4,0x07,0xDC,0xF5, /*   9456: .Q.7M...d.W..... */
0x07,0x12,0x96,0x01,0x00,0xF1,0xA9,0xC9,0xED,0xD3,0x9D,0xF1,0xA5,0xFF,0x39,0x55, /*   9472: ..............9U */
0x0A,0x22,0x49,0x24,0xBE,0xC3,0xBE,0xCD,0x70,0x09,0x94,0xC3,0x95,0x38,0xF4,0xEC, /*   9488: ."I$....p....8.. */
0xC7,0xD3,0x92,0x9D,0x95,0xBE,0x1C,0xCC,0x55,0x6B,0x49,0x62,0xBB,0xD5,0xCA,0xEB, /*   9504: ........UkIb.... */
0x73,0x23,0xDF,0x92,0x40,0xDA,0x5E,0x34,0xB0,0x99,0x9A,0xCC,0x46,0x3A,0x1E,0x81, /*   9520: s...@.^4....F:.. */
0x5E,0xFF,0xC8,0x3A,0xF8,0x94,0x1F,0xF6,0xEF,0x2E,0x58,0xAD,0xC2,0xA4,0xBE,0x3F, /*   9536: ^..:......X....? */
0x29,0xA4,0x67,0x41,0xD8,0x2E,0x99,0xC3,0x0E,0x46,0x1D,0xF0,0xA0,0x92,0xCC,0xC7, /*   9552: ).gA.....F...... */
0x63,0x8E,0x02,0xFC,0xC2,0x4F,0xDE,0xCA,0xC7,0x41,0xC4,0xDA,0x98,0xF7,0x3D,0x98, /*   9568: c....O...A....=. */
0xD1,0x4A,0x50,0x98,0xA9,0x06,0xA0,0x64,0x90,0xA1,0x25,0xC4,0x01,0xF0,0x9D,0x49, /*   9584: .JP....d..%....I */
0x98,0xC2,0xAF,0xFE,0x5E,0x95,0x36,0xA9,0x17,0x85,0x52,0x3C,0x5B,0xFF,0x29,0x17, /*   9600: ....^.6...R<[.). */
0x9B,0x88,0x22,0xA2,0xE3,0xB7,0x4C,0xBC,0x95,0x3D,0x32,0x9A,0x4E,0x34,0xA7,0xDB, /*   9616: .."...L..=2.N4.. */
0x77,0xFA,0xE2,0x03,0x88,0x3D,0xCC,0xC7,0x2E,0x84,0x3B,0x81,0x6C,0xD0,0x55,0xC4, /*   9632: w....=....;.l.U. */
0x16,0xE3,0x66,0x4C,0xBB,0xEE,0x32,0x60,0x4A,0x89,0x28,0x60,0xD0,0x3E,0x64,0x84, /*   9648: ..fL..2`J.(`.>d. */
0xB0,0x33,0xE7,0x4B,0xD6,0x2C,0x09,0x04,0x95,0x02,0x58,0x1F,0xA4,0x25,0x0B,0x0C, /*   9664: .3.K.,....X..%.. */
0x1E,0x6C,0x6F,0xF2,0x11,0xFA,0x8A,0xDD,0x4C,0x1C,0xF5,0x41,0xFF,0xA7,0xC8,0x67, /*   9680: .lo.....L..A...g */
0x11,0x91,0x0E,0xE7,0x26,0x4B,0x2A,0xFE,0xCE,0xCF,0x0E,0xB4,0xF6,0x18,0xB7,0x56, /*   9696: ....&K.........V */
0x9E,0x13,0x4F,0x07,0xCE,0x0E,0x10,0x8D,0xBD,0x5D,0xFC,0x66,0x9D,0xEA,0xDB,0xD0, /*   9712: ..O......].f.... */
0xBA,0xA3,0xCB,0x9B,0x5C,0x52,0xD1,0x1E,0x0C,0x8B,0x19,0xA4,0xE3,0x28,0x92,0xE3, /*   9728: .....R.......(.. */
0xDD,0xF9,0xD7,0x9B,0xAA,0xC9,0x24,0x11,0x3F,0xCE,0x2F,0x22,0x26,0xAA,0x30,0xFF, /*   9744: ......$.?./"&.0. */
0xAB,0xD8,0xF1,0x14,0xB8,0xE2,0x9D,0x60,0x4F,0xF0,0x59,0x0B,0x5F,0x08,0x56,0xCE, /*   9760: .......`O.Y._.V. */
0xDD,0x95,0xEE,0xBA,0x64,0x0F,0xE9,0xFB,0xD8,0x3E,0xA4,0xC4,0xD6,0x1D,0x6B,0xCF, /*   9776: ....d....>....k. */
0x5F,0xFE,0x39,0x2F,0x09,0x2D,0x40,0x35,0x06,0xEE,0xBE,0x30,0xFE,0x25,0x4F,0x2B, /*   9792: _.9/.-@5...0.%O+ */
0xEF,0xD9,0xE5,0x45,0x2D,0xC6,0x32,0xDB,0x1C,0xDA,0x17,0xF4,0xF6,0xB7,0xFD,0x03, /*   9808: ...E-.2......... */
0x35,0xF3,0xD0,0xCA,0xC6,0x35,0x30,0x21,0xD8,0x0F,0x14,0x07,0xDE,0xEE,0x56,0xD6, /*   9824: 5....50!......V. */
0x5F,0x53,0x0E,0x1C,0x4B,0x09,0xD1,0x52,0x5E,0x3B,0xE2,0x47,0xF6,0x5F,0xF9,0xEB, /*   9840: _S..K..R^;.G._.. */
0x4A,0x45,0x42,0x03,0x2A,0xE9,0x31,0xCD,0x19,0xCD,0x0E,0xE2,0x19,0x35,0x2A,0x0F, /*   9856: JEB...1......5.. */
0x41,0x1B,0x2E,0xCF,0xD1,0x20,0x3E,0x0A,0x55,0x53,0x48,0x4D,0xDD,0xEC,0x01,0x2A, /*   9872: A.... >.USHM.... */
0xFA,0x06,0x26,0xAE,0x02,0x33,0xB3,0x7F,0x04,0xC0,0xF5,0x40,0x36,0xDE,0x0F,0xE5, /*   9888: ..&..3.....@6... */
0xDC,0x0F,0xCB,0x54,0x41,0x5F,0xC7,0x04,0x41,0x47,0xDB,0xC5,0xCD,0xCA,0x4F,0x3E, /*   9904: ...TA_..AG....O> */
0x2D,0xE0,0x61,0x09,0xF9,0x21,0x52,0x07,0x46,0x39,0xDD,0xB7,0xC8,0x3C,0x5A,0x00, /*   9920: -.a..!R.F9...<Z. */
0x48,0xD2,0x0D,0xEC,0x4E,0xC3,0x05,0xF5,0xD3,0xF8,0x42,0xCB,0x02,0xC9,0x57,0xE6, /*   9936: H...N.....B...W. */
0x26,0x15,0x0C,0x04,0xD5,0xE1,0x18,0x60,0xED,0x14,0x42,0xDB,0x4C,0xDB,0x08,0xB2, /*   9952: &......`..B.L... */
0x0F,0xFE,0xD4,0x16,0x14,0xD8,0xFA,0x14,0x00,0xD3,0xE3,0xDA,0xF7,0xED,0xCC,0xC6, /*   9968: ................ */
0xFB,0x11,0x4E,0x04,0x01,0x48,0xFB,0x37,0x54,0x0B,0x49,0x12,0xEA,0x0E,0x4B,0xDA, /*   9984: ..N..H.7T.I...K. */
0xFB,0x03,0x13,0x38,0x3A,0x2C,0x0C,0x35,0x58,0xE9,0xC8,0x41,0x1A,0x01,0x10,0x2F, /*  10000: ...8:,.5X..A.../ */
0x22,0xE4,0xF3,0x22,0x1D,0x0F,0xDC,0x7F,0x3B,0x4F,0x3D,0xFA,0x24,0xF5,0xFF,0xD8, /*  10016: ".."....;O=.$... */
0x34,0x3D,0x33,0xED,0xDF,0x01,0x15,0x0C,0x09,0x49,0x18,0x27,0x3E,0x11,0x47,0x4D, /*  10032: 4=3......I.'>.GM */
0x35,0x51,0x03,0xD1,0xCF,0xD7,0x35,0x21,0x34,0xFA,0xE2,0x0D,0xC7,0x52,0x4B,0x56, /*  10048: 5Q....5!4....RKV */
0x0E,0xF1,0xD2,0x41,0x0B,0x31,0xF9,0x3E,0xEB,0xE5,0x15,0x1C,0xFD,0x33,0x17,0x54, /*  10064: ...A.1.>.....3.T */
0xD4,0xE6,0xE3,0xE4,0x24,0x06,0xC9,0x5C,0xFD,0x12,0x4D,0xD3,0x05,0x0F,0x47,0xC7, /*  10080: ....$.....M...G. */
0x1F,0xE6,0x21,0x31,0x35,0x4C,0xFA,0x2D,0x2B,0x27,0x2E,0x34,0x2E,0x30,0xF8,0xE2, /*  10096: ..!15L.-+'.4.0.. */
0x1A,0x43,0x01,0x14,0x21,0x44,0x17,0x15,0x3B,0xD7,0x00,0xED,0xCA,0x54,0x0D,0x1D, /*  10112: .C..!D..;....T.. */
0x2D,0xF1,0x14,0x50,0xD9,0xE7,0xEC,0x18,0x2D,0x19,0x0D,0x0A,0x36,0x31,0x21,0x06, /*  10128: -..P....-...61!. */
0xE8,0xD7,0x0D,0x1D,0xCD,0xDB,0xDD,0x61,0x39,0x42,0xD9,0x07,0xF0,0xD0,0x2E,0x17, /*  10144: .......a9B...... */
0x56,0x21,0xDE,0x40,0x17,0x36,0x0F,0xFC,0x02,0x45,0x53,0x3C,0x3B,0xFD,0xCB,0xE7, /*  10160: V!.@.6...ES<;... */
0x46,0x75,0x78,0x9D,0x3F,0x46,0x55,0x14,0x2C,0xE7,0x1E,0x41,0x65,0x16,0xC5,0x1E, /*  10176: Fux.?FU.,..Ae... */
0xB8,0x44,0xC9,0x1C,0x56,0xF2,0x9F,0xED,0xD4,0x5D,0x1F,0x73,0x7E,0xB6,0x1E,0xB8, /*  10192: .D..V....].s~... */
0x26,0x5F,0xC8,0x1C,0x57,0xE9,0x11,0x16,0x19,0xDE,0xB9,0xBD,0x68,0xDD,0x35,0x01, /*  10208: &_..W.......h.5. */
0x75,0xCC,0xD3,0xAE,0x08,0x01,0x0F,0xC0,0xBE,0x4C,0xE3,0x7F,0x75,0x0F,0x28,0xAE, /*  10224: u........L..u.(. */
0x79,0xFC,0xD7,0xA8,0xE4,0xD0,0x6C,0x50,0x2A,0xD4,0x67,0x10,0x2A,0xE9,0x21,0x65, /*  10240: y.....lP..g...!e */
0x24,0x75,0x4E,0x2E,0x96,0x0C,0x1F,0x04,0x27,0x4F,0x51,0x60,0x45,0x06,0x1B,0x24, /*  10256: $uN.....'OQ`E..$ */
0xD3,0xC4,0xC3,0xE5,0x0A,0xD9,0x20,0x3E,0xC6,0xE2,0x46,0xE3,0x63,0x22,0xD2,0x34, /*  10272: ...... >..F.c".4 */
0x37,0xF1,0x2F,0x07,0x55,0xD3,0x38,0x2A,0x63,0xB8,0x3D,0x5F,0xCD,0x5A,0xDA,0x4D, /*  10288: 7./.U.8.c.=_.Z.M */
0xB3,0xE7,0x33,0x0E,0xAA,0x4C,0xCA,0xB1,0x5A,0x34,0x6E,0x1C,0x35,0x63,0x36,0xE6, /*  10304: ..3..L..Z4n.5c6. */
0x12,0xCB,0x40,0xDF,0xB5,0x60,0xE4,0x26,0xE3,0x27,0xD9,0x20,0x1E,0x99,0xCA,0x42, /*  10320: ..@..`.&.'. ...B */
0xE3,0x38,0x62,0x56,0xA3,0xFB,0x37,0x58,0x53,0x28,0x0F,0x66,0xE9,0xB0,0x2F,0xAD, /*  10336: .8bV..7XS(.f../. */
0x16,0x40,0x0C,0xFE,0xF8,0x08,0xBD,0x6A,0xB1,0x34,0x23,0xD8,0xDD,0x77,0xE6,0x74, /*  10352: .@.....j.4...w.t */
0xFE,0x16,0xBE,0x04,0xC3,0xCA,0x15,0xCA,0xE8,0xB6,0x5A,0x15,0xC0,0x58,0x44,0xFE, /*  10368: ..........Z..XD. */
0xFE,0xE8,0xDB,0x2F,0x53,0xE7,0xD4,0x4D,0x7C,0x43,0xE9,0x2A,0x1E,0xFA,0x3D,0xE2, /*  10384: .../S..M|C....=. */
0xCE,0x10,0xC6,0x27,0xD4,0x3F,0xF2,0x1B,0x64,0xBE,0xF9,0x1B,0x3C,0xC6,0xC8,0x18, /*  10400: ...'.?..d...<... */
0xFB,0xFA,0xD1,0x65,0x65,0x1C,0xA8,0xDA,0x58,0xED,0x63,0xFC,0x51,0x03,0xB9,0x09, /*  10416: ...ee...X.c.Q... */
0x12,0x5B,0x00,0xB0,0xE0,0x05,0x1C,0xE3,0x24,0x32,0xEE,0x0F,0x23,0x56,0x53,0xD5, /*  10432: .[......$2...VS. */
0xF4,0x23,0xB8,0x2B,0xDE,0x5A,0xC8,0xE9,0x7F,0xD5,0x18,0xFD,0xEF,0x50,0x38,0xEF, /*  10448: ...+.Z.......P8. */
0xFF,0xF5,0x32,0x27,0xDC,0x15,0x3B,0x4C,0x17,0x5B,0x65,0xC5,0x2B,0x34,0xC0,0xD3, /*  10464: ..2'..;L.[e.+4.. */
0xEC,0xE0,0x4C,0xE6,0x12,0xCB,0x12,0x63,0xD7,0x3B,0xEC,0xF7,0x2F,0x33,0xE0,0x43, /*  10480: ..L....c.;../3.C */
0x45,0xC2,0xD0,0xCE,0x3E,0xC6,0x5A,0x29,0x37,0xDA,0x1F,0xC6,0x2E,0x4A,0x2C,0x0D, /*  10496: E...>.Z)7....J,. */
0xD6,0xFB,0x35,0xC9,0xD8,0x41,0x2A,0x2C,0x43,0x3F,0x10,0x37,0xD9,0xE6,0xFD,0x60, /*  10512: ..5..A.,C?.7...` */
0xA9,0x20,0x26,0x00,0xB8,0x0F,0x28,0x23,0x33,0x1A,0x60,0x19,0xF3,0x04,0x38,0xDA, /*  10528: . &...(.3.`...8. */
0x49,0x5E,0x12,0x2E,0x47,0x0A,0xA6,0xF8,0xDB,0xBE,0xBF,0x22,0x69,0x4C,0xF8,0x55, /*  10544: I^..G......"iL.U */
0x55,0xD5,0x69,0x68,0xD7,0x71,0xEB,0xE5,0x32,0x24,0xE0,0xD4,0xF1,0x6C,0x67,0x71, /*  10560: U.ih.q..2$...lgq */
0x57,0x13,0x47,0xF9,0xBF,0x34,0x59,0x51,0xF9,0x37,0x08,0xD8,0x21,0xB5,0x7A,0xEF, /*  10576: W.G..4YQ.7..!.z. */
0x12,0xDF,0x61,0x06,0x24,0x3F,0x2D,0x44,0x6B,0xB4,0xFE,0x0C,0x0C,0x10,0xE8,0xC8, /*  10592: ..a.$?-Dk....... */
0xE7,0xCD,0x2B,0x27,0x0A,0x46,0x3C,0x4D,0x7E,0xEF,0x10,0x48,0x16,0x16,0x23,0x5E, /*  10608: ..+'.F<M~..H...^ */
0x7C,0x70,0xE0,0xC9,0x69,0xFD,0x58,0x44,0x26,0x03,0x4B,0xFC,0x08,0x29,0xF6,0x36, /*  10624: |p..i.XD&.K..).6 */
0xEC,0xEE,0xF5,0x25,0xE1,0xF6,0xD1,0x41,0x7F,0x4D,0x30,0x51,0xF3,0xCD,0xDA,0xC4, /*  10640: ...%...A.M0Q.... */
0x1B,0x28,0x2D,0xE0,0xBF,0x76,0x59,0x58,0x56,0xEE,0x3F,0x2E,0x34,0xD1,0x1C,0xA4, /*  10656: .(-..vYXV.?.4... */
0x30,0x27,0x2D,0x03,0xE9,0xE8,0x5A,0xF3,0xC1,0x5A,0xD5,0x4F,0xF1,0x1D,0xBC,0xD7, /*  10672: 0'-...Z..Z.O.... */
0x58,0x77,0xDA,0xDB,0x35,0x47,0x10,0xCA,0x5A,0xC9,0xFF,0x3F,0xE4,0x2C,0xF6,0xF9, /*  10688: Xw..5G..Z..?.,.. */
0x24,0x15,0x18,0x17,0x4F,0x4F,0xF6,0x3C,0xCD,0x76,0x1F,0x29,0x0F,0x2D,0xC4,0x6D, /*  10704: $...OO.<.v.).-.m */
0xDB,0x00,0xF7,0x50,0xBC,0x59,0xB3,0x6B,0x0B,0xD5,0x1D,0xBB,0xED,0x06,0x1D,0xA7, /*  10720: ...P.Y.k........ */
0xCD,0x7E,0xFB,0x6D,0xE9,0x58,0x15,0x7E,0x64,0xC7,0x34,0xFD,0xF8,0x54,0x28,0x0E, /*  10736: .~.m.X.~d.4..T(. */
0x44,0xDB,0x2A,0xE8,0x42,0x24,0xF8,0x19,0x3B,0xEC,0x23,0xE6,0x36,0x0B,0x0F,0xFB, /*  10752: D...B$..;...6... */
0x0E,0x40,0xF7,0x3D,0xF2,0x10,0x22,0xE5,0x00,0x14,0x2A,0x0E,0x01,0xD1,0xFA,0x4B, /*  10768: .@.=.."........K */
0x25,0xD1,0x08,0xD6,0xF3,0x24,0xD2,0x7F,0xF6,0x09,0x3B,0xE4,0x30,0xEB,0x4A,0xFB, /*  10784: %....$....;.0.J. */
0x1E,0x0B,0x48,0x49,0x30,0x20,0xEB,0x34,0xFE,0x36,0x0D,0xED,0xF3,0xFE,0x1B,0xFA, /*  10800: ..HI0 .4.6...... */
0x08,0x34,0x1B,0xEC,0xE0,0x4E,0x40,0x42,0xF5,0x12,0xF4,0x10,0xE9,0x3C,0x34,0xDE, /*  10816: .4...N@B.....<4. */
0x45,0x20,0x24,0x13,0x01,0xFD,0x25,0x47,0x53,0x45,0x2F,0x43,0x34,0x27,0x26,0x11, /*  10832: E $...%GSE/C4'&. */
0xD0,0xDA,0xFC,0x06,0xFD,0x02,0x26,0x7D,0x0F,0xDB,0x4C,0x0D,0x09,0x36,0x2C,0xC9, /*  10848: ......&}..L..6,. */
0x46,0x41,0x4B,0x48,0x04,0x3E,0x08,0x2A,0xED,0x47,0x36,0x4D,0x14,0x2B,0x27,0xF5, /*  10864: FAKH.>...G6M.+'. */
0x41,0x02,0x1A,0x31,0x28,0x3B,0x4C,0x31,0x35,0x17,0x1A,0xE0,0xE2,0x13,0x18,0x3F, /*  10880: A..1(;L15......? */
0xDF,0xE1,0x12,0x40,0x2A,0x38,0x3A,0x3D,0x48,0x1E,0xDE,0x39,0xEF,0xEB,0x17,0x18, /*  10896: ...@.8:=H..9.... */
0x30,0x27,0x15,0x21,0x39,0x07,0x07,0x07,0xF7,0x13,0x13,0x21,0x1B,0x03,0xDE,0xE1, /*  10912: 0'.!9......!.... */
0x0B,0xEF,0x09,0x24,0x04,0x43,0xEF,0x12,0x2D,0x26,0x00,0xEC,0x49,0xF1,0x26,0x0F, /*  10928: ...$.C..-&..I.&. */
0x3E,0x0C,0x32,0xF2,0xE5,0x2D,0xE6,0x41,0x22,0x26,0xED,0x08,0x2A,0xFD,0x06,0xF5, /*  10944: >.2..-.A"&...... */
0xF0,0x20,0x05,0x35,0x02,0xF5,0xF5,0xDB,0xFF,0x0B,0x2C,0x28,0x13,0x26,0xE6,0xED, /*  10960: . .5......,(.&.. */
0x05,0x34,0xFF,0xE1,0x37,0x35,0xD6,0x46,0x2C,0xD7,0x3C,0x0A,0x04,0xDD,0x00,0xFE, /*  10976: .4..75.F,.<..... */
0x2A,0x12,0xDD,0xEB,0xDC,0x1F,0xD9,0x1A,0x0D,0xD8,0xD9,0xDF,0x39,0x3D,0x12,0x3F, /*  10992: ............9=.? */
0x3F,0xEE,0xE6,0x1C,0xD7,0xD7,0x23,0x38,0xDD,0x0D,0x0B,0x1F,0x0E,0x0A,0x31,0xFC, /*  11008: ?......8......1. */
0x01,0x3A,0x19,0xFA,0xE8,0x32,0x1C,0x09,0x1F,0x44,0x0A,0xF4,0x42,0xEA,0xDC,0x43, /*  11024: .:...2...D..B..C */
0x08,0x27,0x34,0xD8,0xD4,0xD3,0xDB,0x7F,0x2A,0xD9,0x43,0xF6,0x37,0xF5,0x06,0x01, /*  11040: .'4.......C.7... */
0xD3,0x06,0xFB,0xD5,0xE9,0xEA,0x29,0x42,0xF0,0x04,0x08,0x41,0x39,0x29,0xCD,0x38, /*  11056: ......)B...A9).8 */
0x32,0xF5,0x1F,0x0D,0x19,0x2F,0xE8,0x1F,0xF7,0xE6,0xE4,0x23,0xE1,0xD1,0x0D,0x08, /*  11072: 2..../.......... */
0xF8,0xE6,0x0F,0x38,0x15,0x31,0xED,0x3C,0x01,0xEF,0xCD,0x26,0x25,0x15,0xF7,0x02, /*  11088: ...8.1.<...&%... */
0xD1,0xD6,0xFB,0xEB,0x35,0x40,0xF7,0x47,0xF0,0xE0,0x31,0xEE,0x39,0xDD,0x1F,0x2B, /*  11104: ....5@.G..1.9..+ */
0x36,0xD2,0x0F,0xF8,0xFC,0xFC,0xE0,0xDA,0xDD,0x25,0xFB,0x07,0x31,0x18,0xD3,0x40, /*  11120: 6........%..1..@ */
0x25,0xC7,0x24,0x4E,0x0A,0x97,0x8E,0x8D,0x2E,0x4B,0x1B,0xD8,0x2B,0x21,0x38,0x48, /*  11136: %.$N.....K..+!8H */
0x5C,0xAE,0x9E,0x92,0x13,0x07,0x16,0x40,0xF6,0x06,0x3F,0x1B,0x28,0xF4,0x8C,0x55, /*  11152: .......@..?.(..U */
0x93,0xFE,0xB2,0x5C,0x1D,0x1E,0xA9,0x36,0x58,0xC7,0xC3,0x54,0x5B,0xE1,0xE0,0x51, /*  11168: .......6X..T[..Q */
0x84,0xD4,0xE0,0xC9,0xD9,0x2A,0xA7,0xF1,0xC7,0xF8,0xAC,0x41,0x3A,0x51,0x52,0xCE, /*  11184: ...........A:QR. */
0x4C,0x61,0xB1,0x51,0xEE,0xDD,0x84,0xB9,0x37,0x12,0xC9,0x1F,0xAB,0x37,0xD0,0xD1, /*  11200: La.Q....7....7.. */
0xA4,0xD0,0x08,0xEE,0xB5,0xEB,0x43,0xE5,0x4F,0x53,0xE8,0xBF,0x8C,0xC3,0xCD,0x91, /*  11216: ......C.OS...... */
0xCD,0x5C,0x0F,0xFF,0x29,0xB4,0xF7,0x18,0x5A,0xC5,0x19,0x96,0xB0,0xAF,0x2A,0xA1, /*  11232: ....)...Z....... */
0x54,0xEA,0x99,0xBE,0x9B,0xE2,0x64,0xDA,0xA3,0x1F,0x36,0xC7,0xD7,0x81,0xD1,0xF5, /*  11248: T.....d...6..... */
0x11,0x54,0xB2,0xC1,0xC5,0x8D,0x40,0xA7,0x09,0xA5,0x4A,0xAB,0xB2,0x46,0x37,0x13, /*  11264: .T....@...J..F7. */
0xA9,0xD6,0xAE,0x00,0xDE,0x46,0xDC,0x18,0x16,0x0A,0x2E,0xB8,0xA3,0x4C,0x9B,0xA4, /*  11280: .....F.......L.. */
0x6E,0x22,0x41,0x5F,0xFA,0x90,0xA0,0xA3,0xE5,0xDE,0x8B,0xBC,0xD2,0xC0,0x57,0x97, /*  11296: n"A_..........W. */
0x2C,0xA3,0x8A,0xF1,0x95,0xB7,0x5E,0x05,0x31,0xDC,0xD0,0xBA,0xFF,0x14,0x5F,0x26, /*  11312: ,.....^.1....._& */
0x16,0x32,0xA3,0xC2,0xD1,0xEF,0x1D,0x33,0x01,0xA0,0x04,0xF0,0xEC,0x34,0x99,0xDD, /*  11328: .2.....3.....4.. */
0x5F,0xBD,0xA5,0x46,0x1B,0xD4,0xC1,0xD5,0xE7,0xB7,0xFA,0xBF,0x2A,0xA8,0xB7,0xFB, /*  11344: _..F............ */
0x69,0xC1,0x57,0x39,0xA4,0x9B,0x46,0x97,0xBC,0xB9,0xA9,0x09,0xA5,0x3C,0x35,0xD9, /*  11360: i.W9..F......<5. */
0x81,0x1A,0x1B,0x50,0xE5,0x23,0x28,0xB3,0xC6,0xFE,0x9F,0xE0,0x39,0xEF,0x8B,0xA0, /*  11376: ...P..(.....9... */
0x10,0x1F,0xD3,0x4F,0xD9,0x99,0xCF,0x51,0x18,0xFA,0xB6,0xC4,0x9A,0x56,0xD3,0x27, /*  11392: ...O...Q.....V.' */
0xB6,0xF8,0x60,0x43,0xA6,0xB7,0x99,0x63,0x4C,0x4A,0x38,0x1E,0xF4,0xFA,0xA9,0xA8, /*  11408: ..`C...cLJ8..... */
0xB6,0xA9,0xED,0x17,0x6F,0xC9,0x35,0x16,0xCF,0xAC,0x84,0x11,0x57,0xA1,0x2F,0xE9, /*  11424: ....o.5.....W./. */
0xF9,0xA3,0x68,0x45,0x68,0x90,0xE6,0x31,0x88,0xF1,0xAB,0x3E,0x35,0x40,0x8C,0x93, /*  11440: ..hEh..1...>5@.. */
0xCF,0x98,0x88,0xE2,0xB2,0xC8,0x3D,0x9A,0xC3,0x85,0x3B,0x9C,0xDD,0x2F,0x5A,0x13, /*  11456: ......=...;../Z. */
0x14,0x36,0x61,0x21,0xD0,0x13,0x5B,0x2A,0x38,0xC4,0x9B,0x03,0x99,0xAC,0xA4,0x29, /*  11472: .6a!..[.8......) */
0xC0,0xB7,0x94,0x09,0x1A,0x8F,0x29,0xB0,0x5A,0xA8,0xBF,0x0C,0x2F,0x65,0x0D,0x4E, /*  11488: ......).Z.../e.N */
0x17,0x93,0xE1,0xD3,0x06,0xA2,0x9B,0xC3,0x63,0x57,0x96,0xC0,0x37,0x39,0xDA,0x8A, /*  11504: ........cW..79.. */
0xEB,0x4E,0x03,0xF3,0x3F,0x14,0xEA,0x34,0x21,0xF3,0x5A,0x2F,0x14,0x23,0x5D,0x69, /*  11520: .N..?..4!.Z/..]i */
0x42,0xE2,0xC4,0x3F,0x4D,0xFD,0xFC,0xD4,0x48,0x67,0xF5,0xF1,0x1E,0x1E,0x02,0xEA, /*  11536: B..?M...Hg...... */
0x32,0x29,0xE2,0x4F,0x0B,0x1E,0xCE,0x7F,0x48,0x37,0xFF,0xD2,0xF9,0x41,0xD0,0xCD, /*  11552: 2).O....H7...A.. */
0x3C,0x07,0x2E,0x59,0x02,0x00,0xD3,0x37,0x4B,0x43,0x29,0x66,0xDD,0x21,0xD3,0x06, /*  11568: <..Y...7KC)f.!.. */
0x2E,0xD4,0xE5,0xF2,0x45,0x36,0xE7,0x0B,0x12,0xDC,0x57,0x16,0xB4,0xE2,0x69,0x27, /*  11584: ....E6....W...i' */
0x29,0x5C,0x08,0x00,0x00,0xD8,0xC5,0xCF,0xF7,0x0A,0x21,0x48,0x2E,0x36,0x13,0x14, /*  11600: ).........!H.6.. */
0x34,0x02,0x2E,0xDF,0x08,0x2A,0x54,0x57,0xDE,0x02,0xDF,0xFA,0x5C,0xF1,0xE4,0xEB, /*  11616: 4.....TW........ */
0x6C,0x3E,0x58,0x03,0x13,0x21,0x4B,0x16,0xDF,0xFD,0x08,0x2B,0x0F,0x43,0x50,0xD9, /*  11632: l>X..!K....+.CP. */
0xD2,0x0E,0x12,0x0C,0x30,0x24,0x4F,0xF8,0x0D,0x58,0xEF,0xC3,0xE5,0xE9,0x4A,0x50, /*  11648: ....0$O..X....JP */
0x0A,0xEE,0xE4,0xD9,0x3C,0x5A,0x4A,0xF4,0x58,0x49,0xDD,0xCD,0x4B,0x13,0xDD,0x20, /*  11664: ....<ZJ.XI..K..  */
0xFD,0xCE,0x3B,0x12,0x06,0x67,0xEB,0x02,0x02,0x2B,0x68,0x3F,0x1D,0xDA,0x1F,0x38, /*  11680: ..;..g...+h?...8 */
0x0C,0x45,0xF5,0x52,0xF8,0x0E,0x3C,0xD5,0x58,0xD4,0x42,0x3C,0xE7,0x31,0xDC,0xF5, /*  11696: .E.R..<.X.B<.1.. */
0xFB,0x25,0xD8,0x1C,0xDA,0xE4,0x2C,0xEC,0x1C,0x1A,0xDB,0xFD,0xD2,0x2D,0x19,0x2C, /*  11712: .%....,......-., */
0xDB,0xD5,0xFB,0xE6,0x23,0xE8,0xD8,0xD7,0x10,0xE3,0xD9,0x1C,0x33,0xD0,0x05,0xE7, /*  11728: ............3... */
0xFB,0xF0,0x3C,0xD4,0x22,0xE9,0x0E,0x7F,0xDB,0x39,0x0A,0xC7,0x44,0xF5,0x01,0x3A, /*  11744: ..<."....9..D..: */
0xE8,0xD8,0x2D,0x1F,0x42,0xFC,0xC7,0x22,0x00,0xD2,0x0C,0x21,0x2F,0xC9,0x23,0x39, /*  11760: ..-.B.."...!/..9 */
0xFA,0x3E,0x37,0xCB,0x0D,0x0D,0xF4,0xF4,0x27,0x23,0xC8,0xDC,0x23,0xE4,0xFF,0x2C, /*  11776: .>7.....'......, */
0xEA,0x0C,0xC8,0x22,0x19,0xF6,0x22,0x13,0x3A,0x2D,0xC9,0xF1,0xD6,0xD9,0x42,0xCF, /*  11792: ..."..".:-....B. */
0xC7,0x3B,0x10,0x33,0xCD,0x24,0x1F,0x1C,0x44,0x15,0x11,0x1F,0x2B,0xF3,0xCD,0x06, /*  11808: .;.3.$..D...+... */
0x0D,0x0D,0x44,0x0C,0x46,0x37,0xE4,0x0F,0x05,0x28,0x0A,0x01,0xFC,0x17,0x03,0xCB, /*  11824: ..D.F7...(...... */
0x20,0xFE,0xD6,0x22,0xF8,0xED,0xF0,0xCC,0x0D,0xD1,0xF2,0x17,0xED,0x24,0x26,0x22, /*  11840:  ..".........$&" */
0x33,0x26,0xCF,0xFA,0xE8,0x10,0x1A,0x10,0x35,0x13,0xC6,0xFF,0x1C,0xCA,0x30,0x24, /*  11856: 3&......5.....0$ */
0xEB,0x37,0x2C,0xDC,0x0F,0xD5,0x0C,0x1A,0x3E,0x39,0xED,0xF0,0xEF,0x09,0x16,0xDE, /*  11872: .7,.....>9...... */
0xE7,0x1B,0xD6,0x31,0xD3,0xEE,0xCC,0xEC,0x21,0xCD,0xEC,0xE0,0xFE,0xCF,0x24,0x0C, /*  11888: ...1....!.....$. */
0xFF,0xEB,0x3A,0x42,0xAC,0x00,0x25,0xBC,0xF8,0x39,0x30,0xF1,0x74,0xC6,0x1B,0x0E, /*  11904: ..:B..%..90.t... */
0x9B,0xFD,0x04,0x27,0xD6,0x65,0x99,0xF9,0x47,0x82,0x5D,0xA4,0x9F,0x92,0x30,0xAA, /*  11920: ...'.e..G.]...0. */
0xAE,0x39,0x95,0x19,0x9B,0x8A,0x64,0xCE,0x27,0x11,0xAA,0x06,0xB5,0xE9,0x61,0xDE, /*  11936: .9....d.'.....a. */
0xC1,0xEC,0x0D,0xBE,0xDC,0x0B,0xCE,0xEF,0xCB,0x0D,0x85,0xD3,0x1E,0x0B,0xFF,0x52, /*  11952: ...............R */
0x90,0x9D,0x4B,0x25,0xE2,0x8C,0x1C,0x3A,0xEC,0xE4,0xEE,0x3B,0x98,0x17,0x97,0xC4, /*  11968: ..K%...:...;.... */
0x32,0xA0,0xC3,0xFC,0xDB,0x57,0x38,0x0E,0x3B,0xB3,0x0D,0xBB,0xFB,0x94,0x09,0xD3, /*  11984: 2....W8.;....... */
0xC6,0x4F,0xFE,0x5E,0xB2,0x82,0x49,0xB4,0x07,0x46,0x8E,0x3A,0x4A,0xF7,0xF9,0xA2, /*  12000: .O.^..I..F.:J... */
0xDA,0x38,0xF3,0xBE,0x21,0x2F,0x60,0x46,0xF1,0x4F,0x90,0xA4,0x26,0x41,0x54,0xF0, /*  12016: .8..!/`F.O..&AT. */
0x61,0x3A,0xFE,0xE8,0x4B,0x81,0xD1,0x87,0x9A,0x84,0xEC,0xED,0x0A,0x03,0x42,0xB0, /*  12032: a:..K.........B. */
0xD2,0xEC,0xF5,0xEB,0x2A,0xFF,0xE7,0xBE,0x50,0x2B,0x1D,0xFF,0xC3,0x2E,0x22,0x00, /*  12048: ........P+....". */
0xCC,0x49,0x8E,0x0E,0xEA,0x5A,0x0B,0xF5,0x95,0xA6,0x49,0x61,0x1B,0x94,0x59,0x0D, /*  12064: .I...Z....Ia..Y. */
0x67,0xA6,0xC8,0x94,0xB4,0xD5,0xE2,0x33,0x1F,0x88,0x28,0x99,0x2F,0x09,0x3E,0xE4, /*  12080: g......3..(./.>. */
0xA4,0x66,0x18,0x24,0x3D,0x3C,0x84,0xAE,0x17,0xBF,0xE7,0x78,0xE1,0x4C,0x44,0x2E, /*  12096: .f.$=<.....x.LD. */
0xB4,0x12,0x5A,0x88,0x96,0xB8,0xA3,0x69,0x02,0x5F,0x6A,0x26,0xE6,0x8D,0xBB,0x21, /*  12112: ..Z....i._j&...! */
0x5E,0xFC,0x4C,0xB2,0xCF,0x2E,0x04,0x02,0xA3,0x32,0x52,0x82,0xD1,0x6D,0xB5,0x6E, /*  12128: ^.L......2R..m.n */
0x31,0xFC,0xBA,0xFD,0xF1,0x39,0x10,0xAB,0xC8,0x66,0xE1,0x9E,0xB3,0x68,0xAB,0xC5, /*  12144: 1....9...f...h.. */
0x62,0x6B,0xF1,0x73,0xF0,0x54,0x2A,0x9D,0x09,0xE9,0xF1,0x05,0x44,0x4D,0x11,0x36, /*  12160: bk.s.T......DM.6 */
0x4F,0x50,0x85,0xEC,0xAF,0x07,0x17,0xC2,0x31,0xAF,0x59,0x84,0x6D,0xBB,0xA3,0x2F, /*  12176: OP......1.Y.m../ */
0x49,0xAC,0xDD,0x9A,0xEA,0xA3,0xB9,0x55,0x5B,0x7A,0xB3,0xB9,0x2F,0xE4,0xB7,0x71, /*  12192: I......U[z../..q */
0xEC,0x23,0x67,0xB8,0xD6,0x95,0x1B,0xDE,0xB4,0x19,0x0F,0x0B,0x81,0xFE,0xED,0x10, /*  12208: ..g............. */
0x15,0xBA,0x3A,0x1B,0xF4,0x1E,0x36,0xBB,0x90,0xAB,0xD6,0x32,0x57,0xF2,0xC6,0xA1, /*  12224: ..:...6....2W... */
0x36,0xC9,0x24,0x6C,0x24,0xBC,0xF1,0xFE,0x3B,0xDC,0x09,0x85,0xE5,0x91,0x48,0x1F, /*  12240: 6.$l$...;.....H. */
0x39,0x62,0x10,0x3E,0xB7,0x47,0x72,0x93,0x2B,0x16,0x20,0xEA,0xB0,0x46,0xB5,0x1B, /*  12256: 9b.>.Gr.+. ..F.. */
0x1F,0xBE,0x39,0x4B,0x4A,0x5E,0xBD,0xC6,0xEF,0x51,0xCC,0x27,0xB0,0xD0,0x73,0xCB, /*  12272: ..9KJ^...Q.'..s. */
0xE6,0x05,0x2D,0x4D,0xA9,0xC5,0x91,0x8A,0xCF,0xEB,0xFE,0x9B,0x2D,0x90,0x2E,0xB8, /*  12288: ..-M........-... */
0xAB,0x87,0x2F,0xBD,0xC9,0x93,0x92,0xD2,0x11,0x9F,0x44,0x8F,0xF4,0x2B,0x3D,0xF7, /*  12304: ../.......D..+=. */
0xDA,0xC0,0xDC,0xC3,0x61,0x4E,0x26,0xCD,0x2E,0x92,0xD1,0xBD,0x1E,0xA6,0xB3,0x29, /*  12320: ....aN&........) */
0x97,0x4C,0xA1,0xC5,0xC4,0x56,0x07,0x1F,0x00,0x9F,0x40,0x22,0x44,0xD5,0xE6,0xAE, /*  12336: .L...V....@"D... */
0x09,0xA3,0xCA,0xBD,0x36,0xE8,0x31,0x63,0xEA,0x33,0x29,0x30,0x91,0x9A,0x64,0x81, /*  12352: ....6.1c.3)0..d. */
0xC7,0x4E,0x92,0x06,0xA8,0x1B,0x4B,0xA9,0x55,0x85,0xE6,0x2C,0x5E,0x2C,0xCF,0xA2, /*  12368: .N....K.U..,^,.. */
0x0E,0x35,0x97,0xBA,0x49,0x2E,0xC4,0xB2,0xB0,0x9B,0xEC,0x13,0xF1,0x4C,0xE9,0x53, /*  12384: .5..I........L.S */
0x2E,0xBF,0xEF,0x65,0x22,0x1C,0xB5,0x31,0xBE,0xBC,0xDE,0xE3,0x27,0x0C,0xC2,0x86, /*  12400: ...e"..1....'... */
0xE6,0xFD,0x63,0x17,0xFC,0xE3,0xFF,0x24,0x9C,0xFD,0x22,0x13,0x62,0x4E,0x84,0xA5, /*  12416: ..c....$..".bN.. */
0x33,0x13,0xA4,0xED,0x9F,0xFD,0xB9,0xF6,0xAD,0xA0,0xEA,0xD9,0xB7,0xDE,0xE3,0x30, /*  12432: 3..............0 */
0x8E,0x9B,0x47,0x3B,0x16,0x4A,0xB5,0x02,0x08,0xE7,0xB2,0xAD,0xB8,0x96,0xE0,0x9E, /*  12448: ..G;.J.......... */
0xFB,0x61,0xF7,0xB1,0x1A,0x28,0x85,0xB8,0xB8,0xF4,0xB1,0xD0,0x40,0x05,0x9E,0x83, /*  12464: .a...(......@... */
0x47,0xCB,0x3E,0x1B,0x43,0xEC,0x67,0x0C,0xF8,0xDD,0x3F,0x04,0xFC,0xED,0xF9,0x47, /*  12480: G.>.C.g...?....G */
0xD2,0xEC,0xF8,0xEC,0x22,0x15,0x3E,0xF5,0x1B,0x39,0xE8,0x6B,0x71,0xD9,0xFD,0xF5, /*  12496: ....".>..9.kq... */
0xFE,0xFB,0x45,0x54,0xD9,0x12,0x25,0x49,0x5C,0x63,0xF9,0x5B,0xCE,0x1D,0x7F,0x27, /*  12512: ..ET..%I.c.[...' */
0x7B,0xEC,0xE5,0x65,0xF6,0x68,0x08,0xCE,0xD3,0xE1,0x51,0x38,0xD6,0x67,0x5D,0xC4, /*  12528: {..e.h....Q8.g]. */
0xD8,0x36,0x09,0x2E,0x4C,0x1B,0x3E,0x47,0x74,0xFD,0x07,0xDC,0xFD,0x53,0x03,0x23, /*  12544: .6..L.>Gt....S.. */
0x6E,0xD7,0xE8,0x1E,0x13,0x1E,0xC6,0xDA,0x44,0x5E,0x4A,0x66,0xCE,0xD2,0xD4,0x33, /*  12560: n.......D^Jf...3 */
0x4D,0x60,0x13,0x24,0xEE,0xEA,0x2F,0x15,0x12,0x54,0x28,0x19,0x55,0xFF,0x68,0x01, /*  12576: M`.$../..T(.U.h. */
0x09,0x6C,0x06,0x5B,0x1C,0xEE,0xE9,0x00,0xCF,0xDE,0x2F,0x12,0x79,0x5C,0x53,0x3A, /*  12592: .l.[....../.y.S: */
0xE5,0x34,0x3B,0x5F,0x4B,0x48,0x26,0xDD,0x11,0x0B,0x08,0xB8,0x14,0x64,0xE1,0xF4, /*  12608: .4;_KH&......d.. */
0x2C,0x2D,0xBE,0x61,0xE6,0x71,0xB2,0xCF,0x25,0x77,0xE6,0xFF,0x16,0xE5,0x59,0x57, /*  12624: ,-.a.q..%w....YW */
0x2B,0xC2,0xD4,0xB3,0x03,0x58,0x55,0xF2,0x11,0xDA,0x20,0xAD,0xFE,0xBF,0x38,0xEB, /*  12640: +....XU... ...8. */
0x1F,0xCC,0xE4,0x5B,0x68,0xEC,0x11,0x07,0x0D,0x4B,0x7E,0x37,0x64,0x4C,0x39,0xEE, /*  12656: ...[h....K~7dL9. */
0x11,0x1B,0xE8,0x03,0xFB,0xE3,0x4E,0xDE,0xE2,0x4F,0x12,0xC6,0x2A,0x16,0x21,0x26, /*  12672: ......N..O....!& */
0x2D,0x27,0x4D,0x49,0x22,0x46,0x0F,0x50,0x3E,0x42,0x10,0xE8,0x30,0xBA,0xDA,0xEC, /*  12688: -'MI"F.P>B..0... */
0x31,0x0D,0x46,0x05,0x2A,0x24,0x48,0x7F,0x29,0x2F,0x4B,0x3E,0x3E,0xCF,0x22,0x06, /*  12704: 1.F..$H.)/K>>.". */
0x49,0x5A,0x38,0x3A,0x34,0x51,0xE4,0x22,0x1B,0x2D,0xF3,0x55,0x13,0xD5,0xCD,0x3D, /*  12720: IZ8:4Q.".-.U...= */
0xF0,0x0C,0xFB,0xDC,0x23,0x06,0x1B,0x1C,0xF8,0xFD,0xEF,0x20,0xC9,0xDE,0xFD,0x3D, /*  12736: ........... ...= */
0x14,0x04,0x0C,0x33,0xE7,0x07,0xE8,0x21,0xF3,0xD9,0xD1,0x01,0xF8,0xF1,0xD5,0x3E, /*  12752: ...3...!.......> */
0x0B,0xF0,0x3D,0xEB,0xDA,0x43,0x20,0x40,0xEF,0x2F,0x0F,0x27,0x3D,0x2F,0xE8,0x34, /*  12768: ..=..C @./.'=/.4 */
0xF3,0x16,0x60,0x16,0x0A,0xF0,0x36,0x3A,0xE7,0x23,0x03,0xDA,0x33,0xF7,0x1F,0xF1, /*  12784: ..`...6:....3... */
0xF4,0x16,0xFE,0xF3,0xE2,0xF7,0x15,0x1D,0xE6,0x52,0x51,0x26,0xBB,0x06,0x10,0xED, /*  12800: .........RQ&.... */
0x57,0x13,0x17,0x58,0x1F,0x10,0x00,0x42,0xED,0x46,0x1F,0xF2,0x08,0x40,0xD5,0xD3, /*  12816: W..X...B.F...@.. */
0xE4,0xFA,0x4F,0xE5,0x0C,0x0F,0xDA,0xDD,0x55,0x12,0x48,0xD7,0x1E,0xE3,0xF8,0xBD, /*  12832: ..O.....U.H..... */
0xF0,0xEA,0x16,0xF4,0x55,0x3A,0xD0,0xD4,0x07,0xF9,0xDD,0x4E,0x2E,0xD8,0xCD,0xDD, /*  12848: ....U:.....N.... */
0x4E,0x31,0xF8,0x25,0xFA,0xEC,0x49,0x12,0x32,0xD8,0xE4,0xE8,0xFA,0x2A,0xFA,0x4C, /*  12864: N1.%..I.2......L */
0x3F,0xEA,0xEE,0x06,0x19,0x17,0xDE,0x44,0x62,0x50,0x01,0x09,0x11,0xD1,0xF9,0x10, /*  12880: ?......DbP...... */
0x02,0x36,0x37,0x11,0xF2,0x38,0xF8,0x7F,0x25,0x1E,0x2A,0x12,0x17,0x0B,0x46,0x0F, /*  12896: .67..8..%.....F. */
0x17,0xFD,0xFC,0x1C,0x38,0x05,0x03,0x51,0x18,0xEC,0xE0,0x35,0x3A,0xF2,0xD2,0x4A, /*  12912: ....8..Q...5:..J */
0x21,0xDD,0x00,0x37,0xE0,0x16,0xE0,0xF3,0xDE,0xDE,0x2D,0xFE,0x31,0x4F,0xEB,0x2D, /*  12928: !..7......-.1O.- */
0x06,0x02,0x11,0x02,0x08,0x22,0xF6,0x47,0x29,0x4A,0x39,0x0E,0x33,0xF0,0x09,0x11, /*  12944: .....".G)J9.3... */
0x06,0x11,0xE6,0x11,0xE4,0x31,0x09,0x4B,0xED,0xEB,0x15,0xDD,0x3C,0xF2,0x22,0xE6, /*  12960: .....1.K....<.". */
0x13,0x0D,0xEC,0xFB,0x07,0x4A,0xFD,0x30,0x47,0x40,0x45,0x29,0x18,0x10,0xE2,0x1A, /*  12976: .....J.0G@E).... */
0x24,0x0F,0xFE,0x0B,0xEA,0x21,0xFA,0x4E,0x39,0xE5,0x3B,0xE3,0x15,0x0E,0x44,0x46, /*  12992: $....!.N9.;...DF */
0x22,0x09,0xE2,0xE0,0xD2,0x48,0xCD,0xEB,0xE5,0x52,0xE9,0x1F,0xF3,0x09,0x04,0x42, /*  13008: "....H...R.....B */
0xD8,0xE9,0x2B,0x05,0xCB,0x31,0x12,0x23,0x35,0xE2,0x50,0x18,0x30,0x11,0x3A,0xC7, /*  13024: ..+..1..5.P.0.:. */
0x41,0x18,0x43,0x0B,0xFE,0x47,0xCB,0x11,0x41,0x36,0x51,0x3A,0x05,0x26,0xD2,0x00, /*  13040: A.C..G..A6Q:.&.. */
0xDF,0xFC,0xDA,0xCE,0xD1,0x65,0xBF,0x2E,0x48,0x02,0x05,0xCF,0x13,0xA9,0xFE,0x54, /*  13056: .....e..H......T */
0x15,0xC4,0x63,0xC2,0x46,0xD2,0x1C,0x39,0xF6,0x2B,0x63,0x0A,0x69,0xB2,0x33,0x27, /*  13072: ..c.F..9.+c.i.3' */
0xF5,0xC9,0xB7,0xAD,0xC5,0x11,0x0D,0x1E,0x09,0xD9,0x58,0x01,0xC4,0xF4,0x3E,0x39, /*  13088: ..........X...>9 */
0xE4,0x55,0x15,0x5C,0xDF,0xBC,0x3C,0x73,0xB3,0x50,0x6B,0xF9,0x44,0x77,0xBF,0x75, /*  13104: .U....<s.Pk.Dw.u */
0x73,0x38,0x39,0xDD,0x60,0xB1,0x52,0xB2,0x0E,0x35,0xBE,0xB3,0xCA,0x2B,0x2F,0x64, /*  13120: s89.`.R..5...+/d */
0x1F,0x19,0xCA,0xB7,0x1C,0x5E,0xE5,0x2F,0x6B,0xC8,0x63,0x05,0x30,0xC2,0x45,0xAA, /*  13136: .....^./k.c.0.E. */
0x18,0xCB,0xB4,0x60,0x65,0x07,0xD1,0x58,0x46,0x67,0xD0,0x05,0xFA,0x47,0xF8,0xC0, /*  13152: ...`e..XFg...G.. */
0x3C,0xCB,0x27,0x0F,0x18,0x1C,0x18,0x71,0x19,0x38,0xD2,0xDD,0x6F,0x61,0x32,0x2B, /*  13168: <.'....q.8..oa2+ */
0xC7,0x42,0x10,0xF1,0xAC,0x6E,0x0A,0xE5,0x2E,0x10,0x17,0x3E,0xF2,0xD2,0x38,0x69, /*  13184: .B...n.....>..8i */
0x6F,0x09,0xA0,0x3C,0x10,0x67,0x59,0x6A,0xFC,0xF3,0x49,0x1B,0x6B,0xBB,0x11,0x3B, /*  13200: o..<.gYj..I.k..; */
0x03,0x28,0x06,0x67,0xE5,0x1B,0x60,0x7F,0x36,0x50,0xD3,0x10,0x0C,0x1B,0xB7,0x16, /*  13216: .(.g..`.6P...... */
0xF5,0x32,0x39,0xF3,0xFA,0x1F,0xD0,0x6D,0x00,0x35,0x3A,0x57,0xE0,0xBA,0xD0,0xBC, /*  13232: .29....m.5:W.... */
0xFF,0x3D,0x82,0xE6,0x48,0xB2,0xE9,0x3A,0xFF,0x51,0xF7,0x09,0x8E,0xAA,0x53,0xF4, /*  13248: .=..H..:.Q....S. */
0x99,0x15,0x56,0x95,0x69,0xA0,0x02,0x0D,0x2F,0xBB,0x58,0x5B,0xDD,0x32,0xC7,0x0B, /*  13264: ..V.i.../.X[.2.. */
0xBA,0xFB,0xC9,0x3A,0x99,0x81,0xA2,0x9C,0x5F,0x24,0x61,0x61,0xF6,0x5A,0xE2,0x8D, /*  13280: ...:...._$aa.Z.. */
0xC6,0xDE,0x00,0xEF,0xD8,0x56,0xD6,0xF4,0x8D,0x41,0x5B,0x24,0x3B,0x58,0x2C,0xAC, /*  13296: .....V...A[$;X,. */
0x98,0xB5,0x88,0x40,0xD3,0xFF,0x2F,0x0C,0xDD,0x8E,0x13,0x2B,0x96,0x25,0xBC,0xF3, /*  13312: ...@../....+.%.. */
0x8C,0x0D,0x5A,0x96,0x51,0x66,0x6E,0x67,0x0A,0x41,0x8F,0x90,0x45,0x32,0x2A,0xEA, /*  13328: ..Z.Qfng.A..E2.. */
0xE3,0x93,0x82,0xB1,0x9E,0x9D,0xAF,0xA1,0x54,0x6D,0x64,0xC2,0xBA,0xE9,0xDF,0x30, /*  13344: ........Tmd....0 */
0x5E,0xA0,0xB2,0x12,0x89,0x1F,0xD3,0x89,0xD0,0x1E,0x48,0x18,0x10,0xC2,0x91,0x91, /*  13360: ^.........H..... */
0xE9,0xF7,0xE6,0x4D,0x4A,0x09,0xCD,0x04,0x0E,0x11,0xBC,0xB9,0x24,0x54,0x8F,0xB2, /*  13376: ...MJ.......$T.. */
0x08,0x58,0xBD,0x2F,0xAD,0x9F,0x6D,0x23,0x47,0x42,0xF9,0x2E,0x26,0x66,0xD1,0x53, /*  13392: .X./..m.GB..&f.S */
0xF1,0xB2,0xA6,0x23,0x11,0x92,0xCF,0x90,0x38,0xEE,0x82,0x52,0x23,0xCE,0x1C,0x55, /*  13408: ........8..R...U */
0x0D,0xA0,0xB2,0x06,0x4E,0xB1,0x4B,0xE7,0x2F,0x17,0x17,0xE2,0xAB,0xC2,0xAD,0xA2, /*  13424: ....N.K./....... */
0x83,0xCE,0x68,0xB4,0xA4,0xE1,0x1E,0x01,0xCC,0x89,0x37,0xB0,0xAD,0xAB,0xC1,0x5E, /*  13440: ..h.......7....^ */
0x28,0x20,0xC1,0xAB,0x32,0xBF,0x0E,0xBE,0x1A,0xFE,0x95,0xC5,0x6A,0xA5,0x59,0x3D, /*  13456: ( ..2.......j.Y= */
0xCC,0xAC,0xC1,0xFB,0x3A,0xD6,0x91,0xA3,0xDB,0xFD,0x33,0xA5,0xA7,0x3C,0x6B,0x53, /*  13472: ....:.....3..<kS */
0xD5,0x93,0xDF,0x2D,0x29,0x39,0x08,0x68,0x00,0xC2,0xD2,0x36,0xD4,0x81,0x19,0x8F, /*  13488: ...-)9.h...6.... */
0x69,0xEC,0xA5,0x31,0x16,0xB5,0xEB,0xDA,0xE5,0xE4,0x2D,0x4D,0xF5,0x8F,0x46,0x08, /*  13504: i..1......-M..F. */
0x07,0x88,0x8F,0x1C,0x94,0x37,0x14,0x03,0x2D,0xA0,0x38,0x27,0x14,0x03,0xE1,0xAC, /*  13520: .....7..-.8'.... */
0x21,0x41,0x30,0xD0,0x01,0xC6,0xB7,0xC3,0xCC,0x1E,0xD7,0xE1,0x8B,0xD9,0xCF,0xE7, /*  13536: !A0............. */
0xCE,0x50,0x53,0xC8,0x9F,0x15,0xA8,0x9C,0xDA,0x94,0xA0,0x98,0x56,0x41,0x48,0xDA, /*  13552: .PS.........VAH. */
0x24,0x6E,0x0D,0x51,0x54,0xAC,0x66,0x35,0xE6,0x8A,0x70,0x4A,0xEF,0xB8,0xE1,0x9B, /*  13568: $n.QT.f5..pJ.... */
0xEB,0xC7,0x23,0x6C,0xC7,0xA1,0x41,0xB5,0x05,0x8D,0xF1,0xFF,0x61,0x33,0x4A,0x04, /*  13584: ...l..A.....a3J. */
0x9D,0x91,0xD5,0x5F,0xAA,0x5D,0x6A,0x43,0x9A,0x27,0x57,0x74,0xA9,0xB7,0xB4,0xD9, /*  13600: ..._.]jC.'Wt.... */
0x1F,0x5D,0x75,0xD2,0xDE,0xC9,0xE3,0x2C,0x74,0xC7,0x56,0x73,0xEC,0x47,0xB2,0x97, /*  13616: .]u....,t.Vs.G.. */
0x17,0x0C,0x49,0x12,0xD6,0x27,0x0E,0xEE,0x1A,0xE3,0x4C,0xE3,0x04,0x20,0x1C,0xF9, /*  13632: ..I..'....L.. .. */
0x06,0xDF,0xD6,0x1D,0xE6,0x0D,0xF4,0x28,0x30,0x08,0xE3,0xE8,0xEB,0xE2,0xF4,0xDA, /*  13648: .......(0....... */
0x31,0x18,0x1A,0xEC,0xD4,0xEF,0xF1,0x12,0x1A,0x37,0xE1,0xEA,0x15,0x1E,0x46,0x1D, /*  13664: 1........7....F. */
0x40,0x30,0xF8,0xE3,0xDE,0x4E,0xD7,0x1C,0xEF,0xF4,0x52,0xFF,0x29,0x4D,0xD7,0xF0, /*  13680: @0...N....R.)M.. */
0x04,0xEA,0x05,0x37,0x04,0xFA,0xE5,0xE3,0x31,0xDC,0x16,0xD7,0x3F,0x1B,0xF7,0xE5, /*  13696: ...7....1...?... */
0x1F,0x49,0xF0,0x18,0xDC,0x2F,0x3F,0x3F,0x67,0xE0,0x0D,0xDD,0xE9,0x08,0x45,0xFE, /*  13712: .I.../??g.....E. */
0x31,0xED,0x03,0xE2,0x0E,0x2E,0xCB,0x7F,0x27,0xF7,0x3C,0x3E,0x52,0xFF,0xE3,0xE3, /*  13728: 1.......'.<>R... */
0x02,0x1C,0xEC,0x1C,0x07,0x3B,0xFB,0x44,0x21,0x2A,0x00,0x52,0x16,0x4A,0xF8,0x30, /*  13744: .....;.D!..R.J.0 */
0x1E,0xF7,0xE4,0x0D,0x3F,0x4B,0x42,0x10,0xEA,0xEF,0x33,0xD9,0x1D,0xE9,0x25,0xF5, /*  13760: ....?KB...3...%. */
0x52,0x36,0x3D,0x2F,0xF5,0xE8,0xF6,0x1A,0xFC,0x43,0x29,0x1F,0x36,0xF3,0x05,0xF5, /*  13776: R6=/.....C).6... */
0xF4,0x29,0x51,0xFF,0x31,0x29,0x3F,0x3D,0xF5,0xE6,0xDB,0xF4,0xE2,0x34,0x00,0x1C, /*  13792: .)Q.1)?=.....4.. */
0x3E,0x03,0xF5,0x0C,0xDB,0x0B,0x04,0x0B,0x0E,0x43,0x4A,0x44,0x50,0xEB,0xFD,0x1F, /*  13808: >........CJDP... */
0x51,0x97,0x6C,0x88,0xEE,0x4C,0xE5,0x63,0x3E,0xDF,0x21,0xAA,0xF2,0xB9,0x8A,0xE6, /*  13824: Q.l..L.c>.!..... */
0xDE,0x1C,0x00,0x20,0x87,0x54,0x5A,0x2B,0xEF,0x9D,0x03,0x22,0x9E,0x93,0xB9,0x5D, /*  13840: ... .TZ+..."...] */
0x6A,0xB7,0x21,0xAF,0x12,0x8C,0x90,0xF4,0x12,0x2F,0x9A,0x1B,0xAD,0xDF,0xD3,0x56, /*  13856: j.!....../.....V */
0xF9,0xBD,0x16,0x89,0x4D,0xB0,0x8D,0x6C,0xD0,0x4D,0x81,0x21,0xCA,0x2D,0xB8,0x4F, /*  13872: ....M..l.M.!.-.O */
0x02,0xC8,0xAA,0x2B,0xE9,0xE5,0x08,0xE3,0x35,0xB6,0x64,0x16,0xFD,0xA9,0xFF,0xAB, /*  13888: ...+....5.d..... */
0x66,0xA1,0x12,0xD5,0x0D,0x35,0x49,0xAD,0xF8,0x15,0x02,0x0E,0xD6,0xB7,0xB9,0xBD, /*  13904: f....5I......... */
0x62,0xEB,0x5A,0xD2,0x86,0x60,0xBA,0xBF,0xF4,0x61,0xA5,0xB7,0x53,0x9C,0xD7,0xD5, /*  13920: b.Z..`...a..S... */
0x51,0x1F,0xF9,0xD8,0xFD,0x23,0xF0,0x8D,0xA6,0x57,0xCE,0xCF,0xDD,0xA4,0x1B,0xFF, /*  13936: Q........W...... */
0xE4,0x9B,0x3B,0xB8,0x28,0x07,0x09,0x86,0xD7,0x23,0xE3,0x5D,0x06,0xA2,0x0E,0xB1, /*  13952: ..;.(......].... */
0x97,0xB2,0xA5,0x2D,0xDD,0x4C,0xB7,0x21,0x90,0x52,0xB8,0x50,0x9B,0xD3,0xC9,0x37, /*  13968: ...-.L.!.R.P...7 */
0x59,0x3B,0x3A,0xFC,0x1A,0xBB,0x8D,0x5F,0xD5,0x71,0x1A,0xCE,0x09,0x23,0x62,0x69, /*  13984: Y;:...._.q....bi */
0x27,0xD4,0xD4,0x93,0xF8,0x44,0x88,0xB1,0xC4,0x38,0x16,0x6D,0xF9,0x42,0x05,0x82, /*  14000: '....D...8.m.B.. */
0x23,0xD3,0x0B,0xE7,0x20,0x55,0xCD,0x34,0xE2,0x23,0x14,0x0A,0xB2,0x69,0xD8,0xD0, /*  14016: .... U.4.....i.. */
0x01,0x25,0xCE,0x60,0xF4,0x20,0x10,0xFE,0x7F,0x74,0x3E,0x3A,0x70,0x2D,0xF0,0x5A, /*  14032: .%.`. ...t>:p-.Z */
0xD7,0xE5,0xF4,0x0F,0xF3,0xF4,0xEB,0x6C,0x44,0x5E,0xEB,0x4C,0x17,0x01,0x24,0xF9, /*  14048: .......lD^.L..$. */
0xF6,0x55,0xF5,0x27,0xE9,0x5C,0xBE,0xE7,0x75,0x50,0xDE,0x0E,0x61,0x21,0x37,0xFE, /*  14064: .U.'....uP..a!7. */
0x10,0x35,0x08,0x2F,0x1B,0x29,0x73,0xE6,0x75,0xC6,0xCB,0x52,0x12,0x61,0x11,0x1D, /*  14080: .5./.)s.u..R.a.. */
0x2E,0x6C,0x08,0x04,0xC7,0x19,0xF0,0x51,0x4C,0x28,0xC4,0xEB,0x61,0xE5,0x1D,0xF2, /*  14096: .l.....QL(..a... */
0xF4,0x4F,0xF7,0xBD,0x22,0xF0,0xCD,0x55,0x16,0x4E,0x67,0x1B,0x26,0x15,0x5B,0xE1, /*  14112: .O.."..U.Ng.&.[. */
0x40,0x0C,0x4C,0x0E,0x3F,0x47,0x03,0xFB,0x50,0xE4,0xEC,0xF9,0xE8,0x6B,0xCB,0x38, /*  14128: @.L.?G..P....k.8 */
0xFC,0x59,0x2B,0x0F,0x2F,0x33,0x5D,0x52,0x73,0x10,0x38,0xAF,0xBC,0x22,0x17,0xEB, /*  14144: .Y+./3]Rs.8..".. */
0x06,0x12,0xD5,0x17,0x51,0xFE,0x54,0xD7,0x48,0x2D,0x55,0x0C,0xD9,0x1F,0x3B,0x55, /*  14160: ....Q.T.H-U...;U */
0xF7,0xC2,0x38,0x58,0xED,0x78,0x24,0x2E,0x4F,0xFC,0xCC,0x02,0x68,0x4B,0x71,0xEC, /*  14176: ..8X.x$.O...hKq. */
0xE6,0x1C,0x07,0x4C,0x26,0x00,0xF6,0xE6,0x05,0x51,0xD2,0x5F,0x46,0x55,0x50,0xCF, /*  14192: ...L&....Q._FUP. */
0xA0,0xE8,0x4E,0x6D,0xF5,0xB3,0xC6,0x3A,0x38,0xD7,0x35,0x75,0x4D,0x1C,0x36,0x98, /*  14208: ..Nm...:8.5uM.6. */
0xC8,0x4B,0x67,0x83,0xED,0xA0,0xA2,0x1B,0xD3,0x96,0x95,0x32,0x5E,0x92,0x10,0xA1, /*  14224: .Kg........2^... */
0xD3,0x1B,0x5F,0x1C,0xD8,0xE5,0x4F,0xCA,0x3C,0xF8,0x3B,0x68,0xA7,0x27,0xFA,0xF1, /*  14240: .._...O.<.;h.'.. */
0xB1,0x5E,0xA6,0x35,0x3F,0x0D,0xE3,0x33,0x29,0x18,0x09,0x63,0x43,0x5A,0x0B,0x14, /*  14256: .^.5?..3)..cCZ.. */
0x40,0x0B,0xC3,0x20,0xE2,0x99,0xF2,0x45,0xA4,0x26,0x09,0x4F,0xF7,0xEB,0x16,0x06, /*  14272: @.. ...E.&.O.... */
0x26,0x8E,0xEE,0xC9,0x5A,0xA8,0xEA,0xF2,0xD4,0x8D,0xD9,0x33,0x1E,0xE1,0x41,0xF3, /*  14288: &...Z......3..A. */
0xA4,0x01,0x62,0xDF,0xD3,0x11,0x06,0xA5,0x30,0xC0,0xD9,0x29,0x00,0x1E,0xB0,0x31, /*  14304: ..b.....0..)...1 */
0x4C,0x91,0x02,0x90,0xCF,0x1F,0x04,0xE8,0x8C,0xBA,0x5B,0xC1,0x47,0x96,0x5C,0xD1, /*  14320: L.........[.G... */
0x53,0xDC,0x29,0xC3,0x25,0xF4,0x47,0x06,0x25,0x8C,0x92,0xC1,0x04,0x04,0xC3,0x3F, /*  14336: S.).%.G.%......? */
0x06,0xC4,0xCD,0x81,0xB8,0xEE,0xAB,0x19,0xF9,0xB4,0x5B,0x3C,0xC3,0x5F,0x0E,0xA9, /*  14352: ..........[<._.. */
0xA0,0xF8,0x27,0xAD,0xA0,0xAC,0x48,0xEB,0xA9,0xFB,0xD5,0xB6,0xCA,0xDE,0xF9,0x25, /*  14368: ..'...H........% */
0xE4,0x1B,0xE0,0x1D,0xE1,0xA6,0xA0,0xA8,0x12,0x8D,0x45,0x61,0x50,0x8C,0x27,0xD6, /*  14384: ..........EaP.'. */
0x0B,0x07,0xE5,0xE3,0x2F,0x12,0xE6,0x29,0xF2,0x1F,0xF0,0x17,0x2D,0x09,0xF3,0x32, /*  14400: ..../..)....-..2 */
0xF0,0xE2,0x1B,0xF5,0xF3,0x3E,0x13,0x37,0x1D,0xF2,0x21,0x0D,0x10,0x23,0xF4,0x45, /*  14416: .....>.7..!....E */
0x18,0xEA,0x22,0x3A,0xD7,0x31,0x05,0x1D,0x32,0x0A,0x26,0x0C,0xEC,0x00,0x1B,0xE5, /*  14432: ..":.1..2.&..... */
0x2D,0xFB,0x1C,0xF7,0x29,0x0E,0xE7,0x2A,0x1E,0xED,0xFE,0x1F,0x1F,0x11,0xF7,0x12, /*  14448: -...)........... */
0xFF,0x49,0xFF,0xE4,0x0F,0x45,0x40,0xFA,0x42,0xDA,0x04,0x17,0x03,0xF9,0x09,0x32, /*  14464: .I...E@.B......2 */
0x35,0xE2,0x33,0x27,0xF9,0x14,0x15,0x3A,0x34,0x10,0x1F,0x3B,0x34,0x2A,0x24,0x1D, /*  14480: 5.3'...:4..;4.$. */
0xDE,0x0F,0xEE,0x03,0x32,0xEA,0x19,0x7F,0xF6,0xE3,0x32,0x10,0x17,0x29,0x24,0x1B, /*  14496: ....2.....2..)$. */
0x33,0x3B,0x30,0xFA,0x2C,0x31,0xDF,0xEB,0x36,0xF5,0xF3,0x3C,0xEF,0x34,0x01,0xFD, /*  14512: 3;0.,1..6..<.4.. */
0xFA,0x42,0x4A,0xE8,0xDD,0xFB,0x18,0xF4,0x0B,0xE8,0xE7,0xFA,0x28,0x14,0x27,0x1E, /*  14528: .BJ.........(.'. */
0x2F,0x2F,0x0F,0x1E,0x16,0x41,0xD1,0x40,0x10,0xDD,0xDF,0xFF,0xF8,0x1A,0xE1,0x12, /*  14544: //...A.@........ */
0x32,0xDE,0x0E,0x27,0xCD,0x14,0xF3,0x33,0x45,0x3E,0xDE,0xEC,0xFC,0x02,0xE8,0x01, /*  14560: 2..'...3E>...... */
0x41,0xE3,0x27,0x0C,0xEC,0x48,0xE3,0x0A,0x14,0x42,0xF0,0x11,0xF7,0xF5,0x1C,0x38, /*  14576: A.'..H...B.....8 */
0xDD,0xA6,0xEC,0x4F,0x40,0x43,0x19,0x4F,0x20,0x94,0x4C,0x57,0xF5,0xC9,0x2C,0x41, /*  14592: ...O@C.O .LW..,A */
0x90,0x8B,0xC1,0x94,0x56,0x92,0xDE,0xFF,0x1E,0xEB,0xFB,0x97,0x41,0x40,0xFA,0xF1, /*  14608: ....V.......A@.. */
0x9C,0x3B,0x95,0xCB,0x62,0x18,0x2A,0x19,0x10,0xDC,0xB0,0x3B,0x96,0x22,0xEB,0xE2, /*  14624: .;..b......;.".. */
0x2D,0xB3,0x0D,0x88,0xEF,0xE9,0x95,0xB0,0x09,0x56,0x56,0xB8,0x08,0xE7,0x26,0xC7, /*  14640: -........VV...&. */
0x48,0x50,0xAE,0x8F,0x45,0x05,0xEF,0x93,0x18,0xF0,0x4C,0xF7,0xF7,0xD3,0x0B,0x1A, /*  14656: HP..E.....L..... */
0x9D,0xC3,0x55,0x4C,0xC9,0x82,0x35,0x37,0x98,0x10,0x47,0x95,0x10,0x5B,0x4D,0xCC, /*  14672: ..UL..57..G..[M. */
0xE1,0xD9,0xE1,0x46,0xA1,0x27,0xEE,0x5C,0x9F,0x90,0x23,0xE2,0xB3,0xE0,0xEF,0xE9, /*  14688: ...F.'.......... */
0xC4,0x9B,0xE6,0x41,0xC6,0xDD,0x5C,0x2B,0x11,0x23,0xD4,0x0A,0x32,0x36,0x3C,0xD1, /*  14704: ...A...+....26<. */
0x12,0xFA,0x23,0x23,0x0A,0x89,0x93,0xDE,0xF9,0xEE,0x47,0xFA,0x4C,0x1C,0x96,0xE9, /*  14720: ..........G.L... */
0xE7,0x25,0xDA,0x1F,0x0D,0x4B,0xD1,0x60,0xE1,0xB0,0x1F,0xE5,0x39,0x1C,0x3B,0x35, /*  14736: .%...K.`....9.;5 */
0x63,0x04,0xA8,0x38,0xF6,0x49,0x5D,0xE3,0x13,0x42,0x14,0xCA,0x20,0x57,0xC1,0xA7, /*  14752: c..8.I]..B.. W.. */
0x13,0x81,0xDA,0x32,0x14,0xCD,0xFE,0x17,0x0B,0xF9,0xFB,0x2A,0x45,0x38,0xF6,0x32, /*  14768: ...2........E8.2 */
0x14,0x44,0xA3,0x03,0x94,0x42,0x15,0xC8,0x64,0x7D,0x46,0x73,0xA9,0x42,0x36,0x05, /*  14784: .D...B..d}Fs.B6. */
0x6E,0x1B,0x8B,0x21,0xC2,0x54,0x27,0x6A,0xF7,0x8D,0x54,0xCD,0x01,0xD3,0xCE,0xCD, /*  14800: n..!.T'j..T..... */
0x8D,0x19,0xD7,0x95,0x69,0xE8,0x8E,0xF5,0x5D,0x8B,0x65,0x46,0xA6,0x99,0xB1,0xA0, /*  14816: ....i...].eF.... */
0xA2,0x29,0x05,0xF4,0xF7,0xAE,0x32,0xA0,0x67,0xF0,0x0B,0x7B,0xA1,0xB2,0x2F,0x51, /*  14832: .)....2.g..{../Q */
0xF9,0x88,0x32,0x48,0x02,0xD1,0xE6,0xCE,0xF6,0x1C,0x6F,0x1C,0xC9,0x08,0x93,0xE2, /*  14848: ..2H......o..... */
0xCF,0xDB,0xAA,0xF6,0x44,0x7E,0x75,0xE6,0xF9,0x1D,0x3B,0xCC,0x15,0xE6,0xC6,0x2A, /*  14864: ....D~u...;..... */
0xC3,0x6D,0x34,0xFD,0x24,0xF4,0x8A,0xC9,0x97,0x61,0x1E,0x7F,0xFB,0x6D,0xAC,0xF8, /*  14880: .m4.$....a...m.. */
0xE6,0x40,0x46,0x7D,0x51,0x77,0x53,0xC7,0x9C,0xC7,0x14,0x5F,0xF3,0x44,0x7E,0x36, /*  14896: .@F}QwS...._.D~6 */
0xD5,0x67,0x11,0xEF,0xDE,0x7C,0x8C,0xC0,0x1F,0xDC,0x00,0xF1,0x2C,0xB1,0x1B,0x55, /*  14912: .g...|......,..U */
0x45,0x53,0x4E,0x9F,0x7C,0xF9,0x6F,0x46,0xB5,0x97,0x36,0x42,0x0E,0xA7,0xB6,0x0F, /*  14928: ESN.|.oF..6B.... */
0x2A,0x30,0xC7,0x23,0xE8,0x02,0x7E,0x6A,0xBE,0xB1,0x16,0xA8,0xB3,0x69,0x28,0x66, /*  14944: .0....~j.....i(f */
0xEE,0xD8,0x7B,0xA7,0x73,0x46,0xCB,0x96,0x42,0x42,0xB9,0x69,0xD6,0x63,0x21,0x7D, /*  14960: ..{.sF..BB.i.c!} */
0x16,0x59,0x27,0xC3,0xFB,0x10,0xD1,0x40,0x05,0x0E,0x4B,0x17,0xC9,0x15,0x52,0x3D, /*  14976: .Y'....@..K...R= */
0xF8,0x03,0x47,0x4A,0x0C,0x39,0x56,0x2A,0xF1,0xF2,0xC8,0x18,0x3F,0xC3,0x63,0xE6, /*  14992: ..GJ.9V.....?.c. */
0xD7,0xF6,0x6D,0xF3,0xF9,0x2D,0x1B,0x55,0x11,0x37,0x2D,0x24,0xD6,0xF1,0xEF,0x38, /*  15008: ..m..-.U.7-$...8 */
0x40,0x66,0x07,0x2F,0xE0,0x3A,0xF8,0x2E,0x25,0x4C,0x6A,0xD8,0x5F,0x2D,0xEC,0x64, /*  15024: @f./.:..%Lj._-.d */
0xFB,0x18,0x25,0x44,0x12,0x64,0x48,0x03,0x50,0x0D,0x4D,0xDC,0xE6,0xD1,0x4D,0x1A, /*  15040: ..%D.dH.P.M...M. */
0x60,0xEB,0x02,0x3C,0xCA,0x49,0xF4,0xEB,0xED,0x34,0xF7,0x59,0x04,0x49,0x26,0xDA, /*  15056: `..<.I...4.Y.I&. */
0xFE,0xC7,0x50,0xDC,0x06,0x39,0x1F,0x50,0x63,0x28,0xDF,0xDB,0x27,0xF2,0x45,0xE6, /*  15072: ..P..9.Pc(..'.E. */
0x2B,0x4E,0x15,0xF8,0x4F,0x3E,0xEA,0x0C,0x6B,0xF1,0x66,0x0E,0x5F,0xF0,0xDE,0x2F, /*  15088: +N..O>..k.f._../ */
0x6D,0x66,0x44,0xE0,0x2F,0x2D,0x29,0x30,0x0D,0xE3,0x44,0xD4,0xF2,0x33,0x65,0x37, /*  15104: mfD./-)0..D..3e7 */
0x4D,0x08,0xEC,0x60,0xD3,0x5E,0xFB,0xF4,0x01,0x3B,0xDB,0x4B,0x50,0xEE,0x2F,0x6C, /*  15120: M..`.^...;.KP./l */
0x20,0x29,0xF5,0xD6,0xEE,0xF7,0x50,0x7F,0x26,0xC7,0x5E,0xCB,0xE5,0x4D,0x08,0x1F, /*  15136:  )....P.&.^..M.. */
0xD8,0x3A,0x61,0x30,0xF8,0xD2,0xFC,0x30,0x3B,0xDB,0xE6,0x47,0x6C,0x5D,0x3C,0x3B, /*  15152: .:a0...0;..Gl]<; */
0xFC,0xE6,0x4F,0x1C,0x1C,0x37,0x3D,0x04,0x14,0xF6,0x0B,0x1F,0x44,0x2D,0x4D,0xF8, /*  15168: ..O..7=.....D-M. */
0x43,0x3B,0xC9,0x1A,0xE0,0xF9,0xE5,0x4C,0x06,0x4A,0xF5,0x11,0x15,0x26,0x01,0xD9, /*  15184: C;.....L.J...&.. */
0xFC,0x30,0x23,0x1D,0xEC,0x0B,0x12,0x7F,0xF0,0xCC,0x2E,0x27,0xFE,0xFC,0xE3,0xEC, /*  15200: .0.........'.... */
0xE5,0x24,0xFC,0x3F,0x3F,0x4E,0xC7,0x1E,0x0F,0x37,0xE9,0xF1,0x12,0x33,0xF5,0x27, /*  15216: .$.??N...7...3.' */
0x4D,0xF1,0xE3,0xC2,0x18,0xF7,0x1A,0x0A,0x17,0x1B,0xD7,0xF1,0xCD,0xEC,0x37,0xDD, /*  15232: M.............7. */
0x4D,0xD1,0x00,0x41,0x26,0x16,0xFA,0xE5,0x57,0x3E,0xF9,0x53,0xE9,0xD4,0x4A,0xDB, /*  15248: M..A&...W>.S..J. */
0xCD,0xF1,0xEA,0xCC,0xC6,0x05,0xDD,0x27,0x33,0x3B,0x54,0xCE,0x11,0x27,0xDE,0xF7, /*  15264: .......'3;T..'.. */
0xEF,0x14,0x50,0x05,0xE4,0xDC,0xE8,0x54,0x55,0x3D,0x4C,0xEC,0x0F,0x16,0xC9,0x26, /*  15280: ..P....TU=L....& */
0x2B,0xD5,0x43,0x28,0xFE,0xD5,0x50,0xF7,0xF5,0x01,0xF2,0xE0,0x23,0x2E,0xE7,0x52, /*  15296: +.C(..P........R */
0xD8,0xE4,0xFB,0x51,0xE7,0x16,0x42,0x04,0x56,0x09,0xD2,0xEF,0x50,0x0F,0x42,0x30, /*  15312: ...Q..B.V...P.B0 */
0xDD,0xC9,0x48,0x39,0x3D,0x00,0xD1,0x1B,0x42,0x25,0x3D,0xE3,0x4B,0xC7,0xE0,0x1E, /*  15328: ..H9=...B%=.K... */
0xF5,0xF2,0x4B,0xF9,0x04,0x49,0x25,0xFB,0x39,0x2F,0x55,0xEC,0x15,0xDD,0xDB,0x3D, /*  15344: ..K..I%.9/U....= */
0xC9,0xD2,0xAA,0x7A,0xE4,0x69,0x98,0x41,0xFF,0x65,0x6F,0x7A,0x50,0xBB,0xD6,0xAA, /*  15360: ...z.i.A.eozP... */
0x2E,0x96,0x46,0xED,0x5D,0x98,0x37,0xAF,0x28,0x41,0x2B,0x92,0x75,0xDD,0x0B,0xDA, /*  15376: ..F.].7.(A+.u... */
0x16,0xA8,0x9B,0x24,0xE4,0x60,0xD3,0x1D,0x97,0xF4,0x8D,0x18,0x05,0x00,0x96,0x9F, /*  15392: ...$.`.......... */
0x59,0x95,0xFC,0xD7,0xA0,0x95,0x68,0x0F,0x43,0x3A,0x00,0xE7,0x3F,0xC7,0x1C,0x73, /*  15408: Y.....h.C:..?..s */
0x29,0x48,0x98,0xB8,0x1D,0x73,0xD0,0x9C,0xC4,0xBA,0x74,0xEA,0xDB,0x30,0xFB,0xEE, /*  15424: )H...s....t..0.. */
0x52,0xEE,0x58,0xB1,0x87,0x22,0x9E,0x6D,0x9C,0xFE,0x1A,0x7E,0x2A,0x39,0x08,0x1E, /*  15440: R.X..".m...~.9.. */
0xBA,0x1B,0x23,0xA3,0x34,0xAF,0xC7,0xE5,0x28,0x86,0x6E,0x55,0x03,0xF8,0x8B,0xF4, /*  15456: ....4...(.nU.... */
0xB1,0xFE,0x36,0xC0,0x55,0xF6,0x81,0xD5,0xAA,0x71,0x84,0xBE,0x1F,0x03,0x27,0x48, /*  15472: ..6.U....q....'H */
0x5F,0x6E,0xA9,0xBD,0x6F,0xDA,0xBE,0x99,0xF3,0xF1,0xDF,0x3F,0x9A,0xD5,0xAC,0xB2, /*  15488: _n..o......?.... */
0x72,0x1E,0x6C,0x48,0x6B,0xB7,0x44,0x56,0xAC,0xD8,0x08,0xFE,0xE4,0xC6,0x69,0x03, /*  15504: r.lHk.DV......i. */
0xE6,0xDA,0xB8,0x18,0x5D,0x27,0xC8,0x11,0x18,0xEF,0x32,0x33,0xF8,0x13,0xC9,0xDA, /*  15520: ....]'....23.... */
0xAC,0x1A,0xF5,0x16,0xCE,0xE1,0x72,0xA8,0x15,0x27,0xDF,0x1F,0x41,0xA6,0x96,0x9E, /*  15536: ......r..'..A... */
0xEE,0xF1,0x20,0x15,0xDE,0x3A,0x70,0x79,0x60,0x1B,0xE1,0x2C,0x11,0x54,0xFF,0xEC, /*  15552: .. ..:py`..,.T.. */
0x1B,0x4E,0xDD,0x41,0x5A,0xE7,0xC9,0x5B,0xE8,0xC9,0xBD,0x63,0xCD,0xA5,0x73,0x4A, /*  15568: .N.AZ..[...c..sJ */
0xAF,0xF0,0x33,0x20,0x02,0x44,0x2D,0x7A,0x4E,0x62,0xFF,0xB9,0xD9,0x09,0x6F,0x1C, /*  15584: ..3 .D-zNb....o. */
0x59,0xEB,0x52,0x6A,0x3F,0x4F,0x21,0x0B,0xEC,0x4F,0xFD,0xED,0xE8,0x61,0xE7,0xC2, /*  15600: Y.Rj?O!..O...a.. */
0xD4,0x49,0x41,0xF2,0xC7,0x31,0xC6,0x67,0xF9,0x2F,0xDD,0x1B,0x14,0xD2,0x6C,0x2D, /*  15616: .IA..1.g./....l- */
0x0F,0x3D,0x5B,0x46,0x6E,0x2F,0x42,0xEC,0xF4,0xE5,0x00,0x34,0x7E,0xF8,0x42,0x4B, /*  15632: .=[Fn/B....4~.BK */
0xF3,0xC4,0xCA,0xA8,0x1E,0x7D,0xB3,0x3E,0xDB,0xC3,0x66,0xD4,0x4A,0xE2,0x7F,0xBD, /*  15648: .....}.>..f.J... */
0xD8,0x52,0x66,0xF9,0x10,0xFD,0xB1,0x4C,0x04,0xD5,0xD5,0x67,0xD9,0x58,0x23,0x75, /*  15664: .Rf....L...g.X.u */
0x26,0x79,0xDD,0xAF,0x2C,0x5A,0x14,0x00,0x5C,0xBB,0x42,0x10,0x1F,0xE5,0x14,0x1D, /*  15680: &y..,Z....B..... */
0x3D,0x00,0xEE,0x18,0x48,0x3A,0x31,0xC6,0x26,0x3D,0xD3,0x72,0x1B,0xED,0x47,0x35, /*  15696: =...H:1.&=.r..G5 */
0xBC,0x31,0xD0,0xB7,0x53,0x2C,0xF3,0x37,0x46,0xDE,0xD7,0xDA,0x7B,0x39,0x0E,0xAB, /*  15712: .1..S,.7F...{9.. */
0xE0,0xDF,0x6E,0x17,0x6C,0xFA,0xB9,0x01,0xE7,0xF0,0x54,0x00,0x7E,0x27,0x44,0x25, /*  15728: ..n.l.....T.~'D% */
0xE3,0x28,0x32,0xE3,0xEC,0xE8,0x3C,0x1B,0xE6,0xFD,0xEB,0xD8,0x09,0x40,0x16,0x21, /*  15744: .(2...<......@.! */
0xF0,0x1F,0xD0,0x00,0xD6,0x08,0x1C,0x32,0x04,0xE7,0xD2,0xE1,0x4A,0x2A,0x09,0xF6, /*  15760: .......2....J... */
0xE3,0x2F,0x36,0x37,0x1A,0x2C,0x24,0x68,0xFB,0x15,0x30,0x42,0x38,0xF9,0x46,0xD1, /*  15776: ./67.,$h..0B8.F. */
0x2B,0x0B,0x01,0xE8,0x26,0xE5,0x3C,0x10,0x08,0x10,0x33,0xF1,0x3C,0xEB,0x37,0x0D, /*  15792: +...&.<...3.<.7. */
0x35,0x38,0x4A,0x2B,0x05,0x14,0x0F,0x2E,0x11,0x02,0x38,0x1A,0xE6,0x04,0x11,0x1A, /*  15808: 58J+......8..... */
0x39,0x28,0x36,0x03,0x04,0x01,0x1D,0x07,0xF5,0xF9,0x38,0x3F,0x05,0xD5,0xF5,0x00, /*  15824: 9(6.......8?.... */
0x07,0x30,0x3D,0xF4,0xCF,0x0E,0xFB,0x7F,0xFB,0x2C,0x21,0x30,0x40,0x07,0x2A,0x2A, /*  15840: .0=......,!0@... */
0x24,0x0B,0xF0,0x08,0xEE,0x25,0x34,0x46,0xEE,0xEA,0xF9,0x00,0x0A,0xE1,0x28,0xFA, /*  15856: $....%4F......(. */
0x1F,0x2F,0x2D,0xF9,0xEC,0xDF,0xE2,0xEF,0x01,0xDA,0xEC,0xE4,0x0F,0x18,0x06,0x34, /*  15872: ./-............4 */
0x1A,0x40,0xCC,0x33,0x34,0x23,0x06,0x25,0xEE,0x20,0x35,0xF1,0x2B,0xF3,0x1D,0x09, /*  15888: .@.34..%. 5.+... */
0x07,0xDD,0x2B,0x24,0x2F,0xED,0x3E,0x14,0x1E,0xDA,0x1C,0x28,0x34,0xFE,0x16,0x00, /*  15904: ..+$/.>....(4... */
0x0D,0xEC,0xE6,0xF1,0xE6,0xE7,0xF9,0xF1,0x47,0xE1,0xF6,0x40,0xEF,0xDF,0x0C,0x31, /*  15920: ........G..@...1 */
0xAE,0xE0,0x99,0x1C,0xFE,0x9B,0x8A,0x93,0x0A,0x8F,0xCF,0xA9,0xE0,0x14,0x23,0x39, /*  15936: ...............9 */
0xBD,0x33,0x20,0x2B,0x6F,0xC6,0xB7,0x85,0x8A,0xB4,0xAF,0x1D,0x26,0x16,0x29,0x18, /*  15952: .3 +o.......&.). */
0xE8,0x45,0x02,0x5E,0xC9,0x3E,0xB3,0xBD,0x4D,0x3D,0x98,0xB9,0xA3,0x11,0x47,0x4E, /*  15968: .E.^.>..M=....GN */
0x3D,0xF9,0x2B,0x48,0xBF,0x47,0x67,0x6A,0x82,0xC9,0xAA,0x34,0xB4,0xBA,0x69,0xBA, /*  15984: =.+H.Ggj...4..i. */
0x50,0x45,0x8A,0xED,0x84,0x16,0x12,0x5D,0xD6,0x6A,0xEB,0x51,0x26,0x61,0xA5,0xEA, /*  16000: PE.....].j.Q&a.. */
0x71,0xC3,0xD1,0xD4,0xC4,0xA9,0xF5,0xCC,0x60,0x64,0xC1,0x3C,0x2A,0x10,0x8E,0xAC, /*  16016: q.......`d.<.... */
0x0E,0x4E,0x07,0xFC,0xEC,0xD2,0x99,0x3F,0xEF,0xEA,0xCF,0x1D,0xCE,0xFE,0xE8,0x3B, /*  16032: .N.....?.......; */
0x96,0xD2,0x43,0x32,0xEE,0x99,0xDB,0xB0,0x56,0x8F,0x69,0xCD,0x4C,0xA2,0x97,0x62, /*  16048: ..C2....V.i.L..b */
0x45,0x1C,0x8E,0xA9,0xB9,0x61,0xAB,0x34,0xDA,0x36,0xD2,0x4F,0xD9,0x91,0xDC,0xFC, /*  16064: E....a.4.6.O.... */
0xE0,0xDC,0xFC,0xD8,0xD9,0x2C,0x39,0xBB,0x94,0x0C,0x51,0x84,0x50,0x9C,0xEE,0x66, /*  16080: .....,9...Q.P..f */
0xE9,0xE7,0x3E,0xA3,0xA6,0x3A,0x04,0x36,0xAD,0x02,0x6C,0x67,0xFD,0xCC,0x0E,0x32, /*  16096: ..>..:.6..lg...2 */
0x9F,0x31,0x3E,0x81,0xF5,0xC8,0x36,0xE8,0xF0,0xB2,0xC9,0xCE,0x41,0xC6,0x62,0x21, /*  16112: .1>...6.....A.b! */
0xB8,0x1C,0x5B,0x69,0x8C,0x8A,0xAF,0x28,0xCE,0x27,0xBC,0x53,0xE4,0x3B,0xFE,0x02, /*  16128: ..[i...(.'.S.;.. */
0x8C,0x1D,0xB6,0x90,0x42,0xFD,0xFF,0x69,0xD8,0x36,0xC2,0xF7,0xD6,0x63,0x5A,0xC9, /*  16144: ....B..i.6...cZ. */
0xDB,0x00,0xB0,0xF2,0x8D,0x62,0x15,0x11,0x12,0x8E,0x0A,0x59,0x56,0x3A,0xF7,0x4B, /*  16160: .....b.....YV:.K */
0xE2,0xA4,0xB9,0xA7,0x9D,0x27,0xB4,0xCD,0x46,0xD3,0x34,0x2C,0xB7,0x98,0xB1,0x50, /*  16176: .....'..F.4,...P */
0xF9,0x5D,0x4A,0x38,0x09,0x23,0xB9,0xE6,0x24,0x04,0x3D,0x69,0x50,0x82,0x55,0x1A, /*  16192: .]J8....$.=iP.U. */
0xF9,0x32,0x82,0xB8,0x41,0xDF,0x90,0x64,0x34,0x19,0x9A,0xBF,0xA9,0x40,0xD9,0xF9, /*  16208: .2..A..d4....@.. */
0xA5,0x95,0x9F,0x93,0xF6,0x89,0x34,0x63,0x1B,0x45,0x52,0x0A,0x27,0x81,0x38,0xE0, /*  16224: ......4c.ER.'.8. */
0xCD,0x37,0x3C,0x10,0x28,0x0C,0x2B,0x18,0x31,0xB9,0xD7,0x94,0xF3,0x3D,0x8D,0x01, /*  16240: .7<.(.+.1....=.. */
0x12,0x16,0xB4,0x05,0xEB,0xBC,0x5D,0x67,0xBB,0x42,0xEB,0x25,0xB6,0x20,0x0E,0x4D, /*  16256: ......]g.B.%. .M */
0x21,0x08,0x52,0xB7,0xB6,0xF5,0xF4,0x3B,0x48,0xA7,0x50,0x4A,0x6A,0xCD,0xAC,0xAF, /*  16272: !.R....;H.PJj... */
0x9B,0x24,0x2B,0xCF,0x0D,0xA7,0xA5,0x0C,0x48,0x43,0xEA,0x24,0x53,0x38,0xAB,0x44, /*  16288: .$+.....HC.$S8.D */
0x9C,0xE8,0x29,0xDE,0x28,0x53,0x84,0xC1,0xA3,0xA8,0x54,0x47,0x90,0xA3,0xF9,0xBB, /*  16304: ..).(S....TG.... */
0x58,0x01,0x05,0x2D,0x53,0x54,0x46,0x5C,0xDA,0x5F,0x56,0x14,0x13,0xE0,0x36,0x13, /*  16320: X..-STF.._V...6. */
0xE6,0x11,0x0C,0x79,0x58,0xDF,0x3C,0xCC,0x79,0x65,0x27,0x20,0xCA,0x49,0x2B,0x42, /*  16336: ...yX.<.ye' .I+B */
0xC4,0x44,0x10,0xEE,0xB8,0xEA,0x0C,0x6B,0x72,0x78,0xFD,0xF3,0x7E,0x5E,0x6B,0xAE, /*  16352: .D.....krx..~^k. */
0x6C,0x4B,0x10,0xFF,0xF3,0x6A,0xE2,0xD3,0xF6,0xCC,0xE6,0xE0,0x36,0x06,0x39,0x1A, /*  16368: lK...j......6.9. */
0x2E,0x3E,0x51,0xCE,0x26,0x6D,0xF4,0x2C,0xFE,0x44,0xD6,0xFE,0xB3,0x6A,0x7C,0x48, /*  16384: .>Q.&m.,.D...j|H */
0xC9,0x46,0x27,0x5D,0x26,0x6A,0xD6,0x06,0x05,0x4F,0xE6,0xE9,0x07,0x2C,0x3B,0x42, /*  16400: .F']&j...O...,;B */
0x55,0xD4,0xDF,0xCC,0xE9,0x23,0xF3,0x32,0x77,0x61,0x41,0x53,0xCD,0xE5,0x66,0x07, /*  16416: U......2waAS..f. */
0x40,0xF0,0x46,0x17,0x29,0xEB,0x24,0x06,0x19,0x79,0x1A,0xC9,0x60,0x38,0xF9,0x24, /*  16432: @.F.).$..y..`8.$ */
0x25,0xF8,0x13,0x33,0xE0,0xD2,0x08,0x3E,0x7B,0x1C,0xFD,0x45,0xF9,0x42,0x72,0x46, /*  16448: %..3...>{..E.BrF */
0x67,0x7D,0xD8,0xDB,0x5F,0x2B,0xF0,0x1F,0x5A,0x5D,0x49,0x22,0x2C,0x32,0x32,0xF1, /*  16464: g}.._+..Z]I",22. */
0xCD,0x4B,0x0E,0xFF,0x03,0xF4,0x41,0x72,0xE2,0x32,0x4F,0x1B,0xEB,0x67,0x20,0x1D, /*  16480: .K....Ar.2O..g . */
0x1A,0xE9,0xC7,0x7F,0x02,0x0E,0xEB,0x1A,0xF6,0x50,0x61,0x14,0x19,0x64,0x45,0xDD, /*  16496: .........Pa..dE. */
0x54,0xF9,0x33,0x31,0x97,0xF6,0x0A,0x81,0xA5,0xA8,0x8D,0xE7,0xD4,0xEE,0x47,0xAA, /*  16512: T.31..........G. */
0xBF,0x5C,0xB9,0xCC,0x61,0x1F,0x92,0x5D,0xF1,0x4D,0x33,0xA2,0x14,0xFC,0x55,0xEA, /*  16528: ....a..].M3...U. */
0xAA,0x22,0xB9,0x19,0x3E,0xF9,0x32,0x1F,0x56,0x97,0x00,0x9F,0xD8,0x30,0xD7,0x0B, /*  16544: ."..>.2.V....0.. */
0x34,0x85,0x96,0xB1,0xCA,0x85,0xC9,0x16,0x8D,0x28,0x1F,0xC8,0x35,0xBB,0xC0,0x9E, /*  16560: 4........(..5... */
0x58,0x88,0xF1,0xA3,0xC5,0x3E,0xAC,0x08,0x90,0x81,0xF8,0x24,0xCF,0xE9,0x98,0xB6, /*  16576: X....>.....$.... */
0xF7,0x9C,0xAB,0xCF,0xD3,0x04,0xAF,0x2B,0x4A,0x41,0xBD,0xE0,0xCF,0x57,0xBF,0x02, /*  16592: .......+JA...W.. */
0x46,0xB9,0x99,0x4A,0x39,0xD0,0xB9,0x55,0xB2,0x5E,0x37,0x96,0x56,0xE3,0x9D,0x08, /*  16608: F..J9..U.^7.V... */
0x21,0x2F,0xF9,0xF4,0x20,0x88,0x09,0xAA,0x4D,0x3E,0x43,0xD4,0xC3,0xFD,0x5A,0x51, /*  16624: !/.. ...M>C...ZQ */
0x92,0x04,0xBA,0xC5,0x1E,0xEB,0xEE,0xDA,0xB5,0x22,0x22,0xED,0xD5,0xAA,0x48,0xDE, /*  16640: .........""...H. */
0xA4,0x33,0xBB,0xA2,0x2F,0xB0,0x09,0x9D,0x10,0x25,0x19,0xAE,0xC9,0x9C,0xC0,0xB6, /*  16656: .3../....%...... */
0xF9,0xF6,0x8C,0xB9,0x65,0x8E,0xDE,0xE5,0x4D,0x09,0xF0,0x3D,0xB6,0x48,0x93,0xD2, /*  16672: ....e...M..=.H.. */
0x1D,0xEA,0x3D,0xCC,0xD7,0x81,0xDF,0x56,0xFD,0x39,0x9B,0x48,0x23,0x57,0xAE,0x93, /*  16688: ..=....V.9.H.W.. */
0xDB,0xFB,0xE5,0x2C,0xFD,0xC7,0x23,0x2D,0x44,0xD1,0x17,0x28,0x3D,0xF6,0x22,0xE6, /*  16704: ...,...-D..(=.". */
0x0D,0xCC,0x29,0x41,0x09,0x19,0x3A,0x36,0x24,0x22,0xD4,0xF5,0x1B,0xDF,0xEA,0x1A, /*  16720: ..)A..:6$"...... */
0xDE,0x00,0x23,0xDC,0x3E,0xF5,0xF4,0x2F,0x22,0x24,0xE9,0x3A,0x10,0xE2,0x0D,0x1C, /*  16736: ....>../"$.:.... */
0x23,0xFE,0x03,0xFB,0x44,0x05,0xC8,0xCD,0x0B,0xFD,0xEA,0xFE,0xED,0x48,0xEF,0x33, /*  16752: ....D........H.3 */
0x37,0x46,0xCC,0xE5,0xC2,0xF3,0x02,0x1D,0xE7,0x2B,0x41,0x13,0xD7,0x0C,0x34,0x18, /*  16768: 7F.......+A...4. */
0x2F,0x45,0x18,0xE0,0xF9,0xEA,0x18,0x1D,0x3D,0x36,0x3B,0x24,0xFF,0xF0,0x29,0xE4, /*  16784: /E......=6;$..). */
0x23,0x44,0x38,0x1A,0x17,0x04,0x3A,0x7F,0xCE,0x09,0x4C,0xC2,0xFE,0xE2,0xCD,0xCF, /*  16800: .D8...:...L..... */
0xFC,0xF9,0xC9,0x35,0xF0,0x3F,0x37,0xDD,0x2C,0xE6,0xFC,0xDA,0x0D,0x41,0xC8,0x48, /*  16816: ...5.?7.,....A.H */
0x35,0xC9,0xDC,0xE8,0x33,0x39,0x3A,0xED,0x3F,0x4D,0x45,0x1D,0x0D,0x49,0x3B,0xE8, /*  16832: 5...39:.?ME..I;. */
0x10,0x24,0xF2,0x29,0x2F,0x0D,0x0F,0xFE,0x3A,0x1E,0x17,0x40,0x2B,0x2C,0x15,0xEA, /*  16848: .$.)/...:..@+,.. */
0x11,0x3E,0x10,0xED,0x33,0xDB,0xBC,0xC4,0x31,0xC1,0xE8,0xFD,0x00,0x2D,0xD6,0x1B, /*  16864: .>..3...1....-.. */
0xE8,0x08,0xEB,0x16,0x26,0xC8,0xDC,0xD6,0x2F,0x19,0xC7,0x04,0x46,0x25,0xEE,0x40, /*  16880: ....&.../...F%.@ */
0x14,0xA0,0x45,0x49,0xC1,0xF6,0x3D,0xD7,0xA5,0x02,0x91,0xBB,0xCB,0xC5,0x21,0xC6, /*  16896: ..EI..=.......!. */
0xC4,0x85,0x3B,0x3B,0x95,0xDE,0x68,0xBD,0x94,0x33,0x1A,0x96,0x25,0x15,0xFA,0x42, /*  16912: ..;;..h..3..%..B */
0xF1,0x08,0x23,0xDA,0x5B,0x04,0x1B,0xC6,0x31,0x6E,0x55,0x4E,0x8F,0x35,0xF5,0x07, /*  16928: ....[...1nUN.5.. */
0x19,0x4F,0xE2,0x94,0x5A,0xC0,0xCF,0xB6,0xAB,0xA4,0x8E,0xBC,0xEC,0x81,0xFC,0xF9, /*  16944: .O..Z........... */
0x90,0x4F,0x07,0xE4,0x28,0x50,0xAF,0x97,0x0A,0xC1,0x33,0xDD,0xEF,0xAD,0x8C,0x34, /*  16960: .O..(P....3....4 */
0x51,0x34,0xE0,0x45,0xF6,0x41,0x62,0x18,0x4E,0x14,0x8E,0xC4,0xF2,0xAE,0x0C,0xA5, /*  16976: Q4.E.Ab.N....... */
0xF8,0xED,0x83,0xD7,0x52,0xF8,0x62,0x3A,0xF6,0xE0,0xEF,0x59,0x3E,0x42,0x45,0x1E, /*  16992: ....R.b:...Y>BE. */
0x57,0xF8,0x22,0xD6,0x0E,0xA3,0xD4,0xF1,0x5B,0x13,0xB4,0xF4,0x59,0xDC,0x62,0x43, /*  17008: W.".....[...Y.bC */
0x1B,0xAA,0x49,0x50,0x86,0xF2,0xA7,0xE9,0xC1,0x2A,0x97,0xB7,0x9F,0x32,0x0E,0xC4, /*  17024: ..IP.........2.. */
0x30,0xEE,0x53,0x2C,0x07,0xE7,0x1A,0xEA,0xB0,0x2A,0x38,0x4E,0x2B,0x5F,0x1A,0x8F, /*  17040: 0.S,......8N+_.. */
0xE4,0x3C,0xE9,0x19,0xC6,0xED,0xAD,0x0B,0x39,0xFA,0xC0,0x60,0xD1,0x33,0x55,0xB3, /*  17056: .<......9..`.3U. */
0x2A,0x3C,0x5A,0x95,0x9C,0x04,0x60,0x5A,0x0E,0xD6,0xC9,0x29,0xEE,0xAF,0x5A,0x2D, /*  17072: .<Z...`Z...)..Z- */
0x30,0xF1,0xF8,0x27,0x1F,0xEF,0x43,0x22,0x10,0xEF,0xD7,0xC0,0xFE,0xD4,0x11,0xE1, /*  17088: 0..'..C"........ */
0x52,0x36,0x18,0x3F,0xEB,0x36,0xDD,0x3D,0x2A,0xF2,0x30,0x12,0x4B,0x20,0x03,0xCE, /*  17104: R6.?.6.=..0.K .. */
0xF2,0xD4,0x47,0xDE,0x0F,0xF4,0x30,0x7F,0xD2,0xF5,0x33,0xE5,0xE1,0x3A,0x25,0xE5, /*  17120: ..G...0...3..:%. */
0x4E,0x1F,0xD6,0x2D,0x24,0xF4,0xC2,0x1B,0x3D,0x49,0xEC,0x06,0x21,0x0F,0xC9,0x26, /*  17136: N..-$...=I..!..& */
0x26,0x25,0x2A,0x03,0x06,0x4C,0xD0,0xEC,0xCF,0x29,0x27,0x32,0x04,0x50,0xDA,0x1A, /*  17152: &%...L...)'2.P.. */
0x12,0xDF,0x32,0x36,0x48,0x51,0xE8,0x54,0x48,0x49,0xC3,0xD7,0x12,0x44,0xE7,0xF4, /*  17168: ..26HQ.THI...D.. */
0xC7,0x2D,0x13,0xEA,0x25,0x33,0x43,0x5E,0x4E,0x55,0x40,0xFD,0xF9,0x0E,0x4C,0x28, /*  17184: .-..%3C^NU@...L( */
0x1F,0x25,0x16,0xE0,0x35,0x1B,0xCD,0x0D,0xF1,0x01,0x45,0xD1,0x52,0xD6,0x40,0x03, /*  17200: .%..5.....E.R.@. */
0xFD,0xED,0xDB,0xE8,0xE6,0xD1,0x33,0xFF,0x2F,0xF7,0x21,0x21,0x48,0xD8,0xFF,0x41, /*  17216: ......3./.!!H..A */
0xE8,0xF4,0xED,0xF2,0xE8,0xD4,0xD7,0x4B,0x47,0x1F,0xFC,0xE6,0x3F,0x38,0xE9,0x4A, /*  17232: .......KG...?8.J */
0x33,0x20,0x22,0x23,0x27,0x28,0x18,0xF3,0x56,0xF7,0x29,0x0D,0x2B,0xF2,0x50,0xBC, /*  17248: 3 ".'(..V.).+.P. */
0xE8,0x16,0x10,0x46,0xE6,0x01,0xF0,0x39,0x1C,0xF1,0xE5,0x43,0x07,0x46,0xE2,0xEE, /*  17264: ...F...9...C.F.. */
0x08,0x99,0x3C,0xA0,0x60,0xDF,0xA9,0xFD,0xCF,0x89,0x42,0xC4,0x13,0xDE,0x42,0x81, /*  17280: ..<.`.....B...B. */
0x71,0x43,0xB9,0x10,0xC1,0x8B,0x50,0x37,0x3E,0x97,0x91,0xAC,0xAF,0x4A,0x83,0xAB, /*  17296: qC....P7>....J.. */
0xB4,0x02,0x9A,0x1E,0x30,0xCC,0xE3,0x37,0x95,0x6A,0xB5,0xFA,0x1C,0xBD,0x3E,0x20, /*  17312: ....0..7.j....>  */
0xE4,0xC6,0x4A,0x6A,0x47,0xBB,0xFD,0xA5,0x5F,0x93,0x1A,0x1B,0xB0,0xF4,0x5A,0xB6, /*  17328: ..JjG..._.....Z. */
0x9C,0x51,0xBF,0x8E,0x5B,0x9B,0xC0,0x3E,0xEC,0x24,0x3E,0xDE,0xDD,0x2B,0x0D,0xB9, /*  17344: .Q..[..>.$>..+.. */
0x47,0x5D,0x1E,0x6A,0xED,0x06,0x24,0xDD,0xDA,0xF1,0x2F,0xB6,0x1E,0xCC,0xC6,0x8A, /*  17360: G].j..$.../..... */
0x37,0xB8,0xE5,0x18,0x18,0x82,0x12,0x13,0x9D,0x35,0x2C,0xEA,0x82,0xB2,0xD2,0xA3, /*  17376: 7........5,..... */
0x07,0xA8,0xFE,0x5C,0x90,0x45,0x3D,0xFE,0x48,0x5E,0xD9,0x56,0xDD,0xCF,0xAF,0x64, /*  17392: .....E=.H^.V...d */
0xC9,0x83,0xBC,0xF2,0xE9,0xC3,0x6D,0x0F,0x49,0x37,0x20,0xCB,0xE4,0xC3,0xDB,0x00, /*  17408: ......m.I7 ..... */
0xF4,0xC9,0xE5,0x4B,0x65,0x3D,0x31,0xC7,0x05,0x33,0xA2,0x27,0x0A,0x52,0xE4,0x44, /*  17424: ...Ke=1..3.'.R.D */
0x61,0x04,0xA9,0x4C,0xC5,0xAA,0xC9,0x60,0x8D,0xA6,0x87,0xA6,0xB9,0x09,0xC9,0x31, /*  17440: a..L...`.......1 */
0xB8,0x60,0xF6,0x16,0xC3,0x34,0xD4,0xE9,0x38,0x4B,0x36,0xA6,0x0B,0x27,0x16,0x3A, /*  17456: .`...4..8K6..'.: */
0x2A,0x1C,0xA7,0xDA,0xEE,0xEB,0xA2,0xFD,0xD9,0xA3,0x95,0x73,0xA5,0xD5,0x02,0x82, /*  17472: ...........s.... */
0x33,0xF4,0xD1,0x29,0xF8,0xB0,0xA4,0x26,0xA6,0x44,0xB6,0xEB,0x33,0xDF,0x34,0x11, /*  17488: 3..)...&.D..3.4. */
0x6F,0x9A,0xC9,0xAE,0xBD,0x05,0xCA,0xD7,0xAE,0x2E,0x82,0xD0,0x20,0xA4,0xAF,0x27, /*  17504: o........... ..' */
0x52,0xD0,0x82,0xAC,0x26,0x34,0x84,0xE1,0xFA,0xC5,0xAD,0x97,0x2F,0xC0,0xE9,0x04, /*  17520: R...&4....../... */
0xFC,0xB5,0xBB,0xAD,0x2C,0xB8,0xC4,0x93,0x09,0x63,0x27,0xC0,0xE3,0xA7,0x39,0x67, /*  17536: ....,....c'...9g */
0x08,0x3B,0xE9,0x46,0x36,0xCB,0x4D,0x25,0xD5,0xF1,0x4C,0xCC,0xFB,0xD9,0x0A,0x48, /*  17552: .;.F6.M%..L....H */
0xC5,0x93,0x31,0x2C,0xEC,0xCD,0x3D,0x85,0x59,0x88,0x2C,0xC3,0xA3,0x81,0xDE,0x64, /*  17568: ..1,..=.Y.,....d */
0x48,0x8F,0xA5,0x33,0x51,0x05,0x41,0xEE,0x4F,0xBA,0x5E,0x08,0xF2,0xE6,0xA6,0x09, /*  17584: H..3Q.A.O.^..... */
0x10,0x29,0xC1,0x63,0xDE,0x35,0xDB,0x4D,0x8E,0x0C,0xA6,0x2E,0xD1,0x46,0xED,0xB5, /*  17600: .).c.5.M.....F.. */
0x13,0x45,0x20,0x92,0x64,0xBF,0xFC,0xBC,0x9D,0x4B,0xC6,0x47,0x38,0xE3,0x03,0xAA, /*  17616: .E .d....K.G8... */
0xF1,0x1A,0x3E,0x69,0x9F,0x44,0xB1,0xD0,0x9B,0x22,0x53,0xE3,0xD2,0xCD,0x94,0xE5, /*  17632: ..>i.D..."S..... */
0xFA,0x17,0x68,0x15,0xFB,0xFC,0x21,0x8B,0x8A,0x38,0xAB,0x58,0x4A,0xE7,0x10,0x0B, /*  17648: ..h...!..8.XJ... */
0x11,0x62,0x21,0xE0,0xF5,0x47,0xD6,0xE3,0x45,0x04,0x5D,0xB8,0x02,0x4E,0x61,0x11, /*  17664: .b!..G..E.]..Na. */
0xF8,0x5C,0x37,0x28,0xCA,0xF2,0x01,0x58,0x67,0x3E,0xB8,0xE1,0x41,0x02,0xD5,0xF7, /*  17680: ..7(...Xg>..A... */
0xD0,0xD9,0xC7,0x3C,0xE5,0x32,0xD5,0x7F,0x4D,0x31,0x0B,0x39,0x0F,0xFC,0xC7,0xC3, /*  17696: ...<.2..M1.9.... */
0x5D,0x4E,0xF5,0x22,0x2D,0x1A,0x15,0xC2,0x63,0x48,0xC8,0x5D,0x10,0x30,0xBF,0x0C, /*  17712: ]N."-...cH.].0.. */
0x61,0x4D,0x2E,0xEA,0x13,0x55,0x32,0xCB,0x3A,0x57,0xC8,0xA9,0x2D,0xD0,0xF3,0x3A, /*  17728: aM...U2.:W..-..: */
0x42,0xE7,0xF6,0x0F,0xB8,0xDD,0x1F,0x3F,0xD8,0x05,0x19,0xEC,0x1B,0x53,0xE8,0x48, /*  17744: B......?.....S.H */
0xD5,0xED,0x05,0xE2,0x0F,0xDD,0x3F,0x67,0x5F,0xB8,0xED,0xE8,0x62,0x3E,0xF9,0xFA, /*  17760: ......?g_...b>.. */
0x2A,0xCE,0xF0,0xCA,0x63,0x3E,0x24,0x1E,0x27,0x29,0x48,0x00,0x60,0x26,0xFA,0x34, /*  17776: ....c>$.')H.`&.4 */
0xD9,0xC8,0x15,0xEC,0xD7,0x1F,0x30,0x17,0xE0,0xBD,0x11,0x00,0x27,0x10,0x26,0xEF, /*  17792: ......0.....'.&. */
0x0C,0x2F,0x3F,0x60,0x40,0x20,0x2E,0xF8,0x1E,0xC3,0x44,0x15,0x19,0x1E,0x64,0x01, /*  17808: ./?`@ ....D...d. */
0xC7,0xDE,0x50,0xFB,0xB0,0xD0,0xB2,0x17,0xCD,0xF5,0x27,0xA9,0x3C,0xF0,0x56,0x51, /*  17824: ..P.......'.<.VQ */
0x32,0x56,0x0A,0x05,0x52,0x23,0x14,0x24,0xCE,0x3C,0x2C,0x5A,0x57,0xD9,0x1D,0x27, /*  17840: 2V..R..$.<,ZW..' */
0x57,0x1A,0x4A,0x2C,0xEF,0x02,0x17,0x29,0x20,0x3C,0xCD,0xD6,0xE1,0x3A,0x04,0x3D, /*  17856: W.J,...) <...:.= */
0x42,0x57,0xD6,0x1B,0x31,0x19,0x0D,0x07,0x09,0x5A,0xD3,0x1B,0x33,0x19,0x4C,0x10, /*  17872: BW..1....Z..3.L. */
0x39,0x02,0x19,0xC5,0xEA,0xEB,0x3C,0x7F,0x16,0x3A,0xDF,0xED,0xFD,0xE6,0x21,0xBD, /*  17888: 9.....<..:....!. */
0x36,0x42,0xEF,0x07,0xD6,0xEC,0xCE,0xE1,0xEE,0xE4,0x35,0x5A,0xE2,0x23,0x25,0x25, /*  17904: 6B........5Z..%% */
0x03,0xFC,0x30,0x2C,0x0A,0x48,0xF1,0x00,0x0E,0x23,0x2F,0x2B,0x12,0xF5,0x23,0x1F, /*  17920: ..0,.H..../+.... */
0x4D,0x49,0x2C,0x21,0x22,0x54,0xEA,0x43,0x04,0x53,0xE4,0x4C,0x1A,0xE0,0x23,0x4C, /*  17936: MI,!"T.C.S.L...L */
0x30,0xF9,0x4F,0xF1,0x03,0xD3,0xE5,0x58,0x3A,0x48,0xFA,0x36,0x08,0x13,0x57,0x25, /*  17952: 0.O....X:H.6..W% */
0xF1,0x35,0x31,0x2C,0xE5,0xE8,0x01,0x10,0xEB,0x48,0x56,0x4E,0x3B,0xF7,0x24,0xDC, /*  17968: .51,.....HVN;.$. */
0xF4,0x2A,0xFE,0x22,0xDD,0xFC,0x29,0x1D,0x49,0x1E,0x38,0x22,0x1A,0x22,0x09,0xDA, /*  17984: ..."..).I.8".".. */
0xE5,0xFA,0xBE,0x0A,0xCB,0x3A,0x24,0x17,0x23,0x20,0x35,0x27,0x02,0x0D,0xDD,0xEA, /*  18000: .....:$.. 5'.... */
0xBD,0xCB,0xFD,0x18,0x2B,0xF4,0xF6,0x36,0x0B,0xE3,0xEF,0xFF,0xD8,0x0F,0x59,0xE7, /*  18016: ....+..6......Y. */
0xEE,0x46,0x1E,0x4C,0x51,0x29,0x17,0xE4,0x42,0x08,0x3A,0x36,0x01,0x3F,0xD6,0xDD, /*  18032: .F.LQ)..B.:6.?.. */
0x45,0x5B,0x1D,0x11,0xEA,0xD6,0xFF,0x4C,0xE1,0x37,0x3C,0xCF,0x04,0x59,0x51,0xFD, /*  18048: E[.....L.7<..YQ. */
0xFD,0x01,0xD6,0x2A,0xD4,0x43,0xC0,0xDD,0x7F,0xDE,0x16,0x58,0xD4,0x0D,0x0D,0xD7, /*  18064: .....C.....X.... */
0xDB,0xBE,0x26,0x4E,0xFE,0x12,0x0E,0x25,0xF8,0xDA,0x5D,0xF4,0x65,0x2E,0x15,0xBA, /*  18080: ..&N...%..].e... */
0x2E,0x22,0x22,0xDD,0x11,0x25,0xB7,0x30,0xEE,0xFC,0xC9,0xCD,0x00,0x36,0x03,0x19, /*  18096: .""..%.0.....6.. */
0xC8,0x06,0x36,0x1B,0x2D,0x5E,0x2C,0x4F,0x57,0xF2,0x0C,0xBE,0x45,0x10,0x46,0x14, /*  18112: ..6.-^,OW...E.F. */
0xF8,0xED,0xD1,0x49,0xE0,0xCE,0xC9,0x1F,0x16,0x48,0xFC,0x34,0x06,0x1E,0xE3,0xF7, /*  18128: ...I.....H.4.... */
0xBD,0xBA,0x60,0xD8,0x2B,0x42,0xD6,0x72,0x25,0x4B,0xCC,0xBF,0x32,0xBB,0x37,0xB0, /*  18144: ..`.+B.r%K..2.7. */
0xFC,0x12,0xFC,0x5C,0x5C,0x05,0xF4,0xEF,0x4B,0x0F,0x33,0xD6,0xD9,0x38,0x1C,0x31, /*  18160: ........K.3..8.1 */
0x65,0x0D,0x61,0x21,0x4D,0x0D,0x01,0xFD,0x27,0x21,0x51,0x07,0x27,0x61,0xF3,0xD6, /*  18176: e.a!M...'!Q.'a.. */
0xE3,0xD9,0xD0,0x34,0x09,0x54,0xBA,0xCD,0xE3,0xEA,0xBA,0x30,0xD4,0x43,0xD9,0xFE, /*  18192: ...4.T.....0.C.. */
0xDA,0x1F,0x24,0xBF,0x42,0x2B,0x04,0x0D,0x5B,0x30,0x20,0x24,0x32,0xF6,0xD5,0x28, /*  18208: ..$.B+..[0 $2..( */
0x04,0x0D,0x0D,0x4E,0xCF,0xC9,0xD7,0xCC,0xF8,0xD9,0xE2,0x54,0x3D,0x1C,0x53,0xF4, /*  18224: ...N.......T=.S. */
0x91,0xDC,0xC7,0x9A,0xE0,0xFC,0x1F,0x42,0xD1,0xB4,0x58,0x8F,0xCE,0x65,0xB4,0x99, /*  18240: .......B..X..e.. */
0x0C,0x32,0x56,0x2C,0xC3,0x53,0x54,0xC2,0xF0,0xCA,0x6B,0xCB,0x28,0xCC,0x92,0x63, /*  18256: .2V,.ST...k.(..c */
0xE0,0x3A,0xD0,0x8D,0xD0,0xBF,0xEA,0x90,0x1C,0x5E,0x1C,0xBA,0x10,0xA5,0xCC,0xBA, /*  18272: .:.......^...... */
0x62,0x00,0x63,0x94,0x2A,0xC4,0x65,0x8F,0x48,0x01,0xCA,0xD9,0x4E,0x0F,0xFE,0xCA, /*  18288: b.c...e.H...N... */
0xAE,0xA1,0x9B,0x5D,0x37,0x2F,0xC1,0xD3,0xF4,0xA7,0xF7,0xC6,0x11,0x97,0x5F,0x30, /*  18304: ...]7/........_0 */
0xFD,0x33,0x08,0x21,0x9A,0x2C,0x34,0x37,0xC3,0x5C,0x23,0xF6,0x39,0x91,0x9C,0xB9, /*  18320: .3.!.,47....9... */
0x0F,0xF8,0xFF,0x3D,0x58,0x27,0xC6,0xD6,0xFB,0x1C,0xC0,0xB1,0x81,0x1B,0x5C,0xF7, /*  18336: ...=X'.......... */
0xD8,0x2C,0x5F,0xD5,0xC2,0xF3,0x2A,0xBE,0xDB,0xE6,0x49,0x92,0x37,0x45,0x21,0x0E, /*  18352: .,_.......I.7E!. */
0xA2,0x5C,0x52,0x0A,0xC2,0x5A,0xBF,0xD9,0x60,0x0D,0x1E,0x02,0x27,0xFD,0xD3,0xF8, /*  18368: ..R..Z..`...'... */
0x9B,0x5F,0x3A,0x96,0x14,0x22,0x98,0x8E,0x6A,0x18,0xAC,0xA0,0xE7,0x16,0x16,0x16, /*  18384: ._:.."..j....... */
0x52,0xBF,0x4A,0xE4,0xF7,0xD8,0x44,0x5C,0xDE,0x26,0x07,0xFC,0x54,0x2B,0x41,0x5C, /*  18400: R.J...D..&..T+A. */
0xC8,0x41,0xEC,0xCF,0xE0,0xAE,0xFC,0x3F,0xE5,0x64,0xCC,0x24,0x15,0x82,0xCD,0xD1, /*  18416: .A.....?.d.$.... */
0xD1,0x97,0xF2,0x46,0x02,0xC5,0xF1,0xB2,0xD6,0x18,0xDF,0x36,0x61,0xFD,0xD3,0x65, /*  18432: ...F.......6a..e */
0xCC,0x10,0xF2,0x15,0x5D,0xA2,0x08,0xD5,0xF2,0x9F,0xEE,0xC7,0xAE,0xD4,0xAE,0x03, /*  18448: ....]........... */
0xD6,0x15,0x8B,0xC1,0x95,0x23,0xFD,0x6B,0x1C,0x46,0x1B,0x51,0x9E,0xF9,0xDB,0x6C, /*  18464: .......k.F.Q...l */
0xD1,0x9A,0x68,0x8D,0x53,0x66,0xE5,0x16,0x4E,0x49,0x2D,0x4A,0xE3,0x34,0x16,0xC9, /*  18480: ..h.Sf..NI-J.4.. */
0xD4,0x98,0xFC,0x0F,0xBB,0x13,0x41,0x49,0xA1,0xB0,0x08,0x9E,0x30,0x08,0xBD,0xD6, /*  18496: ......AI....0... */
0x21,0x21,0x43,0x35,0x18,0x22,0x86,0xC3,0x20,0xA9,0xC1,0x11,0xEF,0x5F,0xCA,0xAE, /*  18512: !!C5.".. ...._.. */
0x12,0x41,0x86,0x5D,0xF2,0x4D,0x14,0x4F,0x52,0x35,0x01,0xC0,0xC3,0xA8,0x58,0x13, /*  18528: .A.].M.OR5....X. */
0x81,0x1C,0xA9,0x9F,0xEE,0x2A,0xCB,0x1A,0x84,0xCA,0x37,0x1E,0xF8,0xFC,0x3F,0x01, /*  18544: ..........7...?. */
0x8E,0x0E,0x2B,0xF5,0xD0,0xF8,0x8A,0x94,0x35,0xDA,0x03,0x06,0x10,0x29,0x0D,0x91, /*  18560: ..+.....5....).. */
0x03,0xCF,0xC6,0xA0,0x5C,0x2A,0x20,0xB9,0xF5,0xBE,0x3F,0x5E,0xEA,0x4C,0x6D,0xF1, /*  18576: ...... ...?^.Lm. */
0xB4,0x4D,0x53,0x68,0x5B,0xE8,0xC6,0x31,0x06,0xD1,0x67,0xB2,0x0E,0x8C,0x89,0xAF, /*  18592: .MSh[..1..g..... */
0x9E,0x84,0xBE,0x44,0x93,0xAF,0xF7,0xC7,0x0A,0xBB,0xCD,0x10,0x4F,0x32,0x51,0x0D, /*  18608: ...D........O2Q. */
0x02,0x2C,0x4A,0x30,0x00,0xEF,0x16,0x26,0x16,0xEA,0x1E,0xC7,0xDE,0x36,0x2C,0x23, /*  18624: .,J0...&.....6,. */
0xE8,0xFD,0xE3,0x36,0x0E,0x08,0xE9,0xDD,0x04,0xE6,0x32,0x00,0xF8,0xCB,0x25,0x01, /*  18640: ...6......2...%. */
0xE0,0x05,0x04,0xE0,0x00,0xE4,0xCC,0x7F,0xF5,0x3B,0xF3,0xCF,0xFA,0x08,0xF9,0xE6, /*  18656: .........;...... */
0x32,0x01,0x1D,0x0C,0xF2,0xFD,0x28,0xDD,0x29,0x02,0x03,0x3C,0x21,0xF4,0x01,0xF7, /*  18672: 2.....(.)..<!... */
0x2E,0x12,0xF9,0xCE,0x21,0x32,0x1D,0x24,0x09,0x0F,0xE7,0x19,0x07,0x00,0xF6,0x45, /*  18688: ....!2.$.......E */
0x24,0x23,0xD8,0x22,0x28,0xFB,0xE9,0xED,0x47,0x0B,0xF0,0xF5,0xF1,0xE6,0x2E,0x48, /*  18704: $.."(...G......H */
0xF2,0x00,0x12,0x0B,0xF6,0x08,0xD7,0x1F,0x31,0x1C,0x30,0xD3,0x06,0x23,0x2F,0x30, /*  18720: ........1.0.../0 */
0x34,0x15,0x36,0xF0,0x12,0x22,0x0C,0x23,0x19,0xF4,0x35,0xEA,0x37,0x15,0x00,0x15, /*  18736: 4.6.."....5.7... */
0x2D,0x1A,0xF1,0xD1,0x03,0x3B,0xF0,0x23,0x2F,0xDD,0x32,0xCA,0xE2,0x1E,0xDF,0x35, /*  18752: -....;../.2....5 */
0x25,0xF6,0xDD,0xEA,0xFF,0x45,0xDF,0x1E,0x14,0x40,0x23,0x4B,0x3D,0x01,0xF8,0xFE, /*  18768: %....E...@.K=... */
0x25,0xE9,0x0B,0xE7,0x08,0xE1,0x25,0xED,0x27,0xD1,0x0E,0xE6,0xFC,0x05,0x3F,0x30, /*  18784: %.....%.'.....?0 */
0x49,0x2D,0x1F,0xF8,0x21,0x09,0xF0,0x41,0x30,0x24,0x39,0x48,0xE5,0x25,0x00,0xDF, /*  18800: I-..!..A0$9H.%.. */
0x59,0xE2,0xD7,0x1A,0xCE,0x56,0x51,0x39,0x68,0xCB,0x61,0x52,0x44,0x1A,0x27,0x57, /*  18816: Y....VQ9h.aRD.'W */
0xEC,0xE3,0x05,0x56,0xCA,0x1E,0x20,0xF6,0x0C,0x2F,0xF3,0x3C,0x4C,0x0E,0xD2,0xE8, /*  18832: ...V.. ../.<L... */
0x03,0xFB,0x44,0x15,0xAD,0x58,0xB4,0x3F,0x64,0x4D,0x47,0x0F,0x25,0x53,0x17,0xAC, /*  18848: ..D..X.?dMG.%S.. */
0x57,0x6E,0x63,0x0D,0x20,0x13,0x2A,0x33,0x01,0x1B,0x43,0x64,0x29,0xFA,0xDD,0x25, /*  18864: Wnc. ..3..Cd)..% */
0x43,0x6A,0xDC,0xE2,0xDA,0x2B,0x30,0xED,0x53,0x47,0xEF,0xFE,0x50,0xFB,0x01,0x6F, /*  18880: Cj...+0.SG..P..o */
0x36,0xE4,0xD2,0x4F,0xB1,0xD9,0x03,0xEC,0x7F,0xE7,0x3E,0x22,0x55,0x06,0x70,0x00, /*  18896: 6..O......>"U.p. */
0xC4,0xF6,0x32,0xD4,0x2B,0x43,0x3B,0x23,0x53,0x1C,0xE6,0x08,0x1B,0xB7,0x20,0xB4, /*  18912: ..2.+C;.S..... . */
0x5C,0x6F,0x56,0x3F,0x50,0xC9,0x03,0x71,0xF0,0x3C,0xC3,0x5C,0xDD,0x72,0x08,0x62, /*  18928: .oV?P..q.<...r.b */
0x46,0xCF,0x41,0x50,0x33,0x39,0x49,0xF5,0x6B,0x3B,0xF4,0x4B,0xB7,0x27,0x09,0x64, /*  18944: F.AP39I.k;.K.'.d */
0xE9,0xE3,0x23,0x62,0x53,0x1A,0x2B,0xC5,0x31,0xE9,0x08,0x5F,0xCE,0xD6,0x4E,0x37, /*  18960: ...bS.+.1.._..N7 */
0x10,0xB4,0x1E,0xD1,0x4A,0x5B,0x2B,0xF7,0x23,0x4B,0xC9,0xBA,0x2A,0x09,0x02,0x25, /*  18976: ....J[+..K.....% */
0xFA,0xCB,0xC0,0xD7,0x50,0x51,0x06,0x43,0xD3,0x3B,0x44,0x0A,0xD1,0xCE,0xC5,0x48, /*  18992: ....PQ.C.;D....H */
0x95,0x97,0x20,0x88,0xD9,0x94,0xEA,0x4D,0x2C,0x3F,0x5E,0x13,0xBE,0x9C,0x6A,0xB8, /*  19008: .. ....M,?^...j. */
0x20,0xD8,0x0E,0x22,0x30,0xD1,0x35,0xBC,0xF6,0x61,0xD9,0x08,0xAB,0xF3,0xFF,0xF0, /*  19024:  .."0.5..a...... */
0xEF,0x52,0x21,0x43,0x76,0x66,0x29,0x4A,0x3B,0x40,0x42,0x91,0x5B,0x1E,0x94,0x17, /*  19040: .R!Cvf)J;@B.[... */
0xE6,0xA4,0xE7,0xE5,0xD8,0xE4,0x81,0xDF,0xAE,0x09,0xF3,0x8D,0x40,0x1D,0x64,0x3B, /*  19056: ............@.d; */
0xE6,0x5C,0x26,0x85,0xFE,0x56,0x14,0x77,0x30,0xFA,0x6C,0x86,0xB7,0x87,0x9A,0x54, /*  19072: ..&..V.w0.l....T */
0xE6,0xF8,0xEA,0x9C,0xFF,0x0D,0x9F,0x53,0x44,0x24,0x19,0x88,0x73,0xDD,0x5B,0xE1, /*  19088: .......SD$..s.[. */
0xB2,0xCF,0xA4,0x34,0x41,0x05,0x3E,0x4F,0x4F,0xC8,0x51,0x3A,0x00,0x46,0x30,0x51, /*  19104: ...4A.>OO.Q:.F0Q */
0xC2,0x2B,0x8A,0xC8,0x5C,0x17,0x92,0xC4,0x04,0x39,0xD4,0x93,0x4C,0x91,0x9D,0xD4, /*  19120: .+.......9..L... */
0xD9,0x71,0x62,0xE8,0x05,0xDC,0xC4,0xC0,0xC3,0xB0,0x16,0xAD,0xA7,0x1D,0x47,0x6E, /*  19136: .qb...........Gn */
0xCE,0xF6,0x5F,0xB1,0xAC,0x32,0xED,0xBB,0x95,0x49,0x0E,0xB2,0x18,0xA7,0xC0,0xE5, /*  19152: .._..2...I...... */
0xAD,0x63,0xF5,0xD8,0x5C,0x9C,0x37,0x1F,0x4D,0x5C,0x6F,0x5C,0x99,0x63,0xC8,0x61, /*  19168: .c....7.M.o..c.a */
0xC8,0x1D,0xBC,0x31,0xC2,0x12,0x3B,0xBF,0xA6,0x6A,0x39,0xB6,0x9C,0xA9,0x46,0x10, /*  19184: ...1..;..j9...F. */
0xE0,0xFE,0xED,0xEA,0x2E,0x53,0x58,0xE7,0x0F,0x0F,0x4D,0x3D,0x33,0xE0,0x06,0x60, /*  19200: .....SX...M=3..` */
0xE2,0x4F,0xF0,0xDB,0x3E,0x43,0x10,0x46,0x15,0x3B,0xC6,0xEB,0x30,0xC0,0x24,0x5A, /*  19216: .O..>C.F.;..0.$Z */
0x28,0x2E,0xCE,0xE6,0xF5,0xFE,0xF1,0x7F,0x3C,0x45,0x15,0xBF,0x08,0x1C,0xD9,0x0A, /*  19232: (.......<E...... */
0xE1,0x3C,0x14,0x3F,0x25,0x3B,0xF5,0x56,0x63,0xE6,0xE0,0x3B,0x57,0x1A,0xFC,0x5B, /*  19248: .<.?%;.Vc..;W..[ */
0xF4,0x57,0x44,0x45,0x25,0x3E,0xD0,0xDF,0xE1,0xC8,0x26,0xD5,0x04,0x07,0x44,0x3A, /*  19264: .WDE%>....&...D: */
0x54,0x1A,0x53,0x41,0xF7,0x0D,0x01,0x53,0x56,0x5B,0x35,0xF8,0x2B,0x18,0x5A,0xE3, /*  19280: T.SA...SV[5.+.Z. */
0xB8,0x0D,0x07,0x4F,0x48,0x09,0xF6,0x16,0xE0,0x2B,0x37,0xF7,0x3F,0xC3,0x44,0x1D, /*  19296: ...OH....+7.?.D. */
0x07,0x21,0x4B,0xE6,0x34,0x11,0x04,0xF9,0xFD,0x60,0xCF,0x0C,0x04,0x60,0xF1,0x48, /*  19312: .!K.4....`...`.H */
0x50,0x48,0x4A,0x4F,0x19,0x63,0x1E,0xD3,0x50,0x18,0x5F,0xB7,0x14,0x25,0xEC,0x1D, /*  19328: PHJO.c..P._..%.. */
0x07,0x61,0x4E,0x20,0xDC,0xDC,0x37,0x46,0xED,0x3C,0x30,0xDB,0xD5,0x17,0x0B,0x4D, /*  19344: .aN ..7F.<0....M */
0x31,0xE3,0x25,0xEE,0xCE,0x23,0x33,0xF7,0xF4,0x1C,0xF3,0xCD,0xF7,0xF8,0xEE,0x3B, /*  19360: 1.%...3........; */
0x45,0x37,0x5E,0x4A,0x19,0xCC,0x3A,0x37,0x33,0xF2,0x50,0xF8,0x27,0x0B,0x1D,0xD9, /*  19376: E7^J..:73.P.'... */
0x53,0x1A,0x1B,0x10,0x0B,0x2E,0x31,0x27,0xE8,0xEE,0xCA,0x11,0x52,0xF1,0x5C,0x1B, /*  19392: S.....1'....R... */
0x42,0x3A,0x45,0x33,0x38,0x0D,0x44,0x23,0x7F,0xE4,0x1F,0xF5,0x28,0xAE,0x67,0x42, /*  19408: B:E38.D.....(.gB */
0xC1,0xE3,0xF6,0x22,0xB1,0x32,0xD0,0x55,0xEB,0xC7,0x52,0xFD,0x65,0x3E,0x2C,0xC5, /*  19424: ...".2.U..R.e>,. */
0x34,0x4A,0x19,0x27,0x56,0x45,0x29,0xF5,0xE9,0xDD,0x05,0x35,0x54,0x36,0xD1,0xE0, /*  19440: 4J.'VE)....5T6.. */
0x20,0x2A,0x6F,0xC5,0xE0,0x09,0x0C,0x25,0xF3,0x5C,0xE7,0x01,0xCE,0x2F,0x2B,0x50, /*  19456:  .o....%...../+P */
0x10,0x4D,0xDE,0xE7,0xF8,0x52,0xC2,0xD4,0xE6,0x12,0x12,0x08,0x5E,0xE4,0x58,0xF6, /*  19472: .M...R......^.X. */
0x4D,0x0E,0x00,0xF1,0xF2,0x5D,0x0C,0xF9,0x29,0xF5,0xDB,0xBB,0xED,0x09,0x3F,0xB9, /*  19488: M....]..).....?. */
0x1E,0x6E,0xCF,0x13,0xE7,0x1B,0x2A,0x05,0x3C,0x66,0x22,0x1C,0x39,0x5E,0xC7,0x5A, /*  19504: .n......<f".9^.Z */
0xFA,0x4D,0x27,0xE1,0x0F,0xEA,0xFE,0x2B,0xD7,0x55,0xF4,0xE3,0xF7,0x01,0xE5,0xDB, /*  19520: .M'....+.U...... */
0x05,0x2B,0xE8,0x4F,0xF6,0x27,0xD0,0xF7,0x2B,0xEB,0xB2,0x4E,0xF7,0xF8,0x32,0xF6, /*  19536: .+.O.'..+..N..2. */
0xDD,0xFD,0x43,0x38,0x02,0x60,0x28,0xE7,0x18,0x09,0x2B,0xC3,0x4B,0x07,0x70,0x16, /*  19552: ..C8.`(...+.K.p. */
0x6D,0x4A,0xEA,0x6A,0xF5,0x12,0x2C,0x70,0x1F,0x27,0x61,0xD1,0x01,0xFF,0x27,0x0C, /*  19568: mJ.j..,p.'a...'. */
0xEC,0x30,0xF7,0x24,0xFC,0x06,0xED,0x19,0xFD,0x03,0x0E,0xEB,0xDC,0x37,0xEB,0xE5, /*  19584: .0.$.........7.. */
0x18,0x11,0x0B,0xF6,0x25,0x41,0xE6,0xE2,0x3B,0x22,0xDB,0x1E,0x1E,0x2C,0xF3,0x36, /*  19600: ....%A..;"...,.6 */
0x08,0x1B,0x37,0x01,0x33,0x28,0xF8,0x63,0x03,0xEF,0x0C,0x1B,0xF5,0xE2,0x0C,0x21, /*  19616: ..7.3(.c.......! */
0x31,0xED,0xDC,0xFE,0x02,0x00,0x0D,0xE6,0x09,0xFB,0x08,0x2A,0x2F,0x29,0xE3,0xDF, /*  19632: 1.........../).. */
0x1F,0xF0,0xFD,0x1F,0xD7,0x39,0x11,0xE8,0x21,0x10,0x2D,0x08,0x19,0x2B,0x02,0x3B, /*  19648: .....9..!.-..+.; */
0x10,0x2F,0x1B,0x1C,0x07,0xE4,0xEE,0x08,0x51,0x32,0xE3,0x46,0x3C,0x23,0x03,0x34, /*  19664: ./......Q2.F<..4 */
0xE4,0xFC,0x43,0xF6,0x13,0x42,0x38,0x7F,0x1A,0x34,0x06,0x29,0x37,0xD7,0x32,0x04, /*  19680: ..C..B8..4.)7.2. */
0x30,0x0C,0x20,0x31,0xEC,0xDB,0x05,0xFF,0x45,0x09,0xE5,0x18,0x0A,0x12,0xE1,0x3B, /*  19696: 0. 1....E......; */
0xF8,0x34,0x10,0xF4,0xF8,0x38,0xEE,0xF3,0xDF,0xF4,0xEB,0xE8,0x32,0x01,0xF1,0x3F, /*  19712: .4...8......2..? */
0xE8,0x14,0xD6,0x16,0x31,0xF5,0x01,0x3C,0x25,0x2F,0x1D,0xFB,0x3B,0xE0,0xE7,0x37, /*  19728: ....1..<%/..;..7 */
0xFE,0x0F,0x30,0x1D,0xD8,0x02,0x19,0xD6,0x0B,0xD6,0xF3,0xFC,0x2F,0xE6,0xE9,0x31, /*  19744: ..0........./..1 */
0x24,0x1F,0x0E,0x16,0x34,0x03,0x1B,0x11,0x03,0x03,0xDB,0xFF,0x42,0x0E,0xD7,0x26, /*  19760: $...4.......B..& */
0x42,0x32,0xDF,0x18,0x27,0x16,0x10,0x56,0xDD,0x4A,0x15,0xA5,0xB5,0x0C,0x7F,0xDD, /*  19776: B2..'..V.J...... */
0x28,0x58,0xFC,0xEC,0x0D,0x45,0x60,0xC7,0xE8,0x10,0xE6,0xFD,0x2A,0xB9,0xD9,0x31, /*  19792: (X...E`........1 */
0x4D,0xFF,0xFE,0x42,0x35,0x0A,0xD6,0x5C,0xD0,0x6F,0x40,0x59,0xDA,0xB4,0xCB,0xD8, /*  19808: M..B5....o@Y.... */
0x5E,0x07,0x2D,0xFE,0x5C,0x54,0xB6,0x29,0xE0,0xF9,0xF4,0x15,0x74,0x5C,0x4A,0x61, /*  19824: ^.-..T.)....t.Ja */
0x75,0xBE,0x3B,0xC1,0x63,0xDA,0xEC,0x5B,0xDB,0x69,0x76,0xED,0xF2,0xFC,0x4D,0xEA, /*  19840: u.;.c..[.iv...M. */
0xCE,0x49,0x22,0xDC,0xBC,0x1F,0xDA,0x5E,0x52,0xE7,0xDD,0x1D,0x77,0xEF,0x2D,0x4B, /*  19856: .I"....^R...w.-K */
0xBB,0x65,0xFF,0xEC,0x2B,0x49,0x35,0x69,0x44,0xE5,0xF9,0x13,0xF8,0xBD,0xD3,0x48, /*  19872: .e..+I5iD......H */
0xCB,0xF5,0xEE,0x51,0x47,0xEA,0x2A,0x6C,0x5A,0x65,0x7E,0x4E,0xF9,0xEA,0x48,0x0B, /*  19888: ...QG..lZe~N..H. */
0x5C,0xD6,0xFE,0x6A,0x23,0x2C,0xD1,0xD0,0xFE,0xB8,0xFE,0x16,0xDA,0x78,0x3D,0xF7, /*  19904: ...j.,.......x=. */
0x42,0x08,0xAF,0x36,0x28,0xE9,0x2B,0x50,0xF7,0x7C,0x12,0x0C,0xC0,0x60,0x51,0x3E, /*  19920: B..6(.+P.|...`Q> */
0x2C,0x62,0x37,0xCA,0x35,0x1C,0xD7,0xED,0x5D,0xC1,0xF0,0xFF,0x16,0xB8,0x74,0xE9, /*  19936: ,b7.5...].....t. */
0x20,0x48,0xD6,0xD1,0x4C,0x4D,0x22,0xE9,0x40,0x6D,0xE3,0x7B,0x29,0x36,0xC0,0x30, /*  19952:  H..LM".@m.{)6.0 */
0x8E,0xBC,0xAB,0x9A,0xF6,0x01,0x99,0x37,0x49,0xEA,0xDC,0xE4,0xBF,0xD9,0x48,0xFE, /*  19968: .......7I.....H. */
0xB8,0x2F,0x28,0xB3,0xED,0xEE,0x15,0xF5,0xC3,0x9B,0xAE,0x3A,0x27,0x97,0xC5,0x81, /*  19984: ./(........:'... */
0x37,0xEC,0xEC,0xFA,0xCB,0x10,0xA0,0xF1,0x4B,0xC1,0x9E,0x94,0xC1,0x57,0xC8,0x3F, /*  20000: 7.......K....W.? */
0xE1,0x91,0x0D,0x29,0xF5,0xBE,0x5B,0xAD,0xCC,0xCD,0xC5,0x5B,0xE6,0x03,0x25,0xF2, /*  20016: ...)..[....[..%. */
0xF9,0xAB,0x05,0xD9,0x0E,0xF1,0xE1,0x3B,0x95,0xFD,0x16,0xEE,0xE2,0x4B,0xEF,0x1F, /*  20032: .......;.....K.. */
0x61,0xB7,0xAA,0xED,0xF2,0x97,0xD8,0xD0,0x11,0xBB,0x5B,0x91,0xBB,0x06,0xD3,0x1D, /*  20048: a.........[..... */
0x2E,0x0C,0xD4,0xF7,0xEF,0xCC,0xB1,0x26,0xA9,0xF1,0xC0,0x8F,0x8F,0x4F,0xCB,0xC0, /*  20064: .......&.....O.. */
0xAA,0xBF,0xAE,0xE2,0x2E,0xB2,0xAB,0x06,0xF8,0xAE,0x0F,0x26,0xE9,0xB8,0x26,0x38, /*  20080: ...........&..&8 */
0x28,0x49,0x48,0x49,0xB2,0xE2,0x41,0xB4,0x52,0x91,0x1E,0x51,0x4E,0xD5,0x43,0x57, /*  20096: (IHI..A.R..QN.CW */
0x11,0x37,0xF4,0x0C,0x4E,0xD9,0x94,0xFA,0x9E,0x58,0xC6,0x00,0xF6,0x02,0xE1,0xE0, /*  20112: .7..N....X...... */
0xF6,0xAE,0x2B,0x04,0xD0,0xC1,0x0F,0xC3,0xF2,0x21,0x8B,0xCC,0x87,0x24,0xD5,0x08, /*  20128: ..+......!...$.. */
0xBA,0x58,0xEE,0xF4,0xB5,0xCE,0x62,0x3F,0xD9,0x41,0x34,0xE6,0x1A,0xEA,0x56,0xDC, /*  20144: .X....b?.A4...V. */
0x1F,0xA6,0xE5,0x8E,0x93,0x54,0x46,0xF2,0xB5,0x97,0x19,0x21,0x8B,0x47,0xCF,0xA1, /*  20160: .....TF....!.G.. */
0x38,0xF7,0x20,0xC7,0x37,0x52,0x24,0x9B,0x15,0x9F,0x9F,0x2F,0xB8,0x04,0xBB,0xCB, /*  20176: 8. .7R$..../.... */
0xBE,0xC1,0x5C,0xE3,0xB0,0xE0,0x08,0x66,0xD4,0xC2,0x8D,0xAB,0x1F,0xEF,0x25,0xBB, /*  20192: .......f......%. */
0xEF,0x31,0x5A,0x54,0x16,0x25,0x1D,0x83,0xD7,0x52,0x06,0x47,0x66,0x06,0x9E,0x86, /*  20208: .1ZT.%...R.Gf... */
0x2E,0xF3,0x93,0x99,0x5E,0x57,0xB6,0xF6,0x32,0x81,0x16,0x38,0x45,0x16,0x51,0x3A, /*  20224: ....^W..2..8E.Q: */
0xAA,0xE4,0xC4,0x4D,0x55,0x52,0x38,0xD2,0xDE,0xCF,0xE7,0x5E,0xFF,0xA7,0xBA,0xBF, /*  20240: ...MUR8....^.... */
0x1D,0xD0,0xA2,0xBE,0x22,0x42,0xFE,0xFF,0x93,0x62,0xD0,0x93,0xDD,0x6B,0xD2,0xC1, /*  20256: ...."B...b...k.. */
0x2B,0x85,0x10,0x36,0xFA,0x88,0x89,0xFE,0x0F,0xBD,0x35,0x1D,0x89,0xBA,0x94,0x45, /*  20272: +..6......5....E */
0xA4,0x94,0xFF,0x96,0xE5,0x2A,0x66,0x05,0x9D,0x87,0x23,0x0B,0xC2,0x30,0x01,0xA0, /*  20288: ......f......0.. */
0xBD,0x43,0x9B,0x07,0x29,0x55,0x0E,0xA3,0xEE,0xDA,0x6D,0xA4,0x92,0xF3,0xA8,0xAF, /*  20304: .C..)U....m..... */
0x54,0x1B,0x23,0xB3,0xB6,0x52,0x04,0x19,0xFC,0xD9,0xDD,0x91,0xD2,0x92,0xF6,0xE5, /*  20320: T....R.......... */
0xF5,0xA4,0x07,0x99,0x86,0xC0,0xE1,0x19,0x88,0xC5,0x45,0xA0,0x36,0x89,0xBB,0x1F, /*  20336: ..........E.6... */
0x50,0xCE,0x17,0x99,0xAF,0x93,0x2B,0x04,0x8E,0x29,0x66,0xEE,0x17,0xCD,0xF2,0x60, /*  20352: P.....+..)f....` */
0xC2,0x96,0xFF,0x6C,0xAA,0xFB,0xBF,0x0C,0x5D,0x5A,0xF9,0x13,0xC4,0x60,0x1E,0x5D, /*  20368: ...l....]Z...`.] */
0x26,0x1A,0xE3,0xF0,0x36,0x57,0xA0,0xCE,0xF8,0xA1,0x6B,0x27,0x00,0xFE,0xF7,0x4D, /*  20384: &...6W....k'...M */
0xB0,0xEC,0x38,0x83,0xC2,0x8E,0x6F,0xC4,0xFE,0x9F,0x46,0x68,0xF0,0x87,0x59,0x13, /*  20400: ..8...o...Fh..Y. */
0xB9,0x90,0xAA,0x3B,0x97,0x6E,0xC0,0x17,0x89,0x4B,0xF7,0xC0,0x91,0xE5,0x1B,0x57, /*  20416: ...;.n...K.....W */
0x5A,0x81,0x0D,0xCF,0xBC,0xA6,0xF1,0x58,0x5E,0x90,0xE5,0x25,0xE5,0x33,0xC3,0x8C, /*  20432: Z......X^..%.3.. */
0x63,0x41,0xA7,0x10,0xFB,0xA3,0x55,0xEA,0x64,0xE6,0xBC,0xCA,0xD2,0xF5,0x61,0x93, /*  20448: cA....U.d.....a. */
0x19,0x9E,0x67,0xFF,0xB8,0x9E,0x25,0xF4,0xA7,0xF7,0x8D,0x44,0x1C,0xC4,0x08,0x25, /*  20464: ..g...%....D...% */
0x2F,0xFC,0xF2,0xFE,0xEC,0xEF,0x88,0xFF,0xB7,0xFA,0xA9,0xA5,0xBE,0x8D,0xC8,0xE0, /*  20480: /............... */
0xAE,0x28,0x72,0x37,0x67,0x2D,0xF9,0x5A,0xA4,0xAD,0xD3,0x92,0xE1,0x64,0x05,0xA4, /*  20496: .(r7g-.Z.....d.. */
0x36,0x9D,0xD6,0x1D,0xC8,0x6C,0x97,0xAA,0x6F,0x9D,0x90,0xB3,0x19,0x4A,0xF8,0x93, /*  20512: 6....l..o....J.. */
0x3B,0xFD,0x55,0x50,0x09,0x3C,0xC2,0x25,0xEC,0x5F,0x95,0xF9,0xE7,0x15,0xCE,0x99, /*  20528: ;.UP.<.%._...... */
0x22,0x9F,0xF4,0x1B,0x0D,0x32,0xE0,0xE1,0x37,0x01,0x47,0xAB,0xAF,0x25,0x42,0x57, /*  20544: "....2..7.G..%BW */
0x43,0x9C,0xEC,0xB6,0xB6,0x42,0x4A,0x9E,0x3B,0xAE,0x2C,0xCB,0x3A,0x3A,0x1F,0x0B, /*  20560: C....BJ.;.,.::.. */
0x4F,0xC3,0x8C,0xCF,0x99,0x5A,0xEF,0x0D,0xFE,0x1A,0x3E,0x87,0x9D,0xC3,0x4E,0x9F, /*  20576: O....Z....>...N. */
0x83,0x2F,0xB5,0xE1,0x10,0x1B,0xA6,0xD9,0x41,0x0C,0x8E,0x95,0x1E,0xFB,0xC4,0xDC, /*  20592: ./......A....... */
0xE8,0xCD,0x3C,0xEB,0x40,0xAE,0x3A,0xFC,0xAC,0xED,0x02,0xC9,0x9E,0xD2,0x90,0x26, /*  20608: ..<.@.:........& */
0xBD,0x57,0x5F,0x99,0x53,0xB1,0x15,0x25,0x87,0xCF,0x54,0x5D,0x30,0xEB,0xA4,0xA3, /*  20624: .W_.S..%..T]0... */
0x6E,0xAC,0xF6,0x55,0xE3,0x88,0x54,0xF7,0xB6,0xF3,0x97,0x0F,0x89,0x12,0x55,0xFE, /*  20640: n..U..T.......U. */
0x05,0xFA,0x5D,0x24,0xAE,0x33,0xA3,0x0F,0xC9,0x17,0xC4,0x31,0x33,0x8E,0xA9,0x15, /*  20656: ..]$.3.....13... */
0xB0,0x8F,0xA4,0x43,0x02,0xA0,0x59,0x12,0x3A,0x35,0xFC,0x93,0x45,0x81,0x1E,0xAD, /*  20672: ...C..Y.:5..E... */
0xA4,0xF4,0xA0,0xB1,0xF5,0x3A,0xA6,0x59,0x90,0x3D,0x34,0x10,0x90,0xE6,0xE4,0xCA, /*  20688: .....:.Y.=4..... */
0xDC,0x41,0x8F,0x22,0x32,0x3D,0xC2,0xCC,0xDE,0xCD,0x49,0xC6,0xB7,0xED,0x47,0x96, /*  20704: .A."2=....I...G. */
0x57,0xDC,0xC6,0xD7,0xB9,0x0F,0xC7,0x20,0x0F,0x0B,0xE8,0x88,0x24,0xEB,0x4F,0x27, /*  20720: W...... ....$.O' */
0xED,0x20,0xE8,0xD8,0xF4,0x42,0x33,0xFB,0x19,0xDF,0xD5,0x25,0xF4,0x38,0x5C,0x5A, /*  20736: . ...B3....%.8.Z */
0x2A,0x2B,0x12,0x0A,0xCA,0x28,0xE2,0x00,0x10,0xE5,0x3C,0x12,0xE7,0xC9,0x3E,0xD6, /*  20752: .+...(....<...>. */
0x19,0x44,0x03,0x03,0x0C,0x54,0xF1,0x7F,0x3B,0xF4,0x33,0xC7,0xF7,0xE2,0x3B,0x3A, /*  20768: .D...T..;.3...;: */
0xDF,0x4D,0xDB,0x39,0x0B,0x41,0xF5,0x53,0x17,0xE6,0x00,0xF5,0x32,0xD7,0xD9,0x3D, /*  20784: .M.9.A.S....2..= */
0x5C,0xD9,0xF2,0x29,0x33,0xDF,0x26,0x34,0x2C,0xD7,0xD7,0x24,0x14,0x3B,0x39,0x2E, /*  20800: ...)3.&4,..$.;9. */
0xFC,0x27,0xE3,0x2F,0x16,0x3B,0xE6,0xD3,0x00,0x4C,0xD8,0x41,0x18,0x1D,0xFC,0x35, /*  20816: .'./.;...L.A...5 */
0x2C,0xF3,0x0A,0xF8,0xF0,0xE0,0xC6,0x15,0x33,0xD8,0x15,0xD9,0x1F,0xE9,0x4B,0xF5, /*  20832: ,.......3.....K. */
0xE3,0x3C,0x0B,0xD9,0xFB,0xEE,0x27,0x4E,0x45,0x41,0x0A,0x0D,0xE4,0x26,0xCB,0xE1, /*  20848: .<....'NEA...&.. */
0x10,0x32,0x44,0x25,0xF0,0x01,0x15,0xF8,0x44,0x1C,0x1C,0x1F,0x0A,0x5B,0xE5,0x14, /*  20864: .2D%....D....[.. */
0x3F,0x19,0xE9,0x53,0x4E,0x01,0xE6,0x23,0x4D,0x38,0xDE,0x3E,0x42,0xE8,0x1B,0x46, /*  20880: ?..SN...M8.>B..F */
0xCD,0x35,0x00,0xD9,0x0F,0x1F,0x20,0x23,0x4B,0x21,0x1E,0xF8,0x49,0xF9,0xFF,0xE3, /*  20896: .5.... .K!..I... */
0x3D,0xEC,0x2D,0x35,0x26,0x3B,0xED,0xE8,0x3C,0x4D,0x41,0x5B,0x2D,0x36,0x49,0x3A, /*  20912: =.-5&;..<MA[-6I: */
0x4B,0xFA,0x3B,0x0C,0x51,0xE9,0xC3,0x31,0x7F,0x68,0x73,0xF8,0x09,0xB1,0x03,0x1E, /*  20928: K.;.Q..1.hs..... */
0x2B,0xB8,0xD6,0xFA,0x62,0x24,0x4E,0xDD,0xC8,0x20,0xB1,0x3E,0xAD,0xB4,0xFB,0xB9, /*  20944: +...b$N.. .>.... */
0xD2,0xE3,0x56,0x5E,0x6C,0x17,0xFB,0x03,0xDE,0xEC,0xE5,0xB6,0x71,0x0E,0x6D,0xE6, /*  20960: ..V^l.......q.m. */
0xED,0xD6,0xAE,0xF8,0xC9,0x32,0xA9,0x2C,0x16,0x1D,0x78,0x38,0x5C,0x38,0xA8,0xC4, /*  20976: .....2.,..x8.8.. */
0x45,0x58,0xB0,0x9A,0xD5,0xBA,0x24,0x71,0x54,0x09,0x1D,0x42,0x9C,0x07,0xC2,0x65, /*  20992: EX....$qT..B...e */
0x63,0x4C,0x46,0xBD,0x04,0xED,0xD3,0x1D,0x01,0xC9,0x2F,0x0A,0x40,0x96,0xAE,0xD3, /*  21008: cLF......./.@... */
0xD9,0xED,0x5F,0xDA,0x57,0x54,0xEB,0xFB,0x29,0x12,0x40,0x53,0x57,0xCC,0x63,0xFB, /*  21024: .._.WT..).@SW.c. */
0x47,0xA8,0x61,0xE3,0x4C,0xCE,0xCB,0xC9,0xD9,0x79,0x3B,0x2E,0xAC,0xA8,0xE3,0x27, /*  21040: G.a.L....y;....' */
0xC7,0xCB,0xA7,0x13,0xEA,0xE4,0xF2,0x53,0xF8,0x68,0xA8,0xC2,0x54,0xE9,0xB1,0x25, /*  21056: .......S.h..T..% */
0x45,0xB5,0xE9,0x51,0x67,0xC3,0xC5,0xE3,0x18,0xCE,0x64,0xBE,0x14,0x65,0xDC,0x0C, /*  21072: E..Qg.....d..e.. */
0xEE,0x56,0xC5,0x60,0x95,0x52,0x23,0xCA,0x74,0x34,0x59,0x22,0x20,0x1A,0x34,0x1F, /*  21088: .V.`.R..t4Y" .4. */
0x1C,0x1C,0x0C,0x45,0xAB,0x76,0x1D,0x05,0x40,0xBF,0xF1,0x33,0x32,0xDF,0x63,0x08, /*  21104: ...E.v..@..32.c. */
0x28,0xE2,0x10,0xD2,0xF9,0x0D,0xED,0x51,0x20,0xC7,0xFC,0x0F,0x22,0xD3,0x16,0xF1, /*  21120: (......Q ..."... */
0x4B,0x16,0xC4,0x41,0xDB,0x51,0x50,0x58,0x7F,0x68,0xF4,0x08,0x37,0x33,0x5A,0x09, /*  21136: K..A.QPX.h..73Z. */
0xCF,0x51,0xDC,0x36,0xDE,0x69,0x26,0x44,0xEE,0x5D,0x43,0xFB,0x00,0x13,0x11,0xB6, /*  21152: .Q.6.i&D.]C..... */
0x01,0x0C,0x15,0x0A,0x59,0xFD,0xC9,0x5F,0x11,0x3E,0xF3,0x21,0x53,0xD5,0x21,0xDB, /*  21168: ....Y.._.>.!S.!. */
0xE4,0xDF,0x37,0x25,0x1B,0x3A,0x08,0x1E,0x38,0x03,0x30,0x2A,0xF9,0x49,0x57,0x3C, /*  21184: ..7%.:..8.0..IW< */
0x5A,0xFB,0x0F,0x67,0xE8,0xF8,0x17,0xE1,0x06,0xD6,0xFD,0xF1,0xF8,0x17,0x0B,0x38, /*  21200: Z..g...........8 */
0xD1,0x1E,0x4D,0x12,0x22,0x08,0x10,0x7C,0x15,0xE5,0xD5,0xE7,0xE0,0xF0,0x3A,0x0B, /*  21216: ..M."..|......:. */
0xF7,0xE8,0x17,0x03,0xDE,0x0B,0x15,0x64,0xEB,0xF6,0xDE,0xF8,0x4B,0xD8,0xE4,0x2E, /*  21232: .......d....K... */
0x48,0x4F,0x16,0xBD,0xFC,0x0D,0x52,0x45,0x5A,0x0C,0x4C,0x22,0xC3,0x10,0xFF,0xE0, /*  21248: HO....REZ.L".... */
0xD3,0x63,0x46,0x51,0xC2,0x17,0xC6,0x38,0x1A,0xD1,0xF7,0x36,0x51,0xE8,0xFA,0x4E, /*  21264: .cFQ...8...6Q..N */
0x40,0xE6,0x32,0xE8,0x18,0xDE,0xEB,0xF8,0x1C,0x1A,0xF6,0xE8,0x62,0x4D,0x5C,0x37, /*  21280: @.2.........bM.7 */
0xDC,0x17,0xE5,0xE1,0xF7,0x60,0xD8,0x2A,0xFF,0x52,0x01,0xE4,0x3E,0x64,0xE3,0x63, /*  21296: .....`...R..>d.c */
0xAE,0x48,0xFA,0xD9,0x81,0xC1,0xB5,0x11,0x52,0x90,0x2A,0x4E,0xFF,0xC1,0xF9,0x99, /*  21312: .H......R..N.... */
0x0E,0x44,0x51,0x27,0xD4,0xFA,0xDB,0x1C,0x8C,0x87,0xD2,0x01,0xC1,0xB5,0xBB,0x8A, /*  21328: .DQ'............ */
0x0C,0xE3,0xE1,0xF8,0xB5,0xC0,0x3E,0xC3,0xB5,0x1E,0xF3,0x75,0x6D,0xD8,0x30,0x98, /*  21344: ......>....um.0. */
0x54,0x64,0xE7,0xA6,0x8D,0xF4,0xC1,0x8D,0xC9,0x3E,0xDE,0xEB,0xD0,0x45,0xEC,0xE3, /*  21360: Td.......>...E.. */
0xEC,0xDD,0xFC,0xA7,0x6E,0xBE,0xE7,0x8F,0x92,0x47,0x1A,0x22,0x20,0x85,0x0E,0xB3, /*  21376: ....n....G." ... */
0xC7,0x96,0x2F,0x3E,0x1C,0xB3,0x67,0xE7,0x9E,0x32,0xBE,0x8C,0x89,0x2C,0x1A,0x2A, /*  21392: ../>..g..2...,.. */
0x1A,0x53,0x95,0x8D,0x6A,0x1B,0x19,0x79,0x43,0x7E,0x1D,0x75,0xD1,0xD3,0x38,0x02, /*  21408: .S..j..yC~.u..8. */
0xCD,0xA4,0x78,0x3B,0x30,0x5E,0xFA,0x1C,0x0F,0xCA,0x55,0xBD,0x4B,0x57,0xF6,0x56, /*  21424: ..x;0^....U.KW.V */
0x51,0x95,0xDF,0x0E,0x59,0x56,0x8A,0xEB,0xAA,0xFF,0x54,0xFF,0xEE,0xB0,0xCB,0xDF, /*  21440: Q...YV....T..... */
0xBF,0xEF,0x6E,0xD8,0x74,0xC1,0x8B,0xEC,0x88,0x28,0xDE,0xEB,0xEF,0xF0,0x01,0x22, /*  21456: ..n.t....(....." */
0x35,0xAE,0xDA,0x94,0x46,0x21,0x8E,0xE4,0xF1,0x6C,0xB9,0x09,0x28,0xD4,0x4B,0x51, /*  21472: 5...F!...l..(.KQ */
0xD8,0x06,0x4E,0x78,0x83,0x20,0x0E,0xAA,0xA1,0x0F,0x85,0x6B,0xDF,0x48,0xDC,0x9F, /*  21488: ..Nx. .....k.H.. */
0x3A,0xF3,0xFF,0xFF,0x04,0x00,0x00,0x00,0x00,0x01,0x00,0x00,0xF2,0x03,0x00,0x00, /*  21504: :............... */
0x32,0x00,0x00,0x00,0xC8,0xFE,0xFF,0xFF,0x12,0x04,0x00,0x00,0x90,0x03,0x00,0x00, /*  21520: 2............... */
0xC1,0x02,0x00,0x00,0x39,0x04,0x00,0x00,0x21,0x05,0x00,0x00,0x2E,0x03,0x00,0x00, /*  21536: ....9...!....... */
0xC6,0x02,0x00,0x00,0x74,0xFE,0xFF,0xFF,0xC4,0xFE,0xFF,0xFF,0xF9,0x04,0x00,0x00, /*  21552: ....t........... */
0x96,0x02,0x00,0x00,0xD9,0xFE,0xFF,0xFF,0x3E,0xFF,0xFF,0xFF,0xE0,0xFE,0xFF,0xFF, /*  21568: ........>....... */
0x10,0x05,0x00,0x00,0x3B,0x04,0x00,0x00,0x83,0x03,0x00,0x00,0xE2,0x03,0x00,0x00, /*  21584: ....;........... */
0x0F,0xFF,0xFF,0xFF,0x38,0xFF,0xFF,0xFF,0x7C,0x03,0x00,0x00,0x17,0xFF,0xFF,0xFF, /*  21600: ....8...|....... */
0xE5,0x04,0x00,0x00,0x6F,0xFF,0xFF,0xFF,0x48,0x03,0x00,0x00,0x60,0xFE,0xFF,0xFF, /*  21616: ....o...H...`... */
0xB5,0x01,0x00,0x00,0x27,0x04,0x00,0x00,0x41,0x03,0x00,0x00,0xF2,0xFF,0xFF,0xFF, /*  21632: ....'...A....... */
0x0C,0x05,0x00,0x00,0x4B,0x03,0x00,0x00,0xEC,0xFE,0xFF,0xFF,0xDB,0xFE,0xFF,0xFF, /*  21648: ....K........... */
0x39,0x05,0x00,0x00,0x56,0xFE,0xFF,0xFF,0x22,0x03,0x00,0x00,0x69,0xFE,0xFF,0xFF, /*  21664: 9...V..."...i... */
0x8E,0x03,0x00,0x00,0x29,0xFF,0xFF,0xFF,0x48,0xFF,0xFF,0xFF,0x11,0x04,0x00,0x00, /*  21680: ....)...H....... */
0xAF,0x03,0x00,0x00,0xE1,0x04,0x00,0x00,0xE4,0xFE,0xFF,0xFF,0x15,0xFF,0xFF,0xFF, /*  21696: ................ */
0x43,0x03,0x00,0x00,0x71,0x04,0x00,0x00,0x8A,0xFF,0xFF,0xFF,0x8B,0x04,0x00,0x00, /*  21712: C...q........... */
0x12,0x04,0x00,0x00,0x6D,0x03,0x00,0x00,0x55,0x05,0x00,0x00,0x72,0xFE,0xFF,0xFF, /*  21728: ....m...U...r... */
0xE8,0xFE,0xFF,0xFF,0x25,0xFF,0xFF,0xFF,0x47,0xFE,0xFF,0xFF,0xC1,0x03,0x00,0x00, /*  21744: ....%...G....... */
0x66,0x02,0x00,0x00,0x3E,0x04,0x00,0x00,0x4C,0xFF,0xFF,0xFF,0x46,0xF4,0xFF,0xFF, /*  21760: f...>...L...F... */
0x04,0x00,0x00,0x00,0x00,0x08,0x00,0x00,0x3C,0xBB,0xB0,0x7B,0xEF,0xE9,0x2C,0xE5, /*  21776: ........<..{..,. */
0x98,0x7C,0x4D,0xF2,0xFC,0xFE,0x44,0xDC,0xB3,0x3F,0x1A,0x0F,0xC5,0xFB,0x37,0xCF, /*  21792: .|M...D..?....7. */
0x0C,0xA4,0x0A,0xD4,0xF5,0xC9,0x75,0xFD,0xA2,0x1F,0xD7,0x77,0x04,0x92,0x01,0x05, /*  21808: ......u....w.... */
0x15,0x89,0x74,0x37,0x6E,0xF6,0xB4,0x2A,0x03,0xA0,0xC9,0xA2,0x72,0x31,0x55,0x4C, /*  21824: ..t7n.......r1UL */
0x00,0x3A,0x4A,0xB2,0xA0,0x89,0xB6,0x81,0x6F,0xA8,0x24,0x6E,0x19,0x1A,0x0F,0x34, /*  21840: .:J.....o.$n...4 */
0x32,0xD6,0x4E,0xA9,0x6A,0xE6,0xDA,0xD4,0xCF,0x58,0x7E,0x28,0xC6,0xF6,0xA4,0x70, /*  21856: 2.N.j....X~(...p */
0xC2,0x5D,0xBB,0x59,0xD6,0x2A,0x5B,0x45,0xDF,0x5D,0x79,0x28,0x0A,0xBB,0xAC,0xC5, /*  21872: .].Y..[E.]y(.... */
0x00,0xBE,0x99,0xB7,0xBA,0x25,0xC3,0x09,0xAD,0x63,0x6B,0x1A,0x0F,0x77,0x75,0x3C, /*  21888: .....%...ck..wu< */
0x9D,0xFC,0x32,0xDA,0x7F,0x1A,0x16,0x2F,0xAF,0x64,0xD4,0x75,0x19,0xD2,0x1F,0x7E, /*  21904: ..2..../.d.u...~ */
0x52,0x40,0xF7,0x8C,0xF4,0x01,0xBF,0xE3,0x9C,0x07,0xAC,0x03,0x66,0x9D,0x77,0xD1, /*  21920: R@..........f.w. */
0x95,0x15,0xF4,0x30,0xF9,0x34,0x45,0x2F,0x75,0x1D,0xF5,0xF3,0x24,0x16,0xB4,0x66, /*  21936: ...0.4E/u...$..f */
0x97,0xE8,0x91,0xF0,0x48,0x44,0x34,0xC6,0xE6,0x7F,0x16,0xC8,0xF1,0x78,0x69,0x66, /*  21952: ....HD4......xif */
0x08,0x2F,0xF0,0xE5,0xF3,0xA3,0x4E,0xA6,0xD2,0x26,0x15,0xDD,0xD4,0x26,0x65,0x7F, /*  21968: ./....N..&...&e. */
0xAE,0x4B,0x43,0x67,0xAD,0x50,0x17,0x07,0x42,0x43,0x56,0x1D,0xE7,0xD1,0xA4,0xF7, /*  21984: .KCg.P..BCV..... */
0xA6,0xF0,0x3B,0x4E,0xAD,0xBB,0x0C,0x49,0x6B,0x70,0x96,0xD2,0xD4,0xA5,0x75,0x31, /*  22000: ..;N...Ikp....u1 */
0x32,0x13,0x6B,0x58,0x37,0x4E,0xBE,0xED,0x96,0x74,0xC1,0x5B,0x76,0xCD,0x7B,0xF8, /*  22016: 2.kX7N...t.[v.{. */
0xAE,0xD0,0x98,0x45,0x48,0xED,0xD7,0xBE,0x58,0x31,0x57,0xB0,0xAC,0x23,0x44,0x66, /*  22032: ...EH...X1W...Df */
0x64,0x10,0xDA,0x23,0x6A,0xB5,0x8B,0xB2,0xF4,0xC3,0x9F,0x81,0x78,0x2D,0x60,0x09, /*  22048: d...j.......x-`. */
0xE7,0xA1,0xEA,0xD1,0xBF,0x31,0xE5,0x94,0xB2,0x47,0xF2,0xAB,0xCE,0x9C,0x9D,0x3D, /*  22064: .....1...G.....= */
0xAD,0x3C,0x85,0x88,0x37,0xEF,0xC1,0x88,0xE9,0xDD,0x9D,0x57,0xAA,0x03,0xDC,0xF9, /*  22080: .<..7......W.... */
0x93,0xAB,0xD3,0x7B,0xC2,0xF1,0x17,0x67,0xFC,0x82,0xD0,0x05,0xBE,0x2E,0x51,0x71, /*  22096: ...{...g......Qq */
0xB8,0xB8,0xB9,0x6A,0x84,0x7B,0x32,0x11,0xDD,0xE7,0x84,0x3A,0xAD,0x04,0x25,0x95, /*  22112: ...j.{2....:..%. */
0x70,0xF3,0x88,0x15,0x6A,0x74,0x0C,0xE5,0x7B,0xF9,0xAD,0xFE,0x05,0x1F,0xA4,0xE3, /*  22128: p...jt..{....... */
0x77,0x21,0x40,0x74,0xB5,0xBD,0xF3,0xDC,0x67,0xD7,0xE3,0x7E,0xF7,0x38,0x6D,0xF0, /*  22144: w!@t....g..~.8m. */
0xEE,0x81,0x51,0x06,0xA0,0x7E,0xCF,0x1D,0xB2,0xDF,0xCE,0x27,0x4D,0xCE,0x25,0xE3, /*  22160: ..Q..~.....'M.%. */
0x81,0x8A,0x0D,0x69,0xB3,0xDC,0xB2,0x60,0x04,0x66,0xFA,0xEA,0x87,0x5D,0xE0,0xB5, /*  22176: ...i...`.f...].. */
0x2D,0x40,0xEF,0xE4,0x76,0x23,0xA8,0xA1,0xD1,0x58,0x22,0x3F,0x11,0xD6,0x54,0x38, /*  22192: -@..v....X"?..T8 */
0x02,0x1B,0xFF,0xF9,0x36,0xD9,0xDF,0x5B,0xF7,0x23,0x49,0x7A,0x1C,0xD0,0x81,0x8B, /*  22208: ....6..[..Iz.... */
0x39,0x7B,0x34,0xEC,0xFE,0x2B,0x90,0x6E,0x90,0xFA,0xDA,0x1E,0xC5,0xBF,0x0B,0x52, /*  22224: 9{4..+.n.......R */
0x55,0x74,0x13,0xB2,0x24,0x29,0xE5,0x68,0xBA,0x92,0x6D,0x38,0x6B,0xF6,0x77,0xFE, /*  22240: Ut..$).h..m8k.w. */
0x43,0x0D,0xAF,0x00,0x50,0xB3,0xA0,0xA3,0xA2,0x09,0xD6,0xA4,0x20,0x51,0x05,0x1A, /*  22256: C...P....... Q.. */
0x84,0x81,0x0B,0x72,0x0F,0x43,0x34,0xBC,0x7B,0x3F,0xE7,0x6E,0xD0,0x8C,0xD9,0xFE, /*  22272: ...r.C4.{?.n.... */
0x5F,0xEE,0x77,0xA1,0xCE,0x32,0x2F,0xD9,0x1C,0xE2,0x49,0x91,0xC3,0x3A,0x22,0xFD, /*  22288: _.w..2/...I..:". */
0x26,0x20,0x49,0x20,0xB9,0x8C,0x86,0x27,0xFE,0x86,0x41,0x5D,0xED,0x98,0x00,0x0A, /*  22304: & I ...'..A].... */
0x97,0x13,0x0B,0xF3,0x0E,0x53,0x38,0xBF,0xB7,0x21,0xDD,0x63,0x1C,0x22,0xDF,0x99, /*  22320: .....S8..!.c.".. */
0x6E,0x23,0x78,0x9B,0x56,0x86,0xF8,0xC2,0x77,0x59,0xE7,0xA4,0xC2,0x81,0xA8,0xA9, /*  22336: n.x.V...wY...... */
0xF6,0x25,0xFC,0x49,0x49,0x9D,0x1D,0x0A,0xA7,0xAB,0x94,0xE6,0x70,0x51,0x6B,0x52, /*  22352: .%.II.......pQkR */
0x67,0x8A,0x11,0x10,0xA0,0xE5,0x29,0x10,0x29,0xC3,0xDB,0xD0,0x9B,0xA9,0x24,0xA1, /*  22368: g.....).).....$. */
0x30,0xFC,0xAB,0x51,0x13,0x11,0xF1,0xC1,0xEC,0x52,0x51,0x14,0x61,0x81,0x13,0xF3, /*  22384: 0..Q.....RQ.a... */
0x46,0xE5,0x65,0x57,0x55,0x50,0xF1,0x66,0x11,0xA4,0x11,0xE5,0xAF,0xB1,0xFA,0x62, /*  22400: F.eWUP.f.......b */
0xF5,0x3D,0x6A,0x10,0xDB,0xA9,0x9F,0xE6,0x21,0xD8,0x65,0x61,0x19,0x71,0x2D,0xB7, /*  22416: .=j.....!.ea.q-. */
0x75,0xCE,0x56,0x16,0xBA,0x35,0xC9,0xDB,0xE2,0x7F,0x64,0x1C,0x89,0x0E,0xC2,0xFC, /*  22432: u.V..5....d..... */
0x43,0xE7,0xFB,0x7D,0x5C,0xC8,0x06,0x12,0x54,0x1C,0xF3,0xE8,0xA7,0x1D,0x20,0xF6, /*  22448: C..}....T..... . */
0x4C,0xE1,0x43,0xB4,0x0C,0x7A,0x47,0x17,0xC0,0xE8,0x44,0x38,0xEB,0x95,0x18,0x11, /*  22464: L.C..zG...D8.... */
0x02,0x23,0xDA,0xE0,0x08,0x06,0x00,0xB3,0x3A,0x48,0xA4,0xD8,0x48,0xC3,0x34,0x67, /*  22480: ........:H..H.4g */
0x24,0x6D,0xBD,0xE5,0x60,0x55,0xFD,0xC9,0x43,0x42,0x7C,0x6F,0x49,0x71,0xE6,0x18, /*  22496: $m..`U..CB|oIq.. */
0x5C,0x6E,0x61,0x26,0xA9,0xC7,0x7B,0x1C,0xD7,0x10,0x50,0x4A,0xB5,0x7F,0xF2,0x00, /*  22512: .na&..{...PJ.... */
0x2F,0x54,0x33,0x45,0x66,0x2F,0x79,0x1A,0x02,0x41,0xE1,0x15,0x31,0x34,0x01,0xE5, /*  22528: /T3Ef/y..A..14.. */
0x1E,0xC5,0xA9,0x41,0x39,0x58,0xE1,0x4F,0xF6,0xC9,0x10,0x89,0x34,0xA2,0x03,0x02, /*  22544: ...A9X.O....4... */
0xAA,0x5D,0x14,0x7F,0x9C,0xB9,0x59,0x2D,0x1E,0x23,0x70,0xEE,0x19,0x4B,0xD3,0xCF, /*  22560: .]....Y-..p..K.. */
0xBF,0xEC,0x13,0x75,0xDD,0xA1,0x88,0xE5,0x8C,0x2C,0xB1,0x04,0x63,0x9E,0x08,0xC9, /*  22576: ...u.....,..c... */
0xA4,0x8A,0x61,0x0B,0x58,0x40,0xEC,0xED,0x12,0xBA,0x35,0x14,0xE4,0x31,0x0B,0xC8, /*  22592: ..a.X@....5..1.. */
0xC9,0x90,0x00,0x7D,0xDE,0xF4,0xA4,0xEE,0x33,0x7A,0x4D,0xC5,0x5E,0x21,0xB3,0xE4, /*  22608: ...}....3zM.^!.. */
0xAB,0x38,0x4D,0x12,0x52,0xB0,0x89,0x93,0x5A,0x81,0xDF,0xB2,0x6F,0x8A,0x5F,0x13, /*  22624: .8M.R...Z...o._. */
0x47,0xA8,0xDB,0x1E,0xCF,0xDC,0x91,0xF2,0xB9,0x96,0x26,0xCF,0x4D,0x47,0xDF,0x56, /*  22640: G.........&.MG.V */
0xCB,0xFF,0xBC,0x4E,0xD0,0x06,0x2F,0x47,0x7B,0x48,0xF5,0xD0,0xEC,0xA3,0x7C,0xFA, /*  22656: ...N../G{H....|. */
0xAE,0x1C,0x27,0x0A,0x02,0x57,0xDE,0x9C,0x58,0x8A,0x0B,0x24,0xC2,0xE0,0x0C,0xA8, /*  22672: ..'..W..X..$.... */
0x37,0x7B,0x05,0x89,0x57,0xE3,0x77,0x7B,0x32,0xAC,0x05,0x27,0x3A,0x2E,0xA4,0x11, /*  22688: 7{..W.w{2..':... */
0xB8,0x57,0x41,0x7F,0xDD,0xC3,0xDE,0xF0,0x58,0xE1,0x9E,0xE5,0x3A,0xD5,0x11,0x06, /*  22704: .WA.....X...:... */
0x49,0x73,0xB2,0xD9,0x57,0xCF,0x20,0x5F,0xA8,0x76,0xDD,0xE1,0x5C,0x4B,0x19,0xAC, /*  22720: Is..W. _.v...K.. */
0xF3,0x06,0xFE,0xB7,0x56,0x53,0x72,0xF9,0x68,0xC9,0x6E,0x57,0x8F,0x89,0x12,0xA9, /*  22736: ....VSr.h.nW.... */
0x55,0xEE,0xDB,0xCC,0xCA,0xE1,0xC8,0x1C,0x61,0x81,0xFC,0x21,0xFA,0xF1,0x47,0xD3, /*  22752: U.......a..!..G. */
0x1B,0x8F,0xA4,0xDD,0x76,0xDB,0x4A,0x82,0x8E,0xE8,0xB1,0x49,0x45,0x67,0x54,0x9B, /*  22768: ....v.J....IEgT. */
0xD7,0x93,0x36,0xDF,0x74,0x38,0xB9,0x25,0x99,0xFA,0xD6,0x5B,0x2D,0x35,0x6C,0xFD, /*  22784: ..6.t8.%...[-5l. */
0x53,0x6C,0x64,0x89,0xF8,0xD6,0x30,0x6D,0x2E,0x06,0x3A,0x4F,0x5B,0x89,0x50,0xCD, /*  22800: Sld...0m..:O[.P. */
0x9D,0xED,0xAA,0x30,0x35,0x95,0x9D,0xD7,0x56,0x5F,0x28,0x5D,0xB6,0x3C,0x1A,0x57, /*  22816: ...05...V_(].<.W */
0x95,0xCE,0xEE,0xCE,0xCC,0xA6,0xAA,0xAE,0xF7,0x81,0x4E,0x53,0xA2,0x95,0xD1,0x07, /*  22832: ..........NS.... */
0xFD,0xDC,0xF1,0x29,0x07,0x44,0x53,0x2A,0x44,0x8A,0x1F,0x9F,0x5F,0xE8,0x4B,0x30, /*  22848: ...).DS.D..._.K0 */
0xF9,0xE3,0xA0,0x11,0xAD,0x20,0xF7,0x96,0xC5,0xB3,0xEA,0x6E,0x08,0x0B,0xA3,0x35, /*  22864: ..... .....n...5 */
0x7A,0xB0,0x49,0x6F,0x66,0x94,0x70,0xCE,0x12,0x1D,0x17,0xE6,0x3F,0x53,0x62,0x81, /*  22880: z.Iof.p.....?Sb. */
0x42,0xC4,0xC1,0xE4,0xF5,0xD0,0x93,0x78,0x07,0xB2,0xAA,0x72,0x46,0xA4,0x58,0xAF, /*  22896: B......x...rF.X. */
0x4C,0x20,0x0B,0x7F,0xF8,0x8B,0xCF,0xF2,0x74,0x1A,0x17,0x7C,0xD2,0x96,0x0F,0x9D, /*  22912: L ......t..|.... */
0x9F,0x01,0x3E,0x84,0xC1,0x23,0x16,0x26,0xD7,0xFE,0xAD,0xB6,0x47,0x7B,0x45,0x7A, /*  22928: ..>....&....G{Ez */
0x54,0xE1,0xC2,0x15,0xDB,0xC7,0x4C,0xCC,0x1F,0x76,0x43,0x5C,0x0A,0xC2,0x39,0x27, /*  22944: T.....L..vC...9' */
0xDD,0x68,0xED,0x77,0xC9,0x07,0x7F,0xD3,0xB3,0x2A,0x45,0xBC,0x58,0x5F,0xE5,0x26, /*  22960: .h.w......E.X_.& */
0x59,0x49,0x4C,0x1C,0x4C,0x5A,0xFD,0x37,0xD2,0xAE,0x45,0x4A,0x00,0x15,0xF8,0x5C, /*  22976: YIL.LZ.7..EJ.... */
0xDA,0x5E,0x68,0xBE,0x2F,0x31,0x6E,0xB0,0xD6,0x62,0xD9,0x88,0x9F,0x09,0x7A,0x52, /*  22992: .^h./1n..b....zR */
0xCA,0xE4,0xE1,0x37,0x4F,0x13,0x9B,0x96,0xFE,0xF6,0x10,0xB4,0x3E,0xF1,0xF6,0x55, /*  23008: ...7O.......>..U */
0xDD,0x4B,0x9D,0x82,0x72,0x3C,0xE4,0x47,0xF0,0x86,0x5C,0x55,0x11,0xA8,0x0C,0xA5, /*  23024: .K..r<.G...U.... */
0x6F,0xF9,0x41,0xAA,0x67,0x0C,0xE9,0xBE,0xA9,0xA9,0xB1,0x17,0x9D,0x7C,0x81,0x91, /*  23040: o.A.g........|.. */
0x60,0x8F,0xEC,0x13,0x9E,0xF1,0x0E,0x25,0x97,0xBD,0x93,0x47,0x2C,0x46,0xD1,0x9C, /*  23056: `......%...G,F.. */
0x28,0xCB,0xBD,0x5A,0x04,0x84,0x50,0x47,0xB9,0x17,0xF6,0xD0,0xFE,0x65,0xEE,0xCF, /*  23072: (..Z..PG.....e.. */
0x81,0x8E,0x42,0xD2,0x52,0xAA,0xF5,0xF6,0x54,0xC9,0xE3,0xF6,0x54,0x4C,0xAF,0xCA, /*  23088: ..B.R...T...TL.. */
0x93,0xA2,0x58,0xF1,0xDC,0xED,0xA4,0x83,0xD4,0x37,0xE0,0xE8,0xAA,0xD8,0xA7,0x1E, /*  23104: ..X......7...... */
0x94,0xAB,0xF6,0x3B,0x62,0x35,0x96,0xE2,0xA6,0xBA,0xE1,0x9E,0x86,0x9C,0x2F,0xD3, /*  23120: ...;b5......../. */
0x1B,0x7F,0x0B,0x6B,0x13,0x59,0x7E,0xBB,0x46,0xEF,0x8D,0xD7,0x04,0x7E,0x3A,0x79, /*  23136: ...k.Y~.F....~:y */
0x3E,0xF8,0xC7,0x5B,0x7B,0x4E,0x31,0xB8,0x57,0x7B,0x6E,0x0E,0xE5,0xB1,0x49,0x85, /*  23152: >..[{N1.W{n...I. */
0x36,0xC4,0x8B,0xE6,0xB7,0xF1,0x40,0x8E,0x4A,0x75,0x76,0x1E,0x85,0xB9,0x4D,0x1F, /*  23168: 6.....@.Juv...M. */
0x40,0x87,0xB6,0x93,0x85,0xB7,0x11,0x64,0xD5,0xF1,0xF1,0x4F,0x07,0x8A,0x9D,0xA9, /*  23184: @......d...O.... */
0xE2,0xD7,0x5D,0x5C,0xB3,0x40,0x3A,0x0A,0x10,0xE3,0xCC,0x41,0xB8,0x29,0x96,0x28, /*  23200: ..]..@:....A.).( */
0xE3,0x4C,0xB2,0x1E,0x6E,0xEA,0xB3,0xEA,0xEA,0xB1,0x29,0x41,0xDB,0x19,0x5E,0x81, /*  23216: .L..n.....)A..^. */
0x39,0x58,0x21,0x54,0xA4,0x66,0x31,0xCA,0x51,0x5B,0x43,0xB5,0xB8,0xC5,0x68,0x2D, /*  23232: 9X!T.f1.Q[C...h- */
0x18,0xEA,0x47,0xE1,0x64,0x1D,0x88,0x65,0x26,0x58,0x22,0x2D,0x1C,0x08,0x3E,0xE8, /*  23248: ..G.d..e&X"-..>. */
0x89,0xB9,0x0C,0x2A,0x11,0xA7,0xE5,0x05,0xC6,0x81,0xF6,0x9C,0x41,0x3C,0xBF,0xB5, /*  23264: ............A<.. */
0x66,0x06,0xF4,0x68,0x85,0xC8,0x15,0xD0,0xF0,0xA3,0xF5,0x1D,0xB4,0x23,0xCF,0x84, /*  23280: f..h............ */
0xA0,0x82,0xAE,0xDF,0xE7,0x8A,0x5A,0xCC,0x11,0xE2,0xD2,0xA7,0x55,0x6D,0xBE,0x40, /*  23296: ......Z.....Um.@ */
0xC7,0xDD,0x93,0xFA,0x6A,0xED,0x72,0x8C,0x76,0xD9,0x49,0x2E,0xEE,0x40,0xE7,0x43, /*  23312: ....j.r.v.I..@.C */
0x17,0x3A,0xC4,0x39,0x01,0x61,0xFC,0x59,0xE5,0x77,0x5F,0xAA,0x6A,0xD1,0x59,0x44, /*  23328: .:.9.a.Y.w_.j.YD */
0xBF,0x6B,0xCA,0x67,0x29,0xBB,0x22,0xC1,0xA8,0x17,0x17,0xDF,0xC9,0xF1,0xB0,0x67, /*  23344: .k.g)."........g */
0xEC,0x30,0xAB,0x2F,0x7F,0x2C,0x28,0xF6,0x63,0x5B,0xB6,0xD0,0x58,0x40,0xBA,0x77, /*  23360: .0./.,(.c[..X@.w */
0xE3,0xD5,0xA7,0xA1,0x48,0xE6,0x0A,0x23,0x10,0x6A,0x85,0x86,0x94,0x9F,0xF9,0xC6, /*  23376: ....H....j...... */
0x2D,0x44,0xB3,0xD4,0xED,0x5D,0xD1,0xAD,0x0C,0x44,0x1E,0x8C,0xD5,0x2E,0x46,0x9F, /*  23392: -D...]...D....F. */
0x6F,0xE5,0x82,0x31,0xB1,0xAC,0xFC,0x6A,0xB6,0x2F,0xAA,0x0F,0x81,0x1F,0x63,0x88, /*  23408: o..1...j./....c. */
0xD1,0xBC,0xE3,0x26,0xDB,0x06,0x7D,0xCC,0x24,0x49,0x85,0x59,0x9E,0xFC,0x56,0x9C, /*  23424: ...&..}.$I.Y..V. */
0xC3,0x1F,0x8C,0xE5,0x59,0x8F,0xD6,0x67,0x11,0xA1,0xA1,0xF2,0xE7,0x93,0xBE,0xD6, /*  23440: ....Y..g........ */
0x76,0x85,0xC0,0x06,0xF4,0x7F,0x5F,0x97,0x15,0xB0,0x52,0x38,0x4F,0x8F,0xBC,0xFC, /*  23456: v....._...R8O... */
0x38,0xA9,0xBB,0x63,0x47,0x03,0xE7,0x62,0x0A,0x86,0xD2,0x8D,0x15,0x3B,0x79,0x49, /*  23472: 8..cG..b.....;yI */
0x75,0x6E,0x7F,0xCE,0x48,0x98,0xE0,0xC2,0xF0,0x0C,0x8C,0xC0,0xA4,0x16,0xB5,0xA1, /*  23488: un..H........... */
0x03,0x46,0xDC,0xFE,0xA6,0xE4,0xE1,0x25,0x47,0xDF,0x1C,0x41,0x05,0x2B,0xF0,0x0E, /*  23504: .F.....%G..A.+.. */
0x51,0x1F,0x0B,0x14,0x7F,0x0B,0x05,0x66,0x47,0xF5,0x31,0xD4,0xC7,0xFE,0xE0,0x33, /*  23520: Q......fG.1....3 */
0x98,0x28,0x0A,0xE0,0xC9,0x6C,0x76,0x43,0x58,0x32,0x16,0x2D,0xB4,0x22,0xFE,0x2D, /*  23536: .(...lvCX2.-.".- */
0x58,0x23,0x6F,0x31,0xC0,0xD0,0x35,0x51,0xB6,0x1B,0xEE,0xBD,0xF3,0xD1,0xFD,0x26, /*  23552: X.o1..5Q.......& */
0xB7,0x14,0x4C,0x0E,0x53,0xC0,0xF1,0x02,0x2F,0x23,0xB2,0xE1,0x77,0x57,0x87,0x0F, /*  23568: ..L.S.../...wW.. */
0xEE,0x84,0x00,0x52,0x00,0x72,0xDC,0x32,0x1F,0x21,0x9A,0x86,0xB0,0xE0,0xBB,0x56, /*  23584: ...R.r.2.!.....V */
0xFF,0x59,0x2B,0x7C,0xEF,0xD7,0x95,0x64,0x71,0xAE,0x64,0x30,0x38,0x81,0x2E,0x1D, /*  23600: .Y+|...dq.d08... */
0xC0,0xCB,0x06,0xD2,0x91,0xBB,0xFE,0x3F,0x95,0xFF,0x09,0x2A,0xEE,0x50,0x6B,0x08, /*  23616: .......?.....Pk. */
0xEC,0xFF,0x70,0xC8,0xAE,0x28,0xD6,0xF1,0x37,0x57,0xBF,0x83,0xB0,0xBB,0x74,0xF0, /*  23632: ..p..(..7W....t. */
0x45,0x55,0x09,0xB7,0xDE,0x0D,0xAE,0x14,0x7F,0x91,0xEA,0x72,0x2D,0xFD,0x7B,0x75, /*  23648: EU.........r-.{u */
0xF3,0xE4,0x2A,0xFE,0x0A,0xEA,0x10,0xE7,0x17,0xEF,0x5B,0xFD,0xD4,0xB9,0x0C,0x1F, /*  23664: ..........[..... */
0xC8,0x2D,0x4C,0xA0,0x53,0xEF,0xDF,0x45,0x4E,0x0E,0xCA,0xD2,0x84,0xAE,0xA2,0x19, /*  23680: .-L.S..EN....... */
0x21,0xA0,0x2C,0x63,0x8D,0x9C,0xAD,0x3F,0xC1,0x96,0xB0,0xC3,0x04,0x1A,0xEC,0x8F, /*  23696: !.,c...?........ */
0x85,0x19,0xA1,0xA6,0xD3,0xAD,0x79,0x04,0xF0,0x5A,0xB9,0xE6,0xE4,0x10,0x66,0xF4, /*  23712: ......y..Z....f. */
0xA8,0xAB,0x94,0xE3,0x93,0x87,0xEA,0x12,0xB5,0x03,0x58,0x26,0x61,0x48,0x14,0x20, /*  23728: ..........X&aH.  */
0xE3,0x25,0xAA,0xDF,0xDA,0xB1,0x7D,0xE0,0x3D,0xDE,0x81,0x4F,0x96,0x08,0x70,0xD4, /*  23744: .%....}.=..O..p. */
0x79,0xCA,0xA0,0x1A,0x20,0x7A,0x94,0xB6,0xBF,0x53,0xE8,0xFE,0x6C,0x9C,0x4D,0x7C, /*  23760: y... z...S..l.M| */
0x6E,0xB1,0x1B,0x36,0x0B,0xB0,0x8E,0x34,0x18,0xCE,0x3A,0xDF,0xD6,0x38,0x75,0x58, /*  23776: n..6...4..:..8uX */
0x67,0x16,0x7F,0x0D,0x33,0x64,0xBA,0x47,0x2D,0x3D,0x1B,0xB4,0x68,0x79,0x6C,0xE9, /*  23792: g...3d.G-=..hyl. */
0x97,0x12,0xEE,0xC7,0x7F,0x6F,0x50,0xA3,0xC1,0xB9,0x09,0xC5,0x56,0x1D,0xD9,0x17, /*  23808: .....oP.....V... */
0xBB,0x51,0x96,0x8F,0x79,0x9C,0x6C,0xB2,0x52,0xFC,0xFF,0xFF,0x04,0x00,0x00,0x00, /*  23824: .Q..y.l.R....... */
0x40,0x00,0x00,0x00,0x40,0x95,0x20,0x1E,0xB8,0x1E,0xD0,0x1D,0x00,0x00,0x00,0x00, /*  23840: @...@. ......... */
0x40,0x92,0x40,0x95,0xB0,0x99,0x20,0x95,0x40,0x16,0x18,0x1E,0x00,0x00,0x00,0x00, /*  23856: @.@... .@....... */
0xC0,0x11,0x20,0x95,0x80,0x99,0x00,0x00,0x38,0x1E,0x00,0x00,0x40,0x94,0x00,0x00, /*  23872: .. .....8...@... */
0x30,0x99,0xC0,0x96,0x38,0x1E,0x00,0x00,0x00,0x00,0x98,0x1E,0x00,0x00,0x00,0x00, /*  23888: 0...8........... */
0x00,0x00,0xB0,0x1E,0x9E,0xFC,0xFF,0xFF,0x04,0x00,0x00,0x00,0x40,0x00,0x00,0x00, /*  23904: ............@... */
0x0A,0x6A,0x7C,0x6E,0xEA,0x1B,0x8C,0xA4,0xF8,0x8A,0xF8,0x52,0xAD,0xBD,0xD0,0x91, /*  23920: .j|n.......R.... */
0xFB,0xA0,0x1E,0x06,0xBB,0xEC,0xE5,0x00,0x7C,0x18,0x1D,0xDD,0x63,0xB7,0xFC,0x7F, /*  23936: ........|...c... */
0xCA,0x6D,0xA8,0xB1,0x51,0xDF,0xDD,0x89,0xD2,0x19,0x20,0x68,0x19,0xCE,0x62,0x5F, /*  23952: .m..Q..... h..b_ */
0xB8,0x3E,0x74,0x5E,0x12,0xA1,0xEA,0xF4,0xC7,0xDD,0x97,0x7F,0x1B,0x1C,0xC7,0xAA, /*  23968: .>t^............ */
0xEA,0xFC,0xFF,0xFF,0x04,0x00,0x00,0x00,0x04,0x00,0x00,0x00,0x20,0x15,0x60,0x15, /*  23984: ............ .`. */
0xE4,0xF3,0xFF,0xFF,0xFE,0xFC,0xFF,0xFF,0x04,0x00,0x00,0x00,0x04,0x00,0x00,0x00, /*  24000: ................ */
0xFD,0xFF,0xFF,0xFF,0xF8,0xF3,0xFF,0xFF,0xFC,0xF3,0xFF,0xFF,0x16,0xFD,0xFF,0xFF, /*  24016: ................ */
0x04,0x00,0x00,0x00,0x0C,0x00,0x00,0x00,0xFF,0xFF,0xFF,0xFF,0x20,0x03,0x00,0x00, /*  24032: ............ ... */
0x08,0x00,0x00,0x00,0x18,0xF4,0xFF,0xFF,0x32,0xFD,0xFF,0xFF,0x04,0x00,0x00,0x00, /*  24048: ........2....... */
0x04,0x00,0x00,0x00,0x01,0x00,0x00,0x00,0x2C,0xF4,0xFF,0xFF,0x30,0xF4,0xFF,0xFF, /*  24064: ........,...0... */
0x4A,0xFD,0xFF,0xFF,0x04,0x00,0x00,0x00,0x0C,0x00,0x00,0x00,0xFF,0xFF,0xFF,0xFF, /*  24080: J............... */
0x90,0x01,0x00,0x00,0x08,0x00,0x00,0x00,0x4C,0xF4,0xFF,0xFF,0x50,0xF4,0xFF,0xFF, /*  24096: ........L...P... */
0x54,0xF4,0xFF,0xFF,0x6E,0xFD,0xFF,0xFF,0x04,0x00,0x00,0x00,0x0C,0x00,0x00,0x00, /*  24112: T...n........... */
0xFF,0xFF,0xFF,0xFF,0x90,0x01,0x00,0x00,0x10,0x00,0x00,0x00,0x70,0xF4,0xFF,0xFF, /*  24128: ............p... */
0x74,0xF4,0xFF,0xFF,0x78,0xF4,0xFF,0xFF,0x92,0xFD,0xFF,0xFF,0x04,0x00,0x00,0x00, /*  24144: t...x........... */
0x0C,0x00,0x00,0x00,0xFF,0xFF,0xFF,0xFF,0xC8,0x00,0x00,0x00,0x10,0x00,0x00,0x00, /*  24160: ................ */
0x94,0xF4,0xFF,0xFF,0x98,0xF4,0xFF,0xFF,0x9C,0xF4,0xFF,0xFF,0xB6,0xFD,0xFF,0xFF, /*  24176: ................ */
0x04,0x00,0x00,0x00,0x0C,0x00,0x00,0x00,0xFF,0xFF,0xFF,0xFF,0xC8,0x00,0x00,0x00, /*  24192: ................ */
0x20,0x00,0x00,0x00,0xB8,0xF4,0xFF,0xFF,0xBC,0xF4,0xFF,0xFF,0xC0,0xF4,0xFF,0xFF, /*  24208:  ............... */
0xDA,0xFD,0xFF,0xFF,0x04,0x00,0x00,0x00,0x0C,0x00,0x00,0x00,0xFF,0xFF,0xFF,0xFF, /*  24224: ................ */
0x64,0x00,0x00,0x00,0x20,0x00,0x00,0x00,0xDC,0xF4,0xFF,0xFF,0xE0,0xF4,0xFF,0xFF, /*  24240: d... ........... */
0xE4,0xF4,0xFF,0xFF,0xFE,0xFD,0xFF,0xFF,0x04,0x00,0x00,0x00,0x0C,0x00,0x00,0x00, /*  24256: ................ */
0xFF,0xFF,0xFF,0xFF,0x64,0x00,0x00,0x00,0x40,0x00,0x00,0x00,0x00,0xF5,0xFF,0xFF, /*  24272: ....d...@....... */
0x04,0xF5,0xFF,0xFF,0x08,0xF5,0xFF,0xFF,0x22,0xFE,0xFF,0xFF,0x04,0x00,0x00,0x00, /*  24288: ........"....... */
0x0C,0x00,0x00,0x00,0xFF,0xFF,0xFF,0xFF,0x32,0x00,0x00,0x00,0x40,0x00,0x00,0x00, /*  24304: ........2...@... */
0x24,0xF5,0xFF,0xFF,0x28,0xF5,0xFF,0xFF,0x2C,0xF5,0xFF,0xFF,0x30,0xF5,0xFF,0xFF, /*  24320: $...(...,...0... */
0x34,0xF5,0xFF,0xFF,0x38,0xF5,0xFF,0xFF,0x3C,0xF5,0xFF,0xFF,0x56,0xFE,0xFF,0xFF, /*  24336: 4...8...<...V... */
0x04,0x00,0x00,0x00,0x10,0x00,0x00,0x00,0x31,0x2E,0x31,0x34,0x2E,0x30,0x00,0x00, /*  24352: ........1.14.0.. */
0x00,0x00,0x00,0x00,0x00,0x00,0x00,0x00,0x72,0xFE,0xFF,0xFF,0x04,0x00,0x00,0x00, /*  24368: ........r....... */
0x60,0x00,0x00,0x00,0x0C,0x00,0x00,0x00,0x08,0x00,0x0E,0x00,0x08,0x00,0x04,0x00, /*  24384: `............... */
0x08,0x00,0x00,0x00,0x10,0x00,0x00,0x00,0x28,0x00,0x00,0x00,0x00,0x00,0x06,0x00, /*  24400: ........(....... */
0x08,0x00,0x04,0x00,0x06,0x00,0x00,0x00,0x04,0x00,0x00,0x00,0x01,0x00,0x00,0x00, /*  24416: ................ */
0xEB,0x03,0x00,0x00,0x0C,0x00,0x18,0x00,0x14,0x00,0x10,0x00,0x0C,0x00,0x04,0x00, /*  24432: ................ */
0x0C,0x00,0x00,0x00,0xE2,0x3F,0x8E,0x60,0xE5,0x3B,0x60,0x33,0x02,0x00,0x00,0x00, /*  24448: .....?.`.;`3.... */
0x02,0x00,0x00,0x00,0x04,0x00,0x00,0x00,0x06,0x00,0x00,0x00,0x32,0x2E,0x32,0x31, /*  24464: ............2.21 */
0x2E,0x30,0x00,0x00,0xDE,0xFE,0xFF,0xFF,0x04,0x00,0x00,0x00,0x54,0x00,0x00,0x00, /*  24480: .0..........T... */
0x00,0x00,0x00,0x00,0x2C,0x00,0x00,0x00,0x48,0x00,0x00,0x00,0x1E,0x00,0x00,0x00, /*  24496: ....,...H....... */
0x00,0x00,0x00,0x00,0x00,0x00,0x00,0x00,0x00,0x00,0x00,0x00,0x00,0x00,0x00,0x00, /*  24512: ................ */
0x00,0x00,0x00,0x00,0x00,0x00,0x00,0x00,0x00,0x00,0x01,0x01,0x01,0x00,0x00,0x00, /*  24528: ................ */
0x01,0x00,0x00,0x04,0x00,0x00,0x00,0x00,0x00,0x0C,0x00,0x00,0x5B,0x00,0x00,0x00, /*  24544: ............[... */
0x00,0x00,0x00,0x00,0xFF,0xFF,0x00,0x00,0x00,0x00,0x00,0x01,0x00,0x00,0x00,0x01, /*  24560: ................ */
0x5B,0x00,0x01,0x00,0x3E,0xFF,0xFF,0xFF,0x04,0x00,0x00,0x00,0xB4,0x00,0x00,0x00, /*  24576: [...>........... */
0x25,0x00,0x02,0x00,0x02,0x00,0x00,0x00,0x00,0x32,0x00,0x00,0x50,0x00,0x00,0x00, /*  24592: %........2..P... */
0x00,0x80,0x00,0x00,0x00,0x00,0x00,0x00,0x00,0x00,0x00,0x00,0x00,0x19,0x00,0x00, /*  24608: ................ */
0x00,0x00,0x00,0x00,0x00,0x19,0x00,0x00,0x00,0x00,0x00,0x00,0x00,0x19,0x00,0x00, /*  24624: ................ */
0x00,0x00,0x00,0x00,0x00,0x19,0x00,0x00,0x00,0x00,0x00,0x00,0x00,0x19,0x00,0x00, /*  24640: ................ */
0x00,0x00,0x00,0x00,0x00,0x19,0x00,0x00,0x00,0x00,0x00,0x00,0x00,0x19,0x00,0x00, /*  24656: ................ */
0x00,0x00,0x00,0x00,0x00,0x19,0x00,0x00,0x00,0x00,0x00,0x00,0x00,0x19,0x00,0x00, /*  24672: ................ */
0x00,0x00,0x00,0x00,0x00,0x19,0x00,0x00,0x00,0x00,0x00,0x00,0x00,0x19,0x00,0x00, /*  24688: ................ */
0x00,0x00,0x00,0x00,0x00,0x19,0x00,0x00,0x80,0x0C,0x00,0x00,0x00,0x00,0x00,0x00, /*  24704: ................ */
0x80,0x0C,0x00,0x00,0x00,0x00,0x00,0x00,0x80,0x0D,0x00,0x00,0x00,0x00,0x00,0x00, /*  24720: ................ */
0x20,0x00,0x00,0x00,0x40,0x1F,0x00,0x00,0x80,0x25,0x00,0x00,0x80,0x25,0x00,0x00, /*  24736:  ...@....%...%.. */
0x80,0x25,0x00,0x00,0x00,0x19,0x00,0x00,0x80,0x0C,0x00,0x00,0x00,0x00,0x00,0x00, /*  24752: .%.............. */
0x40,0x00,0x00,0x00,0x00,0x00,0x06,0x00,0x08,0x00,0x04,0x00,0x06,0x00,0x00,0x00, /*  24768: @............... */
0x04,0x00,0x00,0x00,0x6C,0x01,0x00,0x00,0x03,0x00,0x00,0x00,0x00,0x00,0x01,0x00, /*  24784: ....l........... */
0x00,0x00,0x00,0x00,0x3B,0x00,0x00,0x00,0x00,0x00,0x32,0x00,0x02,0x05,0xF0,0xF1, /*  24800: ....;.....2..... */
0xF2,0xF3,0xF4,0x28,0x0E,0x0F,0x11,0x17,0x18,0x19,0x1B,0x1C,0x1D,0x1F,0x20,0x21, /*  24816: ...(.......... ! */
0x23,0x24,0x25,0x27,0x28,0x29,0x2A,0x2B,0x2C,0x2D,0x2E,0x2F,0x3A,0x3B,0x3C,0x3D, /*  24832: .$%'().+,-./:;<= */
0x3E,0x3F,0x40,0x41,0x42,0x43,0x44,0x45,0x46,0x47,0x48,0x52,0x00,0x00,0x00,0x00, /*  24848: >?@ABCDEFGHR.... */
0x00,0x00,0x00,0x00,0x00,0x00,0x00,0x00,0x00,0x00,0x00,0x00,0x00,0x00,0x00,0x00, /*  24864: ................ */
0x00,0x02,0x00,0x02,0x00,0x1C,0x00,0x1C,0x00,0xD8,0x00,0x00,0x00,0x10,0x20,0x00, /*  24880: .............. . */
0x00,0x00,0x20,0x00,0x1F,0x00,0x01,0x00,0x00,0x50,0x20,0x00,0x00,0x00,0x20,0x00, /*  24896: .. ......P ... . */
0x1F,0x00,0x01,0x00,0x00,0x50,0x00,0x00,0x1F,0x00,0x20,0x00,0x1F,0x00,0x01,0x00, /*  24912: .....P.... ..... */
0x00,0x20,0x00,0x00,0x00,0x00,0x00,0x00,0x1F,0x00,0x01,0x00,0x00,0x20,0x00,0x00, /*  24928: . ........... .. */
0x00,0x00,0x00,0x00,0x1F,0x00,0x01,0x00,0x00,0x00,0x00,0x00,0x00,0x00,0x00,0x00, /*  24944: ................ */
0x1F,0x10,0x01,0x00,0x00,0x00,0x00,0x00,0x1F,0x00,0x20,0x00,0x00,0x00,0x00,0x00, /*  24960: .......... ..... */
0x00,0x00,0x00,0x00,0x3C,0x02,0x00,0x00,0x05,0x00,0x00,0x00,0x05,0x00,0x01,0x50, /*  24976: ....<..........P */
0x1D,0xBA,0x08,0x00,0x10,0x00,0x70,0x1D,0x05,0x06,0x04,0x40,0x00,0x00,0x00,0x00, /*  24992: ......p....@.... */
0x20,0x00,0x70,0x1D,0x50,0x50,0x04,0x40,0x00,0x00,0x00,0x00,0x00,0x00,0xA0,0x04, /*  25008:  .p.PP.@........ */
0x04,0x02,0x03,0x40,0x4A,0x02,0xC0,0x20,0x0A,0x00,0xD0,0x9C,0x08,0x00,0x00,0x00, /*  25024: ...@J.. ........ */
0x03,0x00,0x00,0x00,0x00,0x00,0x01,0x00,0x00,0x00,0x00,0x00,0xBF,0xFF,0xFF,0xFF, /*  25040: ................ */
0x00,0x80,0x1A,0x00,0x02,0x05,0xF0,0xF1,0xF2,0xF3,0xF4,0x0D,0x17,0x18,0x19,0x1B, /*  25056: ................ */
0x1C,0x1D,0x20,0x21,0x25,0x29,0x2C,0x2E,0x52,0x00,0x00,0x00,0x00,0x00,0x00,0x00, /*  25072: .. !%),.R....... */
0x00,0x00,0x00,0x00,0x00,0x00,0x00,0x00,0x00,0x00,0x00,0x00,0x00,0x00,0x00,0x00, /*  25088: ................ */
0x00,0x10,0x02,0x00,0x00,0x00,0x02,0x00,0x01,0x00,0x01,0x00,0x00,0x50,0x10,0x00, /*  25104: .............P.. */
0x00,0x00,0x10,0x00,0x0F,0x00,0x01,0x00,0x01,0x00,0x10,0x00,0x0F,0x00,0x01,0x00, /*  25120: ................ */
0x01,0x00,0x01,0x00,0x01,0x00,0x01,0x00,0x01,0x10,0x01,0x00,0x0F,0x00,0x20,0x00, /*  25136: .............. . */
0x08,0x00,0x00,0x00,0x68,0xF8,0xFF,0xFF,0x01,0x00,0x00,0x00,0x10,0x00,0x00,0x00, /*  25152: ....h........... */
0x0C,0x00,0x14,0x00,0x10,0x00,0x0C,0x00,0x08,0x00,0x04,0x00,0x0C,0x00,0x00,0x00, /*  25168: ................ */
0x10,0x00,0x00,0x00,0x94,0x07,0x00,0x00,0x98,0x07,0x00,0x00,0x9C,0x07,0x00,0x00, /*  25184: ................ */
0x1E,0x00,0x00,0x00,0x4C,0x07,0x00,0x00,0xDC,0x06,0x00,0x00,0x94,0x06,0x00,0x00, /*  25200: ....L........... */
0x44,0x06,0x00,0x00,0xE8,0x05,0x00,0x00,0xB8,0x05,0x00,0x00,0x80,0x05,0x00,0x00, /*  25216: D............... */
0x34,0x05,0x00,0x00,0x04,0x05,0x00,0x00,0xCC,0x04,0x00,0x00,0x80,0x04,0x00,0x00, /*  25232: 4............... */
0x50,0x04,0x00,0x00,0x18,0x04,0x00,0x00,0xCC,0x03,0x00,0x00,0x9C,0x03,0x00,0x00, /*  25248: P............... */
0x64,0x03,0x00,0x00,0x18,0x03,0x00,0x00,0xE8,0x02,0x00,0x00,0xB0,0x02,0x00,0x00, /*  25264: d............... */
0x64,0x02,0x00,0x00,0x34,0x02,0x00,0x00,0xFC,0x01,0x00,0x00,0xB0,0x01,0x00,0x00, /*  25280: d...4........... */
0x80,0x01,0x00,0x00,0x48,0x01,0x00,0x00,0xFC,0x00,0x00,0x00,0xCC,0x00,0x00,0x00, /*  25296: ....H........... */
0x90,0x00,0x00,0x00,0x44,0x00,0x00,0x00,0x04,0x00,0x00,0x00,0xAE,0xF9,0xFF,0xFF, /*  25312: ....D........... */
0x18,0x00,0x00,0x00,0x18,0x00,0x00,0x00,0x00,0x00,0x00,0x08,0x14,0x00,0x00,0x00, /*  25328: ................ */
0x18,0x00,0x00,0x00,0x05,0x00,0x00,0x00,0x00,0x00,0x00,0x00,0x30,0xF9,0xFF,0xFF, /*  25344: ............0... */
0x01,0x00,0x00,0x00,0x36,0x00,0x00,0x00,0x03,0x00,0x00,0x00,0x35,0x00,0x00,0x00, /*  25360: ....6.......5... */
0x0C,0x00,0x00,0x00,0x0B,0x00,0x00,0x00,0xEA,0xF9,0xFF,0xFF,0x18,0x00,0x00,0x00, /*  25376: ................ */
0x20,0x00,0x00,0x00,0x00,0x00,0x00,0x08,0x20,0x00,0x00,0x00,0x24,0x00,0x00,0x00, /*  25392:  ....... ...$... */
0x05,0x00,0x00,0x00,0x00,0x00,0x00,0x00,0x00,0x00,0x06,0x00,0x08,0x00,0x07,0x00, /*  25408: ................ */
0x06,0x00,0x00,0x00,0x00,0x00,0x00,0x01,0x01,0x00,0x00,0x00,0x35,0x00,0x00,0x00, /*  25424: ............5... */
0x03,0x00,0x00,0x00,0x34,0x00,0x00,0x00,0x0E,0x00,0x00,0x00,0x0D,0x00,0x00,0x00, /*  25440: ....4........... */
0x32,0xFA,0xFF,0xFF,0x18,0x00,0x00,0x00,0x18,0x00,0x00,0x00,0x00,0x00,0x00,0x1B, /*  25456: 2............... */
0x14,0x00,0x00,0x00,0x18,0x00,0x00,0x00,0x04,0x00,0x00,0x00,0x00,0x00,0x00,0x00, /*  25472: ................ */
0xB4,0xF9,0xFF,0xFF,0x01,0x00,0x00,0x00,0x34,0x00,0x00,0x00,0x02,0x00,0x00,0x00, /*  25488: ........4....... */
0x33,0x00,0x00,0x00,0x03,0x00,0x00,0x00,0xAE,0xFA,0xFF,0xFF,0x10,0x00,0x00,0x00, /*  25504: 3............... */
0x10,0x00,0x00,0x00,0x14,0x00,0x00,0x00,0x02,0x00,0x00,0x00,0x00,0x00,0x00,0x00, /*  25520: ................ */
0x01,0x00,0x00,0x00,0x33,0x00,0x00,0x00,0x02,0x00,0x00,0x00,0x32,0x00,0x00,0x00, /*  25536: ....3.......2... */
0x0A,0x00,0x00,0x00,0x96,0xFA,0xFF,0xFF,0x18,0x00,0x00,0x00,0x18,0x00,0x00,0x00, /*  25552: ................ */
0x00,0x00,0x00,0x01,0x20,0x00,0x00,0x00,0x24,0x00,0x00,0x00,0x01,0x00,0x00,0x00, /*  25568: .... ...$....... */
0x00,0x00,0x00,0x00,0x80,0xFA,0xFF,0xFF,0x00,0x00,0x00,0x01,0x01,0x00,0x00,0x00, /*  25584: ................ */
0x01,0x00,0x00,0x00,0x01,0x00,0x00,0x00,0x32,0x00,0x00,0x00,0x03,0x00,0x00,0x00, /*  25600: ........2....... */
0x31,0x00,0x00,0x00,0x10,0x00,0x00,0x00,0x0F,0x00,0x00,0x00,0x72,0xFA,0xFF,0xFF, /*  25616: 1...........r... */
0x14,0x00,0x00,0x00,0x14,0x00,0x00,0x00,0x00,0x00,0x00,0x34,0x10,0x00,0x00,0x00, /*  25632: ...........4.... */
0x14,0x00,0x00,0x00,0x00,0x00,0x00,0x00,0x5C,0xFA,0xFF,0xFF,0x01,0x00,0x00,0x00, /*  25648: ................ */
0x31,0x00,0x00,0x00,0x02,0x00,0x00,0x00,0x30,0x00,0x00,0x00,0x01,0x00,0x00,0x00, /*  25664: 1.......0....... */
0x56,0xFB,0xFF,0xFF,0x10,0x00,0x00,0x00,0x10,0x00,0x00,0x00,0x14,0x00,0x00,0x00, /*  25680: V............... */
0x02,0x00,0x00,0x00,0x00,0x00,0x00,0x00,0x01,0x00,0x00,0x00,0x30,0x00,0x00,0x00, /*  25696: ............0... */
0x02,0x00,0x00,0x00,0x2F,0x00,0x00,0x00,0x0A,0x00,0x00,0x00,0x3E,0xFB,0xFF,0xFF, /*  25712: ..../.......>... */
0x18,0x00,0x00,0x00,0x18,0x00,0x00,0x00,0x00,0x00,0x00,0x05,0x28,0x00,0x00,0x00, /*  25728: ............(... */
0x2C,0x00,0x00,0x00,0x03,0x00,0x00,0x00,0x00,0x00,0x00,0x00,0x0E,0xFC,0xFF,0xFF, /*  25744: ,............... */
0x01,0x00,0x00,0x00,0x02,0x00,0x00,0x00,0x01,0x00,0x00,0x00,0x02,0x00,0x00,0x00, /*  25760: ................ */
0x00,0x00,0x00,0x01,0x01,0x00,0x00,0x00,0x2F,0x00,0x00,0x00,0x01,0x00,0x00,0x00, /*  25776: ......../....... */
0x2E,0x00,0x00,0x00,0x1A,0xFB,0xFF,0xFF,0x14,0x00,0x00,0x00,0x14,0x00,0x00,0x00, /*  25792: ................ */
0x00,0x00,0x00,0x34,0x10,0x00,0x00,0x00,0x14,0x00,0x00,0x00,0x00,0x00,0x00,0x00, /*  25808: ...4............ */
0x04,0xFB,0xFF,0xFF,0x01,0x00,0x00,0x00,0x2E,0x00,0x00,0x00,0x02,0x00,0x00,0x00, /*  25824: ................ */
0x2D,0x00,0x00,0x00,0x03,0x00,0x00,0x00,0xFE,0xFB,0xFF,0xFF,0x10,0x00,0x00,0x00, /*  25840: -............... */
0x10,0x00,0x00,0x00,0x14,0x00,0x00,0x00,0x02,0x00,0x00,0x00,0x00,0x00,0x00,0x00, /*  25856: ................ */
0x01,0x00,0x00,0x00,0x2D,0x00,0x00,0x00,0x02,0x00,0x00,0x00,0x2C,0x00,0x00,0x00, /*  25872: ....-.......,... */
0x09,0x00,0x00,0x00,0xE6,0xFB,0xFF,0xFF,0x18,0x00,0x00,0x00,0x18,0x00,0x00,0x00, /*  25888: ................ */
0x00,0x00,0x00,0x01,0x20,0x00,0x00,0x00,0x24,0x00,0x00,0x00,0x01,0x00,0x00,0x00, /*  25904: .... ...$....... */
0x00,0x00,0x00,0x00,0xD0,0xFB,0xFF,0xFF,0x00,0x00,0x00,0x01,0x01,0x00,0x00,0x00, /*  25920: ................ */
0x01,0x00,0x00,0x00,0x01,0x00,0x00,0x00,0x2C,0x00,0x00,0x00,0x03,0x00,0x00,0x00, /*  25936: ........,....... */
0x2B,0x00,0x00,0x00,0x12,0x00,0x00,0x00,0x11,0x00,0x00,0x00,0xC2,0xFB,0xFF,0xFF, /*  25952: +............... */
0x14,0x00,0x00,0x00,0x14,0x00,0x00,0x00,0x00,0x00,0x00,0x34,0x10,0x00,0x00,0x00, /*  25968: ...........4.... */
0x14,0x00,0x00,0x00,0x00,0x00,0x00,0x00,0xAC,0xFB,0xFF,0xFF,0x01,0x00,0x00,0x00, /*  25984: ................ */
0x2B,0x00,0x00,0x00,0x02,0x00,0x00,0x00,0x2A,0x00,0x00,0x00,0x01,0x00,0x00,0x00, /*  26000: +............... */
0xA6,0xFC,0xFF,0xFF,0x10,0x00,0x00,0x00,0x10,0x00,0x00,0x00,0x14,0x00,0x00,0x00, /*  26016: ................ */
0x02,0x00,0x00,0x00,0x00,0x00,0x00,0x00,0x01,0x00,0x00,0x00,0x2A,0x00,0x00,0x00, /*  26032: ................ */
0x02,0x00,0x00,0x00,0x29,0x00,0x00,0x00,0x08,0x00,0x00,0x00,0x8E,0xFC,0xFF,0xFF, /*  26048: ....)........... */
0x18,0x00,0x00,0x00,0x18,0x00,0x00,0x00,0x00,0x00,0x00,0x05,0x28,0x00,0x00,0x00, /*  26064: ............(... */
0x2C,0x00,0x00,0x00,0x03,0x00,0x00,0x00,0x00,0x00,0x00,0x00,0x5E,0xFD,0xFF,0xFF, /*  26080: ,...........^... */
0x01,0x00,0x00,0x00,0x02,0x00,0x00,0x00,0x01,0x00,0x00,0x00,0x02,0x00,0x00,0x00, /*  26096: ................ */
0x00,0x00,0x00,0x01,0x01,0x00,0x00,0x00,0x29,0x00,0x00,0x00,0x01,0x00,0x00,0x00, /*  26112: ........)....... */
0x28,0x00,0x00,0x00,0x6A,0xFC,0xFF,0xFF,0x14,0x00,0x00,0x00,0x14,0x00,0x00,0x00, /*  26128: (...j........... */
0x00,0x00,0x00,0x34,0x10,0x00,0x00,0x00,0x14,0x00,0x00,0x00,0x00,0x00,0x00,0x00, /*  26144: ...4............ */
0x54,0xFC,0xFF,0xFF,0x01,0x00,0x00,0x00,0x28,0x00,0x00,0x00,0x02,0x00,0x00,0x00, /*  26160: T.......(....... */
0x27,0x00,0x00,0x00,0x03,0x00,0x00,0x00,0x4E,0xFD,0xFF,0xFF,0x10,0x00,0x00,0x00, /*  26176: '.......N....... */
0x10,0x00,0x00,0x00,0x14,0x00,0x00,0x00,0x02,0x00,0x00,0x00,0x00,0x00,0x00,0x00, /*  26192: ................ */
0x01,0x00,0x00,0x00,0x27,0x00,0x00,0x00,0x02,0x00,0x00,0x00,0x26,0x00,0x00,0x00, /*  26208: ....'.......&... */
0x07,0x00,0x00,0x00,0x36,0xFD,0xFF,0xFF,0x18,0x00,0x00,0x00,0x18,0x00,0x00,0x00, /*  26224: ....6........... */
0x00,0x00,0x00,0x01,0x20,0x00,0x00,0x00,0x24,0x00,0x00,0x00,0x01,0x00,0x00,0x00, /*  26240: .... ...$....... */
0x00,0x00,0x00,0x00,0x20,0xFD,0xFF,0xFF,0x00,0x00,0x00,0x01,0x01,0x00,0x00,0x00, /*  26256: .... ........... */
0x01,0x00,0x00,0x00,0x01,0x00,0x00,0x00,0x26,0x00,0x00,0x00,0x03,0x00,0x00,0x00, /*  26272: ........&....... */
0x25,0x00,0x00,0x00,0x14,0x00,0x00,0x00,0x13,0x00,0x00,0x00,0x12,0xFD,0xFF,0xFF, /*  26288: %............... */
0x14,0x00,0x00,0x00,0x14,0x00,0x00,0x00,0x00,0x00,0x00,0x34,0x10,0x00,0x00,0x00, /*  26304: ...........4.... */
0x14,0x00,0x00,0x00,0x00,0x00,0x00,0x00,0xFC,0xFC,0xFF,0xFF,0x01,0x00,0x00,0x00, /*  26320: ................ */
0x25,0x00,0x00,0x00,0x02,0x00,0x00,0x00,0x24,0x00,0x00,0x00,0x01,0x00,0x00,0x00, /*  26336: %.......$....... */
0xF6,0xFD,0xFF,0xFF,0x10,0x00,0x00,0x00,0x10,0x00,0x00,0x00,0x14,0x00,0x00,0x00, /*  26352: ................ */
0x02,0x00,0x00,0x00,0x00,0x00,0x00,0x00,0x01,0x00,0x00,0x00,0x24,0x00,0x00,0x00, /*  26368: ............$... */
0x02,0x00,0x00,0x00,0x23,0x00,0x00,0x00,0x06,0x00,0x00,0x00,0xDE,0xFD,0xFF,0xFF, /*  26384: ................ */
0x18,0x00,0x00,0x00,0x18,0x00,0x00,0x00,0x00,0x00,0x00,0x05,0x28,0x00,0x00,0x00, /*  26400: ............(... */
0x2C,0x00,0x00,0x00,0x03,0x00,0x00,0x00,0x00,0x00,0x00,0x00,0xAE,0xFE,0xFF,0xFF, /*  26416: ,............... */
0x01,0x00,0x00,0x00,0x02,0x00,0x00,0x00,0x01,0x00,0x00,0x00,0x02,0x00,0x00,0x00, /*  26432: ................ */
0x00,0x00,0x00,0x01,0x01,0x00,0x00,0x00,0x23,0x00,0x00,0x00,0x01,0x00,0x00,0x00, /*  26448: ................ */
0x22,0x00,0x00,0x00,0xBA,0xFD,0xFF,0xFF,0x14,0x00,0x00,0x00,0x14,0x00,0x00,0x00, /*  26464: "............... */
0x00,0x00,0x00,0x34,0x10,0x00,0x00,0x00,0x14,0x00,0x00,0x00,0x00,0x00,0x00,0x00, /*  26480: ...4............ */
0xA4,0xFD,0xFF,0xFF,0x01,0x00,0x00,0x00,0x22,0x00,0x00,0x00,0x02,0x00,0x00,0x00, /*  26496: ........"....... */
0x21,0x00,0x00,0x00,0x03,0x00,0x00,0x00,0x9E,0xFE,0xFF,0xFF,0x10,0x00,0x00,0x00, /*  26512: !............... */
0x10,0x00,0x00,0x00,0x14,0x00,0x00,0x00,0x02,0x00,0x00,0x00,0x00,0x00,0x00,0x00, /*  26528: ................ */
0x01,0x00,0x00,0x00,0x21,0x00,0x00,0x00,0x02,0x00,0x00,0x00,0x20,0x00,0x00,0x00, /*  26544: ....!....... ... */
0x05,0x00,0x00,0x00,0x86,0xFE,0xFF,0xFF,0x18,0x00,0x00,0x00,0x18,0x00,0x00,0x00, /*  26560: ................ */
0x00,0x00,0x00,0x01,0x20,0x00,0x00,0x00,0x24,0x00,0x00,0x00,0x01,0x00,0x00,0x00, /*  26576: .... ...$....... */
0x00,0x00,0x00,0x00,0x70,0xFE,0xFF,0xFF,0x00,0x00,0x00,0x01,0x01,0x00,0x00,0x00, /*  26592: ....p........... */
0x01,0x00,0x00,0x00,0x01,0x00,0x00,0x00,0x20,0x00,0x00,0x00,0x03,0x00,0x00,0x00, /*  26608: ........ ....... */
0x1F,0x00,0x00,0x00,0x16,0x00,0x00,0x00,0x15,0x00,0x00,0x00,0x62,0xFE,0xFF,0xFF, /*  26624: ............b... */
0x14,0x00,0x00,0x00,0x14,0x00,0x00,0x00,0x00,0x00,0x00,0x34,0x10,0x00,0x00,0x00, /*  26640: ...........4.... */
0x14,0x00,0x00,0x00,0x00,0x00,0x00,0x00,0x4C,0xFE,0xFF,0xFF,0x01,0x00,0x00,0x00, /*  26656: ........L....... */
0x1F,0x00,0x00,0x00,0x02,0x00,0x00,0x00,0x1E,0x00,0x00,0x00,0x01,0x00,0x00,0x00, /*  26672: ................ */
0x46,0xFF,0xFF,0xFF,0x10,0x00,0x00,0x00,0x10,0x00,0x00,0x00,0x14,0x00,0x00,0x00, /*  26688: F............... */
0x02,0x00,0x00,0x00,0x00,0x00,0x00,0x00,0x01,0x00,0x00,0x00,0x1E,0x00,0x00,0x00, /*  26704: ................ */
0x02,0x00,0x00,0x00,0x1D,0x00,0x00,0x00,0x04,0x00,0x00,0x00,0x2E,0xFF,0xFF,0xFF, /*  26720: ................ */
0x18,0x00,0x00,0x00,0x28,0x00,0x00,0x00,0x00,0x00,0x00,0x05,0x38,0x00,0x00,0x00, /*  26736: ....(.......8... */
0x3C,0x00,0x00,0x00,0x03,0x00,0x00,0x00,0x00,0x00,0x00,0x00,0x00,0x00,0x0E,0x00, /*  26752: <............... */
0x18,0x00,0x17,0x00,0x10,0x00,0x0C,0x00,0x08,0x00,0x04,0x00,0x0E,0x00,0x00,0x00, /*  26768: ................ */
0x01,0x00,0x00,0x00,0x02,0x00,0x00,0x00,0x01,0x00,0x00,0x00,0x02,0x00,0x00,0x00, /*  26784: ................ */
0x00,0x00,0x00,0x01,0x01,0x00,0x00,0x00,0x1D,0x00,0x00,0x00,0x01,0x00,0x00,0x00, /*  26800: ................ */
0x1C,0x00,0x00,0x00,0x1A,0xFF,0xFF,0xFF,0x14,0x00,0x00,0x00,0x14,0x00,0x00,0x00, /*  26816: ................ */
0x00,0x00,0x00,0x34,0x10,0x00,0x00,0x00,0x14,0x00,0x00,0x00,0x00,0x00,0x00,0x00, /*  26832: ...4............ */
0x04,0xFF,0xFF,0xFF,0x01,0x00,0x00,0x00,0x1C,0x00,0x00,0x00,0x02,0x00,0x00,0x00, /*  26848: ................ */
0x1B,0x00,0x00,0x00,0x03,0x00,0x00,0x00,0x00,0x00,0x16,0x00,0x14,0x00,0x10,0x00, /*  26864: ................ */
0x0C,0x00,0x08,0x00,0x00,0x00,0x00,0x00,0x00,0x00,0x00,0x00,0x00,0x00,0x04,0x00, /*  26880: ................ */
0x16,0x00,0x00,0x00,0x10,0x00,0x00,0x00,0x10,0x00,0x00,0x00,0x14,0x00,0x00,0x00, /*  26896: ................ */
0x02,0x00,0x00,0x00,0x00,0x00,0x00,0x00,0x01,0x00,0x00,0x00,0x1B,0x00,0x00,0x00, /*  26912: ................ */
0x02,0x00,0x00,0x00,0x1A,0x00,0x00,0x00,0x02,0x00,0x00,0x00,0x00,0x00,0x16,0x00, /*  26928: ................ */
0x1C,0x00,0x18,0x00,0x14,0x00,0x10,0x00,0x0F,0x00,0x08,0x00,0x00,0x00,0x00,0x00, /*  26944: ................ */
0x00,0x00,0x04,0x00,0x16,0x00,0x00,0x00,0x18,0x00,0x00,0x00,0x24,0x00,0x00,0x00, /*  26960: ............$... */
0x00,0x00,0x00,0x01,0x2C,0x00,0x00,0x00,0x30,0x00,0x00,0x00,0x01,0x00,0x00,0x00, /*  26976: ....,...0....... */
0x00,0x00,0x00,0x00,0x0C,0x00,0x10,0x00,0x00,0x00,0x0C,0x00,0x08,0x00,0x07,0x00, /*  26992: ................ */
0x0C,0x00,0x00,0x00,0x00,0x00,0x00,0x01,0x01,0x00,0x00,0x00,0x01,0x00,0x00,0x00, /*  27008: ................ */
0x01,0x00,0x00,0x00,0x1A,0x00,0x00,0x00,0x03,0x00,0x00,0x00,0x19,0x00,0x00,0x00, /*  27024: ................ */
0x18,0x00,0x00,0x00,0x17,0x00,0x00,0x00,0x00,0x00,0x16,0x00,0x18,0x00,0x00,0x00, /*  27040: ................ */
0x14,0x00,0x10,0x00,0x0F,0x00,0x08,0x00,0x00,0x00,0x00,0x00,0x00,0x00,0x04,0x00, /*  27056: ................ */
0x16,0x00,0x00,0x00,0x14,0x00,0x00,0x00,0x18,0x00,0x00,0x00,0x00,0x00,0x00,0x34, /*  27072: ...............4 */
0x14,0x00,0x00,0x00,0x18,0x00,0x00,0x00,0x00,0x00,0x00,0x00,0x04,0x00,0x04,0x00, /*  27088: ................ */
0x04,0x00,0x00,0x00,0x01,0x00,0x00,0x00,0x19,0x00,0x00,0x00,0x02,0x00,0x00,0x00, /*  27104: ................ */
0x00,0x00,0x00,0x00,0x01,0x00,0x00,0x00,0x01,0x00,0x00,0x00,0x36,0x00,0x00,0x00, /*  27120: ............6... */
0x01,0x00,0x00,0x00,0x00,0x00,0x00,0x00,0x37,0x00,0x00,0x00,0xDC,0x25,0x00,0x00, /*  27136: ........7....%.. */
0x8C,0x25,0x00,0x00,0x44,0x25,0x00,0x00,0x18,0x25,0x00,0x00,0xE8,0x24,0x00,0x00, /*  27152: .%..D%...%...$.. */
0xB8,0x24,0x00,0x00,0x88,0x24,0x00,0x00,0x58,0x24,0x00,0x00,0x28,0x24,0x00,0x00, /*  27168: .$...$..X$..($.. */
0xF8,0x23,0x00,0x00,0xC8,0x23,0x00,0x00,0x78,0x23,0x00,0x00,0x24,0x23,0x00,0x00, /*  27184: ........x...$... */
0x68,0x21,0x00,0x00,0xAC,0x1F,0x00,0x00,0x70,0x1C,0x00,0x00,0x2C,0x19,0x00,0x00, /*  27200: h!......p...,... */
0xF0,0x15,0x00,0x00,0xAC,0x12,0x00,0x00,0xF0,0x10,0x00,0x00,0x2C,0x0F,0x00,0x00, /*  27216: ............,... */
0x30,0x0E,0x00,0x00,0x2C,0x0D,0x00,0x00,0x90,0x0C,0x00,0x00,0xEC,0x0B,0x00,0x00, /*  27232: 0...,........... */
0x80,0x0B,0x00,0x00,0x14,0x0B,0x00,0x00,0xB4,0x0A,0x00,0x00,0x4C,0x0A,0x00,0x00, /*  27248: ............L... */
0xE0,0x09,0x00,0x00,0x80,0x09,0x00,0x00,0x18,0x09,0x00,0x00,0xAC,0x08,0x00,0x00, /*  27264: ................ */
0x4C,0x08,0x00,0x00,0xE4,0x07,0x00,0x00,0x78,0x07,0x00,0x00,0x18,0x07,0x00,0x00, /*  27280: L.......x....... */
0xB0,0x06,0x00,0x00,0x44,0x06,0x00,0x00,0xE4,0x05,0x00,0x00,0x7C,0x05,0x00,0x00, /*  27296: ....D.......|... */
0x10,0x05,0x00,0x00,0xB0,0x04,0x00,0x00,0x48,0x04,0x00,0x00,0xDC,0x03,0x00,0x00, /*  27312: ........H....... */
0x7C,0x03,0x00,0x00,0x14,0x03,0x00,0x00,0xA8,0x02,0x00,0x00,0x48,0x02,0x00,0x00, /*  27328: |...........H... */
0xE0,0x01,0x00,0x00,0x74,0x01,0x00,0x00,0x14,0x01,0x00,0x00,0xBC,0x00,0x00,0x00, /*  27344: ....t........... */
0x60,0x00,0x00,0x00,0x04,0x00,0x00,0x00,0x16,0xDB,0xFF,0xFF,0x00,0x00,0x00,0x01, /*  27360: `............... */
0x14,0x00,0x00,0x00,0x1C,0x00,0x00,0x00,0x06,0x00,0x00,0x00,0x00,0x00,0x00,0x09, /*  27376: ................ */
0x34,0x00,0x00,0x00,0x02,0x00,0x00,0x00,0xFF,0xFF,0xFF,0xFF,0x02,0x00,0x00,0x00, /*  27392: 4............... */
0xFC,0xDA,0xFF,0xFF,0x08,0x00,0x00,0x00,0x14,0x00,0x00,0x00,0x01,0x00,0x00,0x00, /*  27408: ................ */
0x80,0xFF,0xFF,0xFF,0xFF,0xFF,0xFF,0xFF,0x00,0x00,0x00,0x00,0x01,0x00,0x00,0x00, /*  27424: ................ */
0xF0,0x71,0x0C,0x3F,0x02,0x00,0x00,0x00,0x01,0x00,0x00,0x00,0x02,0x00,0x00,0x00, /*  27440: .q.?............ */
0x6E,0xDB,0xFF,0xFF,0x00,0x00,0x00,0x01,0x14,0x00,0x00,0x00,0x1C,0x00,0x00,0x00, /*  27456: n............... */
0x07,0x00,0x00,0x00,0x00,0x00,0x00,0x09,0x34,0x00,0x00,0x00,0x02,0x00,0x00,0x00, /*  27472: ........4....... */
0xFF,0xFF,0xFF,0xFF,0x20,0x00,0x00,0x00,0x54,0xDB,0xFF,0xFF,0x08,0x00,0x00,0x00, /*  27488: .... ...T....... */
0x14,0x00,0x00,0x00,0x01,0x00,0x00,0x00,0x80,0xFF,0xFF,0xFF,0xFF,0xFF,0xFF,0xFF, /*  27504: ................ */
0x00,0x00,0x00,0x00,0x01,0x00,0x00,0x00,0xE2,0x81,0xC2,0x3E,0x02,0x00,0x00,0x00, /*  27520: ...........>.... */
0x01,0x00,0x00,0x00,0x20,0x00,0x00,0x00,0xC6,0xDB,0xFF,0xFF,0x00,0x00,0x00,0x01, /*  27536: .... ........... */
0x14,0x00,0x00,0x00,0x1C,0x00,0x00,0x00,0x08,0x00,0x00,0x00,0x00,0x00,0x00,0x09, /*  27552: ................ */
0x30,0x00,0x00,0x00,0x02,0x00,0x00,0x00,0xFF,0xFF,0xFF,0xFF,0x40,0x00,0x00,0x00, /*  27568: 0...........@... */
0xAC,0xDB,0xFF,0xFF,0x08,0x00,0x00,0x00,0x10,0x00,0x00,0x00,0x01,0x00,0x00,0x00, /*  27584: ................ */
0x80,0xFF,0xFF,0xFF,0xFF,0xFF,0xFF,0xFF,0x01,0x00,0x00,0x00,0x6F,0x32,0xFF,0x3D, /*  27600: ............o2.= */
0x02,0x00,0x00,0x00,0x01,0x00,0x00,0x00,0x40,0x00,0x00,0x00,0x1A,0xDC,0xFF,0xFF, /*  27616: ........@....... */
0x00,0x00,0x00,0x01,0x14,0x00,0x00,0x00,0x20,0x00,0x00,0x00,0x09,0x00,0x00,0x00, /*  27632: ........ ....... */
0x00,0x00,0x00,0x09,0x34,0x00,0x00,0x00,0x03,0x00,0x00,0x00,0xFF,0xFF,0xFF,0xFF, /*  27648: ....4........... */
0x32,0x00,0x00,0x00,0x40,0x00,0x00,0x00,0x04,0xDC,0xFF,0xFF,0x08,0x00,0x00,0x00, /*  27664: 2...@........... */
0x10,0x00,0x00,0x00,0x01,0x00,0x00,0x00,0x80,0xFF,0xFF,0xFF,0xFF,0xFF,0xFF,0xFF, /*  27680: ................ */
0x01,0x00,0x00,0x00,0xC5,0xA6,0x1E,0x3E,0x03,0x00,0x00,0x00,0x01,0x00,0x00,0x00, /*  27696: .......>........ */
0x32,0x00,0x00,0x00,0x40,0x00,0x00,0x00,0x76,0xDC,0xFF,0xFF,0x00,0x00,0x00,0x01, /*  27712: 2...@...v....... */
0x14,0x00,0x00,0x00,0x24,0x00,0x00,0x00,0x0A,0x00,0x00,0x00,0x00,0x00,0x00,0x09, /*  27728: ....$........... */
0x3C,0x00,0x00,0x00,0x04,0x00,0x00,0x00,0xFF,0xFF,0xFF,0xFF,0x01,0x00,0x00,0x00, /*  27744: <............... */
0x32,0x00,0x00,0x00,0x40,0x00,0x00,0x00,0x64,0xDC,0xFF,0xFF,0x08,0x00,0x00,0x00, /*  27760: 2...@...d....... */
0x14,0x00,0x00,0x00,0x01,0x00,0x00,0x00,0x80,0xFF,0xFF,0xFF,0xFF,0xFF,0xFF,0xFF, /*  27776: ................ */
0x00,0x00,0x00,0x00,0x01,0x00,0x00,0x00,0xC5,0xA6,0x1E,0x3E,0x04,0x00,0x00,0x00, /*  27792: ...........>.... */
0x01,0x00,0x00,0x00,0x01,0x00,0x00,0x00,0x32,0x00,0x00,0x00,0x40,0x00,0x00,0x00, /*  27808: ........2...@... */
0xDE,0xDC,0xFF,0xFF,0x00,0x00,0x00,0x01,0x14,0x00,0x00,0x00,0x24,0x00,0x00,0x00, /*  27824: ............$... */
0x0B,0x00,0x00,0x00,0x00,0x00,0x00,0x09,0x38,0x00,0x00,0x00,0x04,0x00,0x00,0x00, /*  27840: ........8....... */
0xFF,0xFF,0xFF,0xFF,0x01,0x00,0x00,0x00,0x32,0x00,0x00,0x00,0x40,0x00,0x00,0x00, /*  27856: ........2...@... */
0xCC,0xDC,0xFF,0xFF,0x08,0x00,0x00,0x00,0x10,0x00,0x00,0x00,0x01,0x00,0x00,0x00, /*  27872: ................ */
0x80,0xFF,0xFF,0xFF,0xFF,0xFF,0xFF,0xFF,0x01,0x00,0x00,0x00,0xB2,0x9F,0x11,0x3D, /*  27888: ...............= */
0x04,0x00,0x00,0x00,0x01,0x00,0x00,0x00,0x01,0x00,0x00,0x00,0x32,0x00,0x00,0x00, /*  27904: ............2... */
0x40,0x00,0x00,0x00,0x42,0xDD,0xFF,0xFF,0x00,0x00,0x00,0x01,0x14,0x00,0x00,0x00, /*  27920: @...B........... */
0x20,0x00,0x00,0x00,0x0C,0x00,0x00,0x00,0x00,0x00,0x00,0x09,0x34,0x00,0x00,0x00, /*  27936:  ...........4... */
0x03,0x00,0x00,0x00,0xFF,0xFF,0xFF,0xFF,0x32,0x00,0x00,0x00,0x40,0x00,0x00,0x00, /*  27952: ........2...@... */
0x2C,0xDD,0xFF,0xFF,0x08,0x00,0x00,0x00,0x10,0x00,0x00,0x00,0x01,0x00,0x00,0x00, /*  27968: ,............... */
0x80,0xFF,0xFF,0xFF,0xFF,0xFF,0xFF,0xFF,0x01,0x00,0x00,0x00,0xB2,0x9F,0x11,0x3D, /*  27984: ...............= */
0x03,0x00,0x00,0x00,0x01,0x00,0x00,0x00,0x32,0x00,0x00,0x00,0x40,0x00,0x00,0x00, /*  28000: ........2...@... */
0x9E,0xDD,0xFF,0xFF,0x00,0x00,0x00,0x01,0x14,0x00,0x00,0x00,0x24,0x00,0x00,0x00, /*  28016: ............$... */
0x0E,0x00,0x00,0x00,0x00,0x00,0x00,0x09,0x3C,0x00,0x00,0x00,0x04,0x00,0x00,0x00, /*  28032: ........<....... */
0xFF,0xFF,0xFF,0xFF,0x01,0x00,0x00,0x00,0x32,0x00,0x00,0x00,0x40,0x00,0x00,0x00, /*  28048: ........2...@... */
0x8C,0xDD,0xFF,0xFF,0x08,0x00,0x00,0x00,0x14,0x00,0x00,0x00,0x01,0x00,0x00,0x00, /*  28064: ................ */
0x80,0xFF,0xFF,0xFF,0xFF,0xFF,0xFF,0xFF,0x00,0x00,0x00,0x00,0x01,0x00,0x00,0x00, /*  28080: ................ */
0xB2,0x9F,0x11,0x3D,0x04,0x00,0x00,0x00,0x01,0x00,0x00,0x00,0x01,0x00,0x00,0x00, /*  28096: ...=............ */
0x32,0x00,0x00,0x00,0x40,0x00,0x00,0x00,0x06,0xDE,0xFF,0xFF,0x00,0x00,0x00,0x01, /*  28112: 2...@........... */
0x14,0x00,0x00,0x00,0x24,0x00,0x00,0x00,0x0F,0x00,0x00,0x00,0x00,0x00,0x00,0x09, /*  28128: ....$........... */
0x38,0x00,0x00,0x00,0x04,0x00,0x00,0x00,0xFF,0xFF,0xFF,0xFF,0x01,0x00,0x00,0x00, /*  28144: 8............... */
0x64,0x00,0x00,0x00,0x40,0x00,0x00,0x00,0xF4,0xDD,0xFF,0xFF,0x08,0x00,0x00,0x00, /*  28160: d...@........... */
0x10,0x00,0x00,0x00,0x01,0x00,0x00,0x00,0x80,0xFF,0xFF,0xFF,0xFF,0xFF,0xFF,0xFF, /*  28176: ................ */
0x01,0x00,0x00,0x00,0xB2,0x9F,0x11,0x3D,0x04,0x00,0x00,0x00,0x01,0x00,0x00,0x00, /*  28192: .......=........ */
0x01,0x00,0x00,0x00,0x64,0x00,0x00,0x00,0x40,0x00,0x00,0x00,0x6A,0xDE,0xFF,0xFF, /*  28208: ....d...@...j... */
0x00,0x00,0x00,0x01,0x14,0x00,0x00,0x00,0x20,0x00,0x00,0x00,0x10,0x00,0x00,0x00, /*  28224: ........ ....... */
0x00,0x00,0x00,0x09,0x34,0x00,0x00,0x00,0x03,0x00,0x00,0x00,0xFF,0xFF,0xFF,0xFF, /*  28240: ....4........... */
0x64,0x00,0x00,0x00,0x40,0x00,0x00,0x00,0x54,0xDE,0xFF,0xFF,0x08,0x00,0x00,0x00, /*  28256: d...@...T....... */
0x10,0x00,0x00,0x00,0x01,0x00,0x00,0x00,0x80,0xFF,0xFF,0xFF,0xFF,0xFF,0xFF,0xFF, /*  28272: ................ */
0x01,0x00,0x00,0x00,0xB2,0x9F,0x11,0x3D,0x03,0x00,0x00,0x00,0x01,0x00,0x00,0x00, /*  28288: .......=........ */
0x64,0x00,0x00,0x00,0x40,0x00,0x00,0x00,0xC6,0xDE,0xFF,0xFF,0x00,0x00,0x00,0x01, /*  28304: d...@........... */
0x14,0x00,0x00,0x00,0x24,0x00,0x00,0x00,0x12,0x00,0x00,0x00,0x00,0x00,0x00,0x09, /*  28320: ....$........... */
0x3C,0x00,0x00,0x00,0x04,0x00,0x00,0x00,0xFF,0xFF,0xFF,0xFF,0x01,0x00,0x00,0x00, /*  28336: <............... */
0x64,0x00,0x00,0x00,0x40,0x00,0x00,0x00,0xB4,0xDE,0xFF,0xFF,0x08,0x00,0x00,0x00, /*  28352: d...@........... */
0x14,0x00,0x00,0x00,0x01,0x00,0x00,0x00,0x80,0xFF,0xFF,0xFF,0xFF,0xFF,0xFF,0xFF, /*  28368: ................ */
0x00,0x00,0x00,0x00,0x01,0x00,0x00,0x00,0xB2,0x9F,0x11,0x3D,0x04,0x00,0x00,0x00, /*  28384: ...........=.... */
0x01,0x00,0x00,0x00,0x01,0x00,0x00,0x00,0x64,0x00,0x00,0x00,0x40,0x00,0x00,0x00, /*  28400: ........d...@... */
0x2E,0xDF,0xFF,0xFF,0x00,0x00,0x00,0x01,0x14,0x00,0x00,0x00,0x24,0x00,0x00,0x00, /*  28416: ............$... */
0x13,0x00,0x00,0x00,0x00,0x00,0x00,0x09,0x38,0x00,0x00,0x00,0x04,0x00,0x00,0x00, /*  28432: ........8....... */
0xFF,0xFF,0xFF,0xFF,0x01,0x00,0x00,0x00,0x64,0x00,0x00,0x00,0x20,0x00,0x00,0x00, /*  28448: ........d... ... */
0x1C,0xDF,0xFF,0xFF,0x08,0x00,0x00,0x00,0x10,0x00,0x00,0x00,0x01,0x00,0x00,0x00, /*  28464: ................ */
0x80,0xFF,0xFF,0xFF,0xFF,0xFF,0xFF,0xFF,0x01,0x00,0x00,0x00,0x3E,0xBB,0x93,0x3C, /*  28480: ............>..< */
0x04,0x00,0x00,0x00,0x01,0x00,0x00,0x00,0x01,0x00,0x00,0x00,0x64,0x00,0x00,0x00, /*  28496: ............d... */
0x20,0x00,0x00,0x00,0x92,0xDF,0xFF,0xFF,0x00,0x00,0x00,0x01,0x14,0x00,0x00,0x00, /*  28512:  ............... */
0x20,0x00,0x00,0x00,0x14,0x00,0x00,0x00,0x00,0x00,0x00,0x09,0x34,0x00,0x00,0x00, /*  28528:  ...........4... */
0x03,0x00,0x00,0x00,0xFF,0xFF,0xFF,0xFF,0x64,0x00,0x00,0x00,0x20,0x00,0x00,0x00, /*  28544: ........d... ... */
0x7C,0xDF,0xFF,0xFF,0x08,0x00,0x00,0x00,0x10,0x00,0x00,0x00,0x01,0x00,0x00,0x00, /*  28560: |............... */
0x80,0xFF,0xFF,0xFF,0xFF,0xFF,0xFF,0xFF,0x01,0x00,0x00,0x00,0x3E,0xBB,0x93,0x3C, /*  28576: ............>..< */
0x03,0x00,0x00,0x00,0x01,0x00,0x00,0x00,0x64,0x00,0x00,0x00,0x20,0x00,0x00,0x00, /*  28592: ........d... ... */
0xEE,0xDF,0xFF,0xFF,0x00,0x00,0x00,0x01,0x14,0x00,0x00,0x00,0x24,0x00,0x00,0x00, /*  28608: ............$... */
0x16,0x00,0x00,0x00,0x00,0x00,0x00,0x09,0x3C,0x00,0x00,0x00,0x04,0x00,0x00,0x00, /*  28624: ........<....... */
0xFF,0xFF,0xFF,0xFF,0x01,0x00,0x00,0x00,0x64,0x00,0x00,0x00,0x20,0x00,0x00,0x00, /*  28640: ........d... ... */
0xDC,0xDF,0xFF,0xFF,0x08,0x00,0x00,0x00,0x14,0x00,0x00,0x00,0x01,0x00,0x00,0x00, /*  28656: ................ */
0x80,0xFF,0xFF,0xFF,0xFF,0xFF,0xFF,0xFF,0x00,0x00,0x00,0x00,0x01,0x00,0x00,0x00, /*  28672: ................ */
0x3E,0xBB,0x93,0x3C,0x04,0x00,0x00,0x00,0x01,0x00,0x00,0x00,0x01,0x00,0x00,0x00, /*  28688: >..<............ */
0x64,0x00,0x00,0x00,0x20,0x00,0x00,0x00,0x56,0xE0,0xFF,0xFF,0x00,0x00,0x00,0x01, /*  28704: d... ...V....... */
0x14,0x00,0x00,0x00,0x24,0x00,0x00,0x00,0x17,0x00,0x00,0x00,0x00,0x00,0x00,0x09, /*  28720: ....$........... */
0x38,0x00,0x00,0x00,0x04,0x00,0x00,0x00,0xFF,0xFF,0xFF,0xFF,0x01,0x00,0x00,0x00, /*  28736: 8............... */
0xC8,0x00,0x00,0x00,0x20,0x00,0x00,0x00,0x44,0xE0,0xFF,0xFF,0x08,0x00,0x00,0x00, /*  28752: .... ...D....... */
0x10,0x00,0x00,0x00,0x01,0x00,0x00,0x00,0x80,0xFF,0xFF,0xFF,0xFF,0xFF,0xFF,0xFF, /*  28768: ................ */
0x01,0x00,0x00,0x00,0x3E,0xBB,0x93,0x3C,0x04,0x00,0x00,0x00,0x01,0x00,0x00,0x00, /*  28784: ....>..<........ */
0x01,0x00,0x00,0x00,0xC8,0x00,0x00,0x00,0x20,0x00,0x00,0x00,0xBA,0xE0,0xFF,0xFF, /*  28800: ........ ....... */
0x00,0x00,0x00,0x01,0x14,0x00,0x00,0x00,0x20,0x00,0x00,0x00,0x18,0x00,0x00,0x00, /*  28816: ........ ....... */
0x00,0x00,0x00,0x09,0x34,0x00,0x00,0x00,0x03,0x00,0x00,0x00,0xFF,0xFF,0xFF,0xFF, /*  28832: ....4........... */
0xC8,0x00,0x00,0x00,0x20,0x00,0x00,0x00,0xA4,0xE0,0xFF,0xFF,0x08,0x00,0x00,0x00, /*  28848: .... ........... */
0x10,0x00,0x00,0x00,0x01,0x00,0x00,0x00,0x80,0xFF,0xFF,0xFF,0xFF,0xFF,0xFF,0xFF, /*  28864: ................ */
0x01,0x00,0x00,0x00,0x3E,0xBB,0x93,0x3C,0x03,0x00,0x00,0x00,0x01,0x00,0x00,0x00, /*  28880: ....>..<........ */
0xC8,0x00,0x00,0x00,0x20,0x00,0x00,0x00,0x16,0xE1,0xFF,0xFF,0x00,0x00,0x00,0x01, /*  28896: .... ........... */
0x14,0x00,0x00,0x00,0x24,0x00,0x00,0x00,0x1A,0x00,0x00,0x00,0x00,0x00,0x00,0x09, /*  28912: ....$........... */
0x3C,0x00,0x00,0x00,0x04,0x00,0x00,0x00,0xFF,0xFF,0xFF,0xFF,0x01,0x00,0x00,0x00, /*  28928: <............... */
0xC8,0x00,0x00,0x00,0x20,0x00,0x00,0x00,0x04,0xE1,0xFF,0xFF,0x08,0x00,0x00,0x00, /*  28944: .... ........... */
0x14,0x00,0x00,0x00,0x01,0x00,0x00,0x00,0x80,0xFF,0xFF,0xFF,0xFF,0xFF,0xFF,0xFF, /*  28960: ................ */
0x00,0x00,0x00,0x00,0x01,0x00,0x00,0x00,0x3E,0xBB,0x93,0x3C,0x04,0x00,0x00,0x00, /*  28976: ........>..<.... */
0x01,0x00,0x00,0x00,0x01,0x00,0x00,0x00,0xC8,0x00,0x00,0x00,0x20,0x00,0x00,0x00, /*  28992: ............ ... */
0x7E,0xE1,0xFF,0xFF,0x00,0x00,0x00,0x01,0x14,0x00,0x00,0x00,0x24,0x00,0x00,0x00, /*  29008: ~...........$... */
0x1B,0x00,0x00,0x00,0x00,0x00,0x00,0x09,0x38,0x00,0x00,0x00,0x04,0x00,0x00,0x00, /*  29024: ........8....... */
0xFF,0xFF,0xFF,0xFF,0x01,0x00,0x00,0x00,0xC8,0x00,0x00,0x00,0x10,0x00,0x00,0x00, /*  29040: ................ */
0x6C,0xE1,0xFF,0xFF,0x08,0x00,0x00,0x00,0x10,0x00,0x00,0x00,0x01,0x00,0x00,0x00, /*  29056: l............... */
0x80,0xFF,0xFF,0xFF,0xFF,0xFF,0xFF,0xFF,0x01,0x00,0x00,0x00,0x7E,0x38,0x83,0x3C, /*  29072: ............~8.< */
0x04,0x00,0x00,0x00,0x01,0x00,0x00,0x00,0x01,0x00,0x00,0x00,0xC8,0x00,0x00,0x00, /*  29088: ................ */
0x10,0x00,0x00,0x00,0xE2,0xE1,0xFF,0xFF,0x00,0x00,0x00,0x01,0x14,0x00,0x00,0x00, /*  29104: ................ */
0x20,0x00,0x00,0x00,0x1C,0x00,0x00,0x00,0x00,0x00,0x00,0x09,0x34,0x00,0x00,0x00, /*  29120:  ...........4... */
0x03,0x00,0x00,0x00,0xFF,0xFF,0xFF,0xFF,0xC8,0x00,0x00,0x00,0x10,0x00,0x00,0x00, /*  29136: ................ */
0xCC,0xE1,0xFF,0xFF,0x08,0x00,0x00,0x00,0x10,0x00,0x00,0x00,0x01,0x00,0x00,0x00, /*  29152: ................ */
0x80,0xFF,0xFF,0xFF,0xFF,0xFF,0xFF,0xFF,0x01,0x00,0x00,0x00,0x7E,0x38,0x83,0x3C, /*  29168: ............~8.< */
0x03,0x00,0x00,0x00,0x01,0x00,0x00,0x00,0xC8,0x00,0x00,0x00,0x10,0x00,0x00,0x00, /*  29184: ................ */
0x3E,0xE2,0xFF,0xFF,0x00,0x00,0x00,0x01,0x14,0x00,0x00,0x00,0x24,0x00,0x00,0x00, /*  29200: >...........$... */
0x1E,0x00,0x00,0x00,0x00,0x00,0x00,0x09,0x3C,0x00,0x00,0x00,0x04,0x00,0x00,0x00, /*  29216: ........<....... */
0xFF,0xFF,0xFF,0xFF,0x01,0x00,0x00,0x00,0xC8,0x00,0x00,0x00,0x10,0x00,0x00,0x00, /*  29232: ................ */
0x2C,0xE2,0xFF,0xFF,0x08,0x00,0x00,0x00,0x14,0x00,0x00,0x00,0x01,0x00,0x00,0x00, /*  29248: ,............... */
0x80,0xFF,0xFF,0xFF,0xFF,0xFF,0xFF,0xFF,0x00,0x00,0x00,0x00,0x01,0x00,0x00,0x00, /*  29264: ................ */
0x7E,0x38,0x83,0x3C,0x04,0x00,0x00,0x00,0x01,0x00,0x00,0x00,0x01,0x00,0x00,0x00, /*  29280: ~8.<............ */
0xC8,0x00,0x00,0x00,0x10,0x00,0x00,0x00,0xA6,0xE2,0xFF,0xFF,0x00,0x00,0x00,0x01, /*  29296: ................ */
0x14,0x00,0x00,0x00,0x24,0x00,0x00,0x00,0x1F,0x00,0x00,0x00,0x00,0x00,0x00,0x09, /*  29312: ....$........... */
0x38,0x00,0x00,0x00,0x04,0x00,0x00,0x00,0xFF,0xFF,0xFF,0xFF,0x01,0x00,0x00,0x00, /*  29328: 8............... */
0x90,0x01,0x00,0x00,0x10,0x00,0x00,0x00,0x94,0xE2,0xFF,0xFF,0x08,0x00,0x00,0x00, /*  29344: ................ */
0x10,0x00,0x00,0x00,0x01,0x00,0x00,0x00,0x80,0xFF,0xFF,0xFF,0xFF,0xFF,0xFF,0xFF, /*  29360: ................ */
0x01,0x00,0x00,0x00,0x7E,0x38,0x83,0x3C,0x04,0x00,0x00,0x00,0x01,0x00,0x00,0x00, /*  29376: ....~8.<........ */
0x01,0x00,0x00,0x00,0x90,0x01,0x00,0x00,0x10,0x00,0x00,0x00,0x0A,0xE3,0xFF,0xFF, /*  29392: ................ */
0x00,0x00,0x00,0x01,0x14,0x00,0x00,0x00,0x20,0x00,0x00,0x00,0x20,0x00,0x00,0x00, /*  29408: ........ ... ... */
0x00,0x00,0x00,0x09,0x34,0x00,0x00,0x00,0x03,0x00,0x00,0x00,0xFF,0xFF,0xFF,0xFF, /*  29424: ....4........... */
0x90,0x01,0x00,0x00,0x10,0x00,0x00,0x00,0xF4,0xE2,0xFF,0xFF,0x08,0x00,0x00,0x00, /*  29440: ................ */
0x10,0x00,0x00,0x00,0x01,0x00,0x00,0x00,0x80,0xFF,0xFF,0xFF,0xFF,0xFF,0xFF,0xFF, /*  29456: ................ */
0x01,0x00,0x00,0x00,0x7E,0x38,0x83,0x3C,0x03,0x00,0x00,0x00,0x01,0x00,0x00,0x00, /*  29472: ....~8.<........ */
0x90,0x01,0x00,0x00,0x10,0x00,0x00,0x00,0x66,0xE3,0xFF,0xFF,0x00,0x00,0x00,0x01, /*  29488: ........f....... */
0x14,0x00,0x00,0x00,0x24,0x00,0x00,0x00,0x22,0x00,0x00,0x00,0x00,0x00,0x00,0x09, /*  29504: ....$..."....... */
0x3C,0x00,0x00,0x00,0x04,0x00,0x00,0x00,0xFF,0xFF,0xFF,0xFF,0x01,0x00,0x00,0x00, /*  29520: <............... */
0x90,0x01,0x00,0x00,0x10,0x00,0x00,0x00,0x54,0xE3,0xFF,0xFF,0x08,0x00,0x00,0x00, /*  29536: ........T....... */
0x14,0x00,0x00,0x00,0x01,0x00,0x00,0x00,0x80,0xFF,0xFF,0xFF,0xFF,0xFF,0xFF,0xFF, /*  29552: ................ */
0x00,0x00,0x00,0x00,0x01,0x00,0x00,0x00,0x7E,0x38,0x83,0x3C,0x04,0x00,0x00,0x00, /*  29568: ........~8.<.... */
0x01,0x00,0x00,0x00,0x01,0x00,0x00,0x00,0x90,0x01,0x00,0x00,0x10,0x00,0x00,0x00, /*  29584: ................ */
0xCE,0xE3,0xFF,0xFF,0x00,0x00,0x00,0x01,0x14,0x00,0x00,0x00,0x24,0x00,0x00,0x00, /*  29600: ............$... */
0x23,0x00,0x00,0x00,0x00,0x00,0x00,0x09,0x38,0x00,0x00,0x00,0x04,0x00,0x00,0x00, /*  29616: ........8....... */
0xFF,0xFF,0xFF,0xFF,0x01,0x00,0x00,0x00,0x90,0x01,0x00,0x00,0x08,0x00,0x00,0x00, /*  29632: ................ */
0xBC,0xE3,0xFF,0xFF,0x08,0x00,0x00,0x00,0x10,0x00,0x00,0x00,0x01,0x00,0x00,0x00, /*  29648: ................ */
0x80,0xFF,0xFF,0xFF,0xFF,0xFF,0xFF,0xFF,0x01,0x00,0x00,0x00,0x71,0x40,0x9D,0x3C, /*  29664: ............q@.< */
0x04,0x00,0x00,0x00,0x01,0x00,0x00,0x00,0x01,0x00,0x00,0x00,0x90,0x01,0x00,0x00, /*  29680: ................ */
0x08,0x00,0x00,0x00,0x32,0xE4,0xFF,0xFF,0x00,0x00,0x00,0x01,0x14,0x00,0x00,0x00, /*  29696: ....2........... */
0x20,0x00,0x00,0x00,0x24,0x00,0x00,0x00,0x00,0x00,0x00,0x09,0x34,0x00,0x00,0x00, /*  29712:  ...$.......4... */
0x03,0x00,0x00,0x00,0xFF,0xFF,0xFF,0xFF,0x90,0x01,0x00,0x00,0x08,0x00,0x00,0x00, /*  29728: ................ */
0x1C,0xE4,0xFF,0xFF,0x08,0x00,0x00,0x00,0x10,0x00,0x00,0x00,0x01,0x00,0x00,0x00, /*  29744: ................ */
0x80,0xFF,0xFF,0xFF,0xFF,0xFF,0xFF,0xFF,0x01,0x00,0x00,0x00,0x71,0x40,0x9D,0x3C, /*  29760: ............q@.< */
0x03,0x00,0x00,0x00,0x01,0x00,0x00,0x00,0x90,0x01,0x00,0x00,0x08,0x00,0x00,0x00, /*  29776: ................ */
0x8E,0xE4,0xFF,0xFF,0x00,0x00,0x00,0x01,0x14,0x00,0x00,0x00,0x24,0x00,0x00,0x00, /*  29792: ............$... */
0x26,0x00,0x00,0x00,0x00,0x00,0x00,0x09,0x3C,0x00,0x00,0x00,0x04,0x00,0x00,0x00, /*  29808: &.......<....... */
0xFF,0xFF,0xFF,0xFF,0x01,0x00,0x00,0x00,0x90,0x01,0x00,0x00,0x08,0x00,0x00,0x00, /*  29824: ................ */
0x7C,0xE4,0xFF,0xFF,0x08,0x00,0x00,0x00,0x14,0x00,0x00,0x00,0x01,0x00,0x00,0x00, /*  29840: |............... */
0x80,0xFF,0xFF,0xFF,0xFF,0xFF,0xFF,0xFF,0x00,0x00,0x00,0x00,0x01,0x00,0x00,0x00, /*  29856: ................ */
0x71,0x40,0x9D,0x3C,0x04,0x00,0x00,0x00,0x01,0x00,0x00,0x00,0x01,0x00,0x00,0x00, /*  29872: q@.<............ */
0x90,0x01,0x00,0x00,0x08,0x00,0x00,0x00,0xF6,0xE4,0xFF,0xFF,0x00,0x00,0x00,0x01, /*  29888: ................ */
0x14,0x00,0x00,0x00,0x24,0x00,0x00,0x00,0x27,0x00,0x00,0x00,0x00,0x00,0x00,0x09, /*  29904: ....$...'....... */
0x38,0x00,0x00,0x00,0x04,0x00,0x00,0x00,0xFF,0xFF,0xFF,0xFF,0x01,0x00,0x00,0x00, /*  29920: 8............... */
0x20,0x03,0x00,0x00,0x08,0x00,0x00,0x00,0xE4,0xE4,0xFF,0xFF,0x08,0x00,0x00,0x00, /*  29936:  ............... */
0x10,0x00,0x00,0x00,0x01,0x00,0x00,0x00,0x80,0xFF,0xFF,0xFF,0xFF,0xFF,0xFF,0xFF, /*  29952: ................ */
0x01,0x00,0x00,0x00,0x71,0x40,0x9D,0x3C,0x04,0x00,0x00,0x00,0x01,0x00,0x00,0x00, /*  29968: ....q@.<........ */
0x01,0x00,0x00,0x00,0x20,0x03,0x00,0x00,0x08,0x00,0x00,0x00,0x5A,0xE5,0xFF,0xFF, /*  29984: .... .......Z... */
0x00,0x00,0x00,0x01,0x14,0x00,0x00,0x00,0x20,0x00,0x00,0x00,0x29,0x00,0x00,0x00, /*  30000: ........ ...)... */
0x00,0x00,0x00,0x09,0x34,0x00,0x00,0x00,0x03,0x00,0x00,0x00,0xFF,0xFF,0xFF,0xFF, /*  30016: ....4........... */
0x20,0x03,0x00,0x00,0x08,0x00,0x00,0x00,0x44,0xE5,0xFF,0xFF,0x08,0x00,0x00,0x00, /*  30032:  .......D....... */
0x10,0x00,0x00,0x00,0x01,0x00,0x00,0x00,0x80,0xFF,0xFF,0xFF,0xFF,0xFF,0xFF,0xFF, /*  30048: ................ */
0x01,0x00,0x00,0x00,0x71,0x40,0x9D,0x3C,0x03,0x00,0x00,0x00,0x01,0x00,0x00,0x00, /*  30064: ....q@.<........ */
0x20,0x03,0x00,0x00,0x08,0x00,0x00,0x00,0xB6,0xE5,0xFF,0xFF,0x00,0x00,0x00,0x01, /*  30080:  ............... */
0x14,0x00,0x00,0x00,0x24,0x00,0x00,0x00,0x2B,0x00,0x00,0x00,0x00,0x00,0x00,0x09, /*  30096: ....$...+....... */
0x3C,0x00,0x00,0x00,0x04,0x00,0x00,0x00,0xFF,0xFF,0xFF,0xFF,0x01,0x00,0x00,0x00, /*  30112: <............... */
0x20,0x03,0x00,0x00,0x08,0x00,0x00,0x00,0xA4,0xE5,0xFF,0xFF,0x08,0x00,0x00,0x00, /*  30128:  ............... */
0x14,0x00,0x00,0x00,0x01,0x00,0x00,0x00,0x80,0xFF,0xFF,0xFF,0xFF,0xFF,0xFF,0xFF, /*  30144: ................ */
0x00,0x00,0x00,0x00,0x01,0x00,0x00,0x00,0x71,0x40,0x9D,0x3C,0x04,0x00,0x00,0x00, /*  30160: ........q@.<.... */
0x01,0x00,0x00,0x00,0x01,0x00,0x00,0x00,0x20,0x03,0x00,0x00,0x08,0x00,0x00,0x00, /*  30176: ........ ....... */
0x1E,0xE6,0xFF,0xFF,0x00,0x00,0x00,0x01,0x14,0x00,0x00,0x00,0x24,0x00,0x00,0x00, /*  30192: ............$... */
0x2C,0x00,0x00,0x00,0x00,0x00,0x00,0x09,0x3C,0x00,0x00,0x00,0x04,0x00,0x00,0x00, /*  30208: ,.......<....... */
0xFF,0xFF,0xFF,0xFF,0x01,0x00,0x00,0x00,0x20,0x03,0x00,0x00,0x02,0x00,0x00,0x00, /*  30224: ........ ....... */
0x0C,0xE6,0xFF,0xFF,0x08,0x00,0x00,0x00,0x14,0x00,0x00,0x00,0x01,0x00,0x00,0x00, /*  30240: ................ */
0xFB,0xFF,0xFF,0xFF,0xFF,0xFF,0xFF,0xFF,0x00,0x00,0x00,0x00,0x01,0x00,0x00,0x00, /*  30256: ................ */
0xF6,0xB1,0xBF,0x3C,0x04,0x00,0x00,0x00,0x01,0x00,0x00,0x00,0x01,0x00,0x00,0x00, /*  30272: ...<............ */
0x20,0x03,0x00,0x00,0x02,0x00,0x00,0x00,0xD2,0xE6,0xFF,0xFF,0x00,0x00,0x00,0x01, /*  30288:  ............... */
0x10,0x00,0x00,0x00,0x3C,0x00,0x00,0x00,0x00,0x00,0x00,0x09,0x78,0x00,0x00,0x00, /*  30304: ....<.......x... */
0x5C,0xE6,0xFF,0xFF,0x08,0x00,0x00,0x00,0x48,0x00,0x00,0x00,0x08,0x00,0x00,0x00, /*  30320: ........H....... */
0x00,0x00,0x00,0x00,0x00,0x00,0x00,0x00,0x00,0x00,0x00,0x00,0x00,0x00,0x00,0x00, /*  30336: ................ */
0x00,0x00,0x00,0x00,0x00,0x00,0x00,0x00,0x00,0x00,0x00,0x00,0x00,0x00,0x00,0x00, /*  30352: ................ */
0x00,0x00,0x00,0x00,0x00,0x00,0x00,0x00,0x00,0x00,0x00,0x00,0x00,0x00,0x00,0x00, /*  30368: ................ */
0x00,0x00,0x00,0x00,0x00,0x00,0x00,0x00,0x00,0x00,0x00,0x00,0x00,0x00,0x00,0x00, /*  30384: ................ */
0x08,0x00,0x00,0x00,0xC5,0x3E,0x3E,0x3B,0xEF,0x67,0x40,0x3B,0x1E,0x46,0x39,0x3B, /*  30400: .....>>;.g@;.F9; */
0x59,0x98,0x39,0x3B,0xE9,0x0B,0x44,0x3B,0x24,0xFC,0x55,0x3B,0x51,0x93,0x3D,0x3B, /*  30416: Y.9;..D;$.U;Q.=; */
0xD0,0x6D,0x68,0x3B,0x04,0x00,0x00,0x00,0x08,0x00,0x00,0x00,0x01,0x00,0x00,0x00, /*  30432: .mh;............ */
0x03,0x00,0x00,0x00,0x02,0x00,0x00,0x00,0x72,0xE7,0xFF,0xFF,0x00,0x00,0x00,0x01, /*  30448: ........r....... */
0x10,0x00,0x00,0x00,0x3B,0x00,0x00,0x00,0x00,0x00,0x00,0x02,0x7C,0x00,0x00,0x00, /*  30464: ....;.......|... */
0xFC,0xE6,0xFF,0xFF,0x08,0x00,0x00,0x00,0x4C,0x00,0x00,0x00,0x08,0x00,0x00,0x00, /*  30480: ........L....... */
0x00,0x00,0x00,0x00,0x00,0x00,0x00,0x00,0x00,0x00,0x00,0x00,0x00,0x00,0x00,0x00, /*  30496: ................ */
0x00,0x00,0x00,0x00,0x00,0x00,0x00,0x00,0x00,0x00,0x00,0x00,0x00,0x00,0x00,0x00, /*  30512: ................ */
0x00,0x00,0x00,0x00,0x00,0x00,0x00,0x00,0x00,0x00,0x00,0x00,0x00,0x00,0x00,0x00, /*  30528: ................ */
0x00,0x00,0x00,0x00,0x00,0x00,0x00,0x00,0x00,0x00,0x00,0x00,0x00,0x00,0x00,0x00, /*  30544: ................ */
0x00,0x00,0x00,0x00,0x08,0x00,0x00,0x00,0x15,0x75,0x8E,0x38,0x4C,0x13,0x90,0x38, /*  30560: .........u.8L..8 */
0x1C,0xBC,0x8A,0x38,0xAF,0xF9,0x8A,0x38,0x2B,0xCD,0x92,0x38,0xE0,0x3B,0xA0,0x38, /*  30576: ...8...8+..8.;.8 */
0xB2,0xF4,0x8D,0x38,0x81,0x0B,0xAE,0x38,0x01,0x00,0x00,0x00,0x08,0x00,0x00,0x00, /*  30592: ...8...8........ */
0x0A,0xE8,0xFF,0xFF,0x00,0x00,0x00,0x01,0x10,0x00,0x00,0x00,0x3A,0x00,0x00,0x00, /*  30608: ............:... */
0x00,0x00,0x00,0x09,0xD8,0x00,0x00,0x00,0x94,0xE7,0xFF,0xFF,0x08,0x00,0x00,0x00, /*  30624: ................ */
0x88,0x00,0x00,0x00,0x10,0x00,0x00,0x00,0x00,0x00,0x00,0x00,0x00,0x00,0x00,0x00, /*  30640: ................ */
0x00,0x00,0x00,0x00,0x00,0x00,0x00,0x00,0x00,0x00,0x00,0x00,0x00,0x00,0x00,0x00, /*  30656: ................ */
0x00,0x00,0x00,0x00,0x00,0x00,0x00,0x00,0x00,0x00,0x00,0x00,0x00,0x00,0x00,0x00, /*  30672: ................ */
0x00,0x00,0x00,0x00,0x00,0x00,0x00,0x00,0x00,0x00,0x00,0x00,0x00,0x00,0x00,0x00, /*  30688: ................ */
0x00,0x00,0x00,0x00,0x00,0x00,0x00,0x00,0x00,0x00,0x00,0x00,0x00,0x00,0x00,0x00, /*  30704: ................ */
0x00,0x00,0x00,0x00,0x00,0x00,0x00,0x00,0x00,0x00,0x00,0x00,0x00,0x00,0x00,0x00, /*  30720: ................ */
0x00,0x00,0x00,0x00,0x00,0x00,0x00,0x00,0x00,0x00,0x00,0x00,0x00,0x00,0x00,0x00, /*  30736: ................ */
0x00,0x00,0x00,0x00,0x00,0x00,0x00,0x00,0x00,0x00,0x00,0x00,0x00,0x00,0x00,0x00, /*  30752: ................ */
0x00,0x00,0x00,0x00,0x00,0x00,0x00,0x00,0x10,0x00,0x00,0x00,0xB4,0x93,0x26,0x3B, /*  30768: ..............&; */
0x1B,0x2B,0x1E,0x3B,0x17,0xFE,0x45,0x3B,0x2C,0x95,0x4C,0x3B,0x94,0x50,0x13,0x3B, /*  30784: .+.;..E;,.L;.P.; */
0x83,0xB3,0x20,0x3B,0xD4,0xED,0x3A,0x3B,0xF7,0x58,0x19,0x3B,0x52,0x31,0x22,0x3B, /*  30800: .. ;..:;.X.;R1"; */
0xDF,0x18,0x15,0x3B,0x1A,0x63,0x0F,0x3B,0x99,0x46,0x22,0x3B,0x3C,0xE4,0x1D,0x3B, /*  30816: ...;.c.;.F";<..; */
0x73,0x1A,0x11,0x3B,0xD3,0x42,0x19,0x3B,0x1B,0x8E,0x22,0x3B,0x04,0x00,0x00,0x00, /*  30832: s..;.B.;..";.... */
0x10,0x00,0x00,0x00,0x01,0x00,0x00,0x00,0x03,0x00,0x00,0x00,0x08,0x00,0x00,0x00, /*  30848: ................ */
0x0A,0xE9,0xFF,0xFF,0x00,0x00,0x00,0x01,0x10,0x00,0x00,0x00,0x39,0x00,0x00,0x00, /*  30864: ............9... */
0x00,0x00,0x00,0x02,0xDC,0x00,0x00,0x00,0x94,0xE8,0xFF,0xFF,0x08,0x00,0x00,0x00, /*  30880: ................ */
0x8C,0x00,0x00,0x00,0x10,0x00,0x00,0x00,0x00,0x00,0x00,0x00,0x00,0x00,0x00,0x00, /*  30896: ................ */
0x00,0x00,0x00,0x00,0x00,0x00,0x00,0x00,0x00,0x00,0x00,0x00,0x00,0x00,0x00,0x00, /*  30912: ................ */
0x00,0x00,0x00,0x00,0x00,0x00,0x00,0x00,0x00,0x00,0x00,0x00,0x00,0x00,0x00,0x00, /*  30928: ................ */
0x00,0x00,0x00,0x00,0x00,0x00,0x00,0x00,0x00,0x00,0x00,0x00,0x00,0x00,0x00,0x00, /*  30944: ................ */
0x00,0x00,0x00,0x00,0x00,0x00,0x00,0x00,0x00,0x00,0x00,0x00,0x00,0x00,0x00,0x00, /*  30960: ................ */
0x00,0x00,0x00,0x00,0x00,0x00,0x00,0x00,0x00,0x00,0x00,0x00,0x00,0x00,0x00,0x00, /*  30976: ................ */
0x00,0x00,0x00,0x00,0x00,0x00,0x00,0x00,0x00,0x00,0x00,0x00,0x00,0x00,0x00,0x00, /*  30992: ................ */
0x00,0x00,0x00,0x00,0x00,0x00,0x00,0x00,0x00,0x00,0x00,0x00,0x00,0x00,0x00,0x00, /*  31008: ................ */
0x00,0x00,0x00,0x00,0x00,0x00,0x00,0x00,0x00,0x00,0x00,0x00,0x10,0x00,0x00,0x00, /*  31024: ................ */
0x08,0xA5,0x4C,0x38,0x80,0x50,0x42,0x38,0x56,0x3D,0x73,0x38,0xF7,0x55,0x7B,0x38, /*  31040: ..L8.PB8V=s8.U{8 */
0x00,0xFB,0x34,0x38,0x16,0x6D,0x45,0x38,0xD2,0xA5,0x65,0x38,0x53,0x64,0x3C,0x38, /*  31056: ..48.mE8..e8Sd<8 */
0x26,0x42,0x47,0x38,0x92,0x2B,0x37,0x38,0xBE,0x27,0x30,0x38,0x4A,0x5C,0x47,0x38, /*  31072: &BG8.+78.'08J.G8 */
0x6F,0xF9,0x41,0x38,0x7E,0x43,0x32,0x38,0x20,0x49,0x3C,0x38,0x24,0xB4,0x47,0x38, /*  31088: o.A8~C28 I<8$.G8 */
0x01,0x00,0x00,0x00,0x10,0x00,0x00,0x00,0x02,0xEA,0xFF,0xFF,0x00,0x00,0x00,0x01, /*  31104: ................ */
0x10,0x00,0x00,0x00,0x38,0x00,0x00,0x00,0x00,0x00,0x00,0x09,0x98,0x01,0x00,0x00, /*  31120: ....8........... */
0x8C,0xE9,0xFF,0xFF,0x08,0x00,0x00,0x00,0x08,0x01,0x00,0x00,0x20,0x00,0x00,0x00, /*  31136: ............ ... */
0x00,0x00,0x00,0x00,0x00,0x00,0x00,0x00,0x00,0x00,0x00,0x00,0x00,0x00,0x00,0x00, /*  31152: ................ */
0x00,0x00,0x00,0x00,0x00,0x00,0x00,0x00,0x00,0x00,0x00,0x00,0x00,0x00,0x00,0x00, /*  31168: ................ */
0x00,0x00,0x00,0x00,0x00,0x00,0x00,0x00,0x00,0x00,0x00,0x00,0x00,0x00,0x00,0x00, /*  31184: ................ */
0x00,0x00,0x00,0x00,0x00,0x00,0x00,0x00,0x00,0x00,0x00,0x00,0x00,0x00,0x00,0x00, /*  31200: ................ */
0x00,0x00,0x00,0x00,0x00,0x00,0x00,0x00,0x00,0x00,0x00,0x00,0x00,0x00,0x00,0x00, /*  31216: ................ */
0x00,0x00,0x00,0x00,0x00,0x00,0x00,0x00,0x00,0x00,0x00,0x00,0x00,0x00,0x00,0x00, /*  31232: ................ */
0x00,0x00,0x00,0x00,0x00,0x00,0x00,0x00,0x00,0x00,0x00,0x00,0x00,0x00,0x00,0x00, /*  31248: ................ */
0x00,0x00,0x00,0x00,0x00,0x00,0x00,0x00,0x00,0x00,0x00,0x00,0x00,0x00,0x00,0x00, /*  31264: ................ */
0x00,0x00,0x00,0x00,0x00,0x00,0x00,0x00,0x00,0x00,0x00,0x00,0x00,0x00,0x00,0x00, /*  31280: ................ */
0x00,0x00,0x00,0x00,0x00,0x00,0x00,0x00,0x00,0x00,0x00,0x00,0x00,0x00,0x00,0x00, /*  31296: ................ */
0x00,0x00,0x00,0x00,0x00,0x00,0x00,0x00,0x00,0x00,0x00,0x00,0x00,0x00,0x00,0x00, /*  31312: ................ */
0x00,0x00,0x00,0x00,0x00,0x00,0x00,0x00,0x00,0x00,0x00,0x00,0x00,0x00,0x00,0x00, /*  31328: ................ */
0x00,0x00,0x00,0x00,0x00,0x00,0x00,0x00,0x00,0x00,0x00,0x00,0x00,0x00,0x00,0x00, /*  31344: ................ */
0x00,0x00,0x00,0x00,0x00,0x00,0x00,0x00,0x00,0x00,0x00,0x00,0x00,0x00,0x00,0x00, /*  31360: ................ */
0x00,0x00,0x00,0x00,0x00,0x00,0x00,0x00,0x00,0x00,0x00,0x00,0x00,0x00,0x00,0x00, /*  31376: ................ */
0x00,0x00,0x00,0x00,0x00,0x00,0x00,0x00,0x00,0x00,0x00,0x00,0x00,0x00,0x00,0x00, /*  31392: ................ */
0x20,0x00,0x00,0x00,0x39,0x14,0x3D,0x3B,0x0C,0xCB,0x30,0x3B,0xC8,0xAA,0x2C,0x3B, /*  31408:  ...9.=;..0;..,; */
0x89,0x8F,0x58,0x3B,0x79,0x5B,0x63,0x3B,0x51,0x34,0x27,0x3B,0x89,0x5B,0x1D,0x3B, /*  31424: ..X;y[c;Q4';.[.; */
0x70,0x13,0x3C,0x3B,0xFE,0x5D,0xE7,0x3A,0x8A,0x27,0xD5,0x3A,0x3B,0xF6,0x64,0x3B, /*  31440: p.<;.].:.'.:;.d; */
0xCB,0x75,0x60,0x3B,0x3D,0x9A,0x0C,0x3B,0x37,0x8E,0x0B,0x3B,0x25,0xBC,0xDB,0x3A, /*  31456: .u`;=..;7..;%..: */
0xDF,0x8E,0x3A,0x3B,0xC4,0xF7,0x0C,0x3B,0x6F,0x5D,0x41,0x3B,0x28,0x29,0xD9,0x3A, /*  31472: ..:;...;o]A;().: */
0x82,0xC5,0x3C,0x3B,0x10,0x3D,0x3A,0x3B,0xEF,0x4D,0x3E,0x3B,0x32,0x5C,0x25,0x3B, /*  31488: ..<;.=:;.M>;2.%; */
0xAC,0x72,0xED,0x3A,0x9C,0x46,0x22,0x3B,0x77,0x40,0x64,0x3B,0x9E,0x51,0x11,0x3B, /*  31504: .r.:.F";w@d;.Q.; */
0x49,0xD4,0x1E,0x3B,0x9C,0x34,0x37,0x3B,0x1A,0x5A,0x31,0x3B,0x2C,0x93,0x0E,0x3B, /*  31520: I..;.47;.Z1;,..; */
0x21,0xF4,0xEF,0x3A,0x04,0x00,0x00,0x00,0x20,0x00,0x00,0x00,0x01,0x00,0x00,0x00, /*  31536: !..:.... ....... */
0x03,0x00,0x00,0x00,0x10,0x00,0x00,0x00,0xC2,0xEB,0xFF,0xFF,0x00,0x00,0x00,0x01, /*  31552: ................ */
0x10,0x00,0x00,0x00,0x37,0x00,0x00,0x00,0x00,0x00,0x00,0x02,0x9C,0x01,0x00,0x00, /*  31568: ....7........... */
0x4C,0xEB,0xFF,0xFF,0x08,0x00,0x00,0x00,0x0C,0x01,0x00,0x00,0x20,0x00,0x00,0x00, /*  31584: L........... ... */
0x00,0x00,0x00,0x00,0x00,0x00,0x00,0x00,0x00,0x00,0x00,0x00,0x00,0x00,0x00,0x00, /*  31600: ................ */
0x00,0x00,0x00,0x00,0x00,0x00,0x00,0x00,0x00,0x00,0x00,0x00,0x00,0x00,0x00,0x00, /*  31616: ................ */
0x00,0x00,0x00,0x00,0x00,0x00,0x00,0x00,0x00,0x00,0x00,0x00,0x00,0x00,0x00,0x00, /*  31632: ................ */
0x00,0x00,0x00,0x00,0x00,0x00,0x00,0x00,0x00,0x00,0x00,0x00,0x00,0x00,0x00,0x00, /*  31648: ................ */
0x00,0x00,0x00,0x00,0x00,0x00,0x00,0x00,0x00,0x00,0x00,0x00,0x00,0x00,0x00,0x00, /*  31664: ................ */
0x00,0x00,0x00,0x00,0x00,0x00,0x00,0x00,0x00,0x00,0x00,0x00,0x00,0x00,0x00,0x00, /*  31680: ................ */
0x00,0x00,0x00,0x00,0x00,0x00,0x00,0x00,0x00,0x00,0x00,0x00,0x00,0x00,0x00,0x00, /*  31696: ................ */
0x00,0x00,0x00,0x00,0x00,0x00,0x00,0x00,0x00,0x00,0x00,0x00,0x00,0x00,0x00,0x00, /*  31712: ................ */
0x00,0x00,0x00,0x00,0x00,0x00,0x00,0x00,0x00,0x00,0x00,0x00,0x00,0x00,0x00,0x00, /*  31728: ................ */
0x00,0x00,0x00,0x00,0x00,0x00,0x00,0x00,0x00,0x00,0x00,0x00,0x00,0x00,0x00,0x00, /*  31744: ................ */
0x00,0x00,0x00,0x00,0x00,0x00,0x00,0x00,0x00,0x00,0x00,0x00,0x00,0x00,0x00,0x00, /*  31760: ................ */
0x00,0x00,0x00,0x00,0x00,0x00,0x00,0x00,0x00,0x00,0x00,0x00,0x00,0x00,0x00,0x00, /*  31776: ................ */
0x00,0x00,0x00,0x00,0x00,0x00,0x00,0x00,0x00,0x00,0x00,0x00,0x00,0x00,0x00,0x00, /*  31792: ................ */
0x00,0x00,0x00,0x00,0x00,0x00,0x00,0x00,0x00,0x00,0x00,0x00,0x00,0x00,0x00,0x00, /*  31808: ................ */
0x00,0x00,0x00,0x00,0x00,0x00,0x00,0x00,0x00,0x00,0x00,0x00,0x00,0x00,0x00,0x00, /*  31824: ................ */
0x00,0x00,0x00,0x00,0x00,0x00,0x00,0x00,0x00,0x00,0x00,0x00,0x00,0x00,0x00,0x00, /*  31840: ................ */
0x00,0x00,0x00,0x00,0x20,0x00,0x00,0x00,0x25,0xD6,0x41,0x38,0xD5,0x3D,0x35,0x38, /*  31856: .... ...%.A8.=58 */
0xFD,0x02,0x31,0x38,0x7A,0x02,0x5E,0x38,0xF6,0x13,0x69,0x38,0x56,0x69,0x2B,0x38, /*  31872: ..18z.^8..i8Vi+8 */
0x21,0x51,0x21,0x38,0xE6,0xCE,0x40,0x38,0x4F,0x30,0xED,0x37,0x8A,0x84,0xDA,0x37, /*  31888: !Q!8..@8O0.7...7 */
0x0D,0xB9,0x6A,0x38,0x9E,0x1B,0x66,0x38,0xE8,0x23,0x10,0x38,0x24,0x11,0x0F,0x38, /*  31904: ..j8..f8...8$..8 */
0x88,0x43,0xE1,0x37,0x8E,0x40,0x3F,0x38,0xCA,0x83,0x10,0x38,0xF7,0x3A,0x46,0x38, /*  31920: .C.7.@?8...8.:F8 */
0xF7,0x9F,0xDE,0x37,0x73,0x85,0x41,0x38,0xB0,0xEC,0x3E,0x38,0xC0,0x17,0x43,0x38, /*  31936: ...7s.A8..>8..C8 */
0x56,0x85,0x29,0x38,0x28,0x6C,0xF3,0x37,0xE2,0x5B,0x26,0x38,0xB7,0xFE,0x69,0x38, /*  31952: V.)8(l.7.[&8..i8 */
0xAA,0xF9,0x14,0x38,0x5C,0xD3,0x22,0x38,0xB3,0xD0,0x3B,0x38,0x7D,0xD0,0x35,0x38, /*  31968: ...8.."8..;8}.58 */
0x8C,0x29,0x12,0x38,0xC1,0xFD,0xF5,0x37,0x01,0x00,0x00,0x00,0x20,0x00,0x00,0x00, /*  31984: .).8...7.... ... */
0x7A,0xED,0xFF,0xFF,0x00,0x00,0x00,0x01,0x10,0x00,0x00,0x00,0x36,0x00,0x00,0x00, /*  32000: z...........6... */
0x00,0x00,0x00,0x09,0x18,0x03,0x00,0x00,0x04,0xED,0xFF,0xFF,0x08,0x00,0x00,0x00, /*  32016: ................ */
0x08,0x02,0x00,0x00,0x40,0x00,0x00,0x00,0x00,0x00,0x00,0x00,0x00,0x00,0x00,0x00, /*  32032: ....@........... */
0x00,0x00,0x00,0x00,0x00,0x00,0x00,0x00,0x00,0x00,0x00,0x00,0x00,0x00,0x00,0x00, /*  32048: ................ */
0x00,0x00,0x00,0x00,0x00,0x00,0x00,0x00,0x00,0x00,0x00,0x00,0x00,0x00,0x00,0x00, /*  32064: ................ */
0x00,0x00,0x00,0x00,0x00,0x00,0x00,0x00,0x00,0x00,0x00,0x00,0x00,0x00,0x00,0x00, /*  32080: ................ */
0x00,0x00,0x00,0x00,0x00,0x00,0x00,0x00,0x00,0x00,0x00,0x00,0x00,0x00,0x00,0x00, /*  32096: ................ */
0x00,0x00,0x00,0x00,0x00,0x00,0x00,0x00,0x00,0x00,0x00,0x00,0x00,0x00,0x00,0x00, /*  32112: ................ */
0x00,0x00,0x00,0x00,0x00,0x00,0x00,0x00,0x00,0x00,0x00,0x00,0x00,0x00,0x00,0x00, /*  32128: ................ */
0x00,0x00,0x00,0x00,0x00,0x00,0x00,0x00,0x00,0x00,0x00,0x00,0x00,0x00,0x00,0x00, /*  32144: ................ */
0x00,0x00,0x00,0x00,0x00,0x00,0x00,0x00,0x00,0x00,0x00,0x00,0x00,0x00,0x00,0x00, /*  32160: ................ */
0x00,0x00,0x00,0x00,0x00,0x00,0x00,0x00,0x00,0x00,0x00,0x00,0x00,0x00,0x00,0x00, /*  32176: ................ */
0x00,0x00,0x00,0x00,0x00,0x00,0x00,0x00,0x00,0x00,0x00,0x00,0x00,0x00,0x00,0x00, /*  32192: ................ */
0x00,0x00,0x00,0x00,0x00,0x00,0x00,0x00,0x00,0x00,0x00,0x00,0x00,0x00,0x00,0x00, /*  32208: ................ */
0x00,0x00,0x00,0x00,0x00,0x00,0x00,0x00,0x00,0x00,0x00,0x00,0x00,0x00,0x00,0x00, /*  32224: ................ */
0x00,0x00,0x00,0x00,0x00,0x00,0x00,0x00,0x00,0x00,0x00,0x00,0x00,0x00,0x00,0x00, /*  32240: ................ */
0x00,0x00,0x00,0x00,0x00,0x00,0x00,0x00,0x00,0x00,0x00,0x00,0x00,0x00,0x00,0x00, /*  32256: ................ */
0x00,0x00,0x00,0x00,0x00,0x00,0x00,0x00,0x00,0x00,0x00,0x00,0x00,0x00,0x00,0x00, /*  32272: ................ */
0x00,0x00,0x00,0x00,0x00,0x00,0x00,0x00,0x00,0x00,0x00,0x00,0x00,0x00,0x00,0x00, /*  32288: ................ */
0x00,0x00,0x00,0x00,0x00,0x00,0x00,0x00,0x00,0x00,0x00,0x00,0x00,0x00,0x00,0x00, /*  32304: ................ */
0x00,0x00,0x00,0x00,0x00,0x00,0x00,0x00,0x00,0x00,0x00,0x00,0x00,0x00,0x00,0x00, /*  32320: ................ */
0x00,0x00,0x00,0x00,0x00,0x00,0x00,0x00,0x00,0x00,0x00,0x00,0x00,0x00,0x00,0x00, /*  32336: ................ */
0x00,0x00,0x00,0x00,0x00,0x00,0x00,0x00,0x00,0x00,0x00,0x00,0x00,0x00,0x00,0x00, /*  32352: ................ */
0x00,0x00,0x00,0x00,0x00,0x00,0x00,0x00,0x00,0x00,0x00,0x00,0x00,0x00,0x00,0x00, /*  32368: ................ */
0x00,0x00,0x00,0x00,0x00,0x00,0x00,0x00,0x00,0x00,0x00,0x00,0x00,0x00,0x00,0x00, /*  32384: ................ */
0x00,0x00,0x00,0x00,0x00,0x00,0x00,0x00,0x00,0x00,0x00,0x00,0x00,0x00,0x00,0x00, /*  32400: ................ */
0x00,0x00,0x00,0x00,0x00,0x00,0x00,0x00,0x00,0x00,0x00,0x00,0x00,0x00,0x00,0x00, /*  32416: ................ */
0x00,0x00,0x00,0x00,0x00,0x00,0x00,0x00,0x00,0x00,0x00,0x00,0x00,0x00,0x00,0x00, /*  32432: ................ */
0x00,0x00,0x00,0x00,0x00,0x00,0x00,0x00,0x00,0x00,0x00,0x00,0x00,0x00,0x00,0x00, /*  32448: ................ */
0x00,0x00,0x00,0x00,0x00,0x00,0x00,0x00,0x00,0x00,0x00,0x00,0x00,0x00,0x00,0x00, /*  32464: ................ */
0x00,0x00,0x00,0x00,0x00,0x00,0x00,0x00,0x00,0x00,0x00,0x00,0x00,0x00,0x00,0x00, /*  32480: ................ */
0x00,0x00,0x00,0x00,0x00,0x00,0x00,0x00,0x00,0x00,0x00,0x00,0x00,0x00,0x00,0x00, /*  32496: ................ */
0x00,0x00,0x00,0x00,0x00,0x00,0x00,0x00,0x00,0x00,0x00,0x00,0x00,0x00,0x00,0x00, /*  32512: ................ */
0x00,0x00,0x00,0x00,0x00,0x00,0x00,0x00,0x00,0x00,0x00,0x00,0x00,0x00,0x00,0x00, /*  32528: ................ */
0x00,0x00,0x00,0x00,0x00,0x00,0x00,0x00,0x40,0x00,0x00,0x00,0x5B,0x0C,0xC1,0x3A, /*  32544: ........@...[..: */
0x7C,0xBC,0xC0,0x3A,0x32,0xBC,0xEF,0x3A,0xEB,0x73,0x9A,0x3A,0x8F,0x6B,0xC7,0x3A, /*  32560: |..:2..:.s.:.k.: */
0xE2,0x68,0xDC,0x3A,0xBB,0xA6,0xDF,0x3A,0x04,0xC1,0xFB,0x3A,0x14,0xBF,0xCC,0x3A, /*  32576: .h.:...:...:...: */
0xCD,0xE7,0xA6,0x3A,0x46,0xD6,0xC2,0x3A,0x99,0xBB,0x95,0x3A,0x03,0xE4,0x9B,0x3A, /*  32592: ...:F..:...:...: */
0x03,0x93,0xCB,0x3A,0x1A,0xEF,0xC1,0x3A,0x4E,0xB8,0xF3,0x3A,0x60,0x0F,0xCB,0x3A, /*  32608: ...:...:N..:`..: */
0x7B,0xF4,0xB8,0x3A,0x22,0x50,0x96,0x3A,0x9F,0xDA,0xEE,0x3A,0x3A,0x44,0x9E,0x3A, /*  32624: {..:"P.:...::D.: */
0xA9,0x43,0x03,0x3B,0xDC,0x54,0x9C,0x3A,0x43,0x32,0xBC,0x3A,0xA2,0x65,0xD2,0x3A, /*  32640: .C.;.T.:C2.:.e.: */
0x9E,0xA2,0x06,0x3B,0x4B,0xEE,0x99,0x3A,0x46,0x16,0xF0,0x3A,0x98,0x7D,0xE0,0x3A, /*  32656: ...;K..:F..:.}.: */
0x9D,0xC4,0x94,0x3A,0x71,0xA2,0xD5,0x3A,0xB0,0xC5,0xF9,0x3A,0x5C,0x31,0x93,0x3A, /*  32672: ...:q..:...:.1.: */
0x4D,0x2B,0x9C,0x3A,0xD5,0x52,0xE6,0x3A,0xD5,0x15,0xA2,0x3A,0xE5,0xAC,0x94,0x3A, /*  32688: M+.:.R.:...:...: */
0x8C,0xC5,0xE6,0x3A,0x67,0x2D,0xA1,0x3A,0x59,0xA2,0x57,0x3B,0xFD,0xB1,0xEC,0x3A, /*  32704: ...:g-.:Y.W;...: */
0x0B,0x35,0xE0,0x3A,0x29,0x64,0xD6,0x3A,0xB5,0x3A,0x92,0x3A,0x97,0x28,0xF4,0x3A, /*  32720: .5.:)d.:.:.:.(.: */
0xF6,0xFD,0xA3,0x3A,0xD2,0xD7,0xF1,0x3A,0x91,0xF6,0x94,0x3A,0x57,0xC0,0xDE,0x3A, /*  32736: ...:...:...:W..: */
0xF0,0x84,0xE3,0x3A,0x3C,0x16,0xEE,0x3A,0x9F,0x3C,0x00,0x3B,0x19,0x63,0xF1,0x3A, /*  32752: ...:<..:.<.;.c.: */
0x7B,0xC6,0xC7,0x3A,0x7B,0x05,0x98,0x3A,0xD8,0x8D,0x01,0x3B,0xE8,0x9D,0xD6,0x3A, /*  32768: {..:{..:...;...: */
0x6D,0xAE,0xDC,0x3A,0x3F,0x4A,0xCB,0x3A,0x13,0xAC,0xF3,0x3A,0xD2,0xCB,0xF9,0x3A, /*  32784: m..:?J.:...:...: */
0x3C,0x9C,0xDC,0x3A,0x91,0x31,0xA2,0x3A,0xF9,0x10,0xD1,0x3A,0x04,0x00,0x00,0x00, /*  32800: <..:.1.:...:.... */
0x40,0x00,0x00,0x00,0x01,0x00,0x00,0x00,0x03,0x00,0x00,0x00,0x20,0x00,0x00,0x00, /*  32816: @........... ... */
0xBA,0xF0,0xFF,0xFF,0x00,0x00,0x00,0x01,0x10,0x00,0x00,0x00,0x35,0x00,0x00,0x00, /*  32832: ............5... */
0x00,0x00,0x00,0x02,0x1C,0x03,0x00,0x00,0x44,0xF0,0xFF,0xFF,0x08,0x00,0x00,0x00, /*  32848: ........D....... */
0x0C,0x02,0x00,0x00,0x40,0x00,0x00,0x00,0x00,0x00,0x00,0x00,0x00,0x00,0x00,0x00, /*  32864: ....@........... */
0x00,0x00,0x00,0x00,0x00,0x00,0x00,0x00,0x00,0x00,0x00,0x00,0x00,0x00,0x00,0x00, /*  32880: ................ */
0x00,0x00,0x00,0x00,0x00,0x00,0x00,0x00,0x00,0x00,0x00,0x00,0x00,0x00,0x00,0x00, /*  32896: ................ */
0x00,0x00,0x00,0x00,0x00,0x00,0x00,0x00,0x00,0x00,0x00,0x00,0x00,0x00,0x00,0x00, /*  32912: ................ */
0x00,0x00,0x00,0x00,0x00,0x00,0x00,0x00,0x00,0x00,0x00,0x00,0x00,0x00,0x00,0x00, /*  32928: ................ */
0x00,0x00,0x00,0x00,0x00,0x00,0x00,0x00,0x00,0x00,0x00,0x00,0x00,0x00,0x00,0x00, /*  32944: ................ */
0x00,0x00,0x00,0x00,0x00,0x00,0x00,0x00,0x00,0x00,0x00,0x00,0x00,0x00,0x00,0x00, /*  32960: ................ */
0x00,0x00,0x00,0x00,0x00,0x00,0x00,0x00,0x00,0x00,0x00,0x00,0x00,0x00,0x00,0x00, /*  32976: ................ */
0x00,0x00,0x00,0x00,0x00,0x00,0x00,0x00,0x00,0x00,0x00,0x00,0x00,0x00,0x00,0x00, /*  32992: ................ */
0x00,0x00,0x00,0x00,0x00,0x00,0x00,0x00,0x00,0x00,0x00,0x00,0x00,0x00,0x00,0x00, /*  33008: ................ */
0x00,0x00,0x00,0x00,0x00,0x00,0x00,0x00,0x00,0x00,0x00,0x00,0x00,0x00,0x00,0x00, /*  33024: ................ */
0x00,0x00,0x00,0x00,0x00,0x00,0x00,0x00,0x00,0x00,0x00,0x00,0x00,0x00,0x00,0x00, /*  33040: ................ */
0x00,0x00,0x00,0x00,0x00,0x00,0x00,0x00,0x00,0x00,0x00,0x00,0x00,0x00,0x00,0x00, /*  33056: ................ */
0x00,0x00,0x00,0x00,0x00,0x00,0x00,0x00,0x00,0x00,0x00,0x00,0x00,0x00,0x00,0x00, /*  33072: ................ */
0x00,0x00,0x00,0x00,0x00,0x00,0x00,0x00,0x00,0x00,0x00,0x00,0x00,0x00,0x00,0x00, /*  33088: ................ */
0x00,0x00,0x00,0x00,0x00,0x00,0x00,0x00,0x00,0x00,0x00,0x00,0x00,0x00,0x00,0x00, /*  33104: ................ */
0x00,0x00,0x00,0x00,0x00,0x00,0x00,0x00,0x00,0x00,0x00,0x00,0x00,0x00,0x00,0x00, /*  33120: ................ */
0x00,0x00,0x00,0x00,0x00,0x00,0x00,0x00,0x00,0x00,0x00,0x00,0x00,0x00,0x00,0x00, /*  33136: ................ */
0x00,0x00,0x00,0x00,0x00,0x00,0x00,0x00,0x00,0x00,0x00,0x00,0x00,0x00,0x00,0x00, /*  33152: ................ */
0x00,0x00,0x00,0x00,0x00,0x00,0x00,0x00,0x00,0x00,0x00,0x00,0x00,0x00,0x00,0x00, /*  33168: ................ */
0x00,0x00,0x00,0x00,0x00,0x00,0x00,0x00,0x00,0x00,0x00,0x00,0x00,0x00,0x00,0x00, /*  33184: ................ */
0x00,0x00,0x00,0x00,0x00,0x00,0x00,0x00,0x00,0x00,0x00,0x00,0x00,0x00,0x00,0x00, /*  33200: ................ */
0x00,0x00,0x00,0x00,0x00,0x00,0x00,0x00,0x00,0x00,0x00,0x00,0x00,0x00,0x00,0x00, /*  33216: ................ */
0x00,0x00,0x00,0x00,0x00,0x00,0x00,0x00,0x00,0x00,0x00,0x00,0x00,0x00,0x00,0x00, /*  33232: ................ */
0x00,0x00,0x00,0x00,0x00,0x00,0x00,0x00,0x00,0x00,0x00,0x00,0x00,0x00,0x00,0x00, /*  33248: ................ */
0x00,0x00,0x00,0x00,0x00,0x00,0x00,0x00,0x00,0x00,0x00,0x00,0x00,0x00,0x00,0x00, /*  33264: ................ */
0x00,0x00,0x00,0x00,0x00,0x00,0x00,0x00,0x00,0x00,0x00,0x00,0x00,0x00,0x00,0x00, /*  33280: ................ */
0x00,0x00,0x00,0x00,0x00,0x00,0x00,0x00,0x00,0x00,0x00,0x00,0x00,0x00,0x00,0x00, /*  33296: ................ */
0x00,0x00,0x00,0x00,0x00,0x00,0x00,0x00,0x00,0x00,0x00,0x00,0x00,0x00,0x00,0x00, /*  33312: ................ */
0x00,0x00,0x00,0x00,0x00,0x00,0x00,0x00,0x00,0x00,0x00,0x00,0x00,0x00,0x00,0x00, /*  33328: ................ */
0x00,0x00,0x00,0x00,0x00,0x00,0x00,0x00,0x00,0x00,0x00,0x00,0x00,0x00,0x00,0x00, /*  33344: ................ */
0x00,0x00,0x00,0x00,0x00,0x00,0x00,0x00,0x00,0x00,0x00,0x00,0x00,0x00,0x00,0x00, /*  33360: ................ */
0x00,0x00,0x00,0x00,0x00,0x00,0x00,0x00,0x00,0x00,0x00,0x00,0x40,0x00,0x00,0x00, /*  33376: ............@... */
0x96,0xCE,0xDE,0x37,0x67,0x72,0xDE,0x37,0x69,0x58,0x0A,0x38,0x10,0x43,0xB2,0x37, /*  33392: ...7gr.7iX.8.C.7 */
0x3E,0x29,0xE6,0x37,0xE0,0x62,0xFE,0x37,0x52,0x10,0x01,0x38,0xF8,0x47,0x11,0x38, /*  33408: >).7.b.7R..8.G.8 */
0xF3,0x4E,0xEC,0x37,0x5D,0xA2,0xC0,0x37,0x18,0xDF,0xE0,0x37,0x7A,0xD0,0xAC,0x37, /*  33424: .N.7]..7...7z..7 */
0xE6,0xEB,0xB3,0x37,0xA1,0xF4,0xEA,0x37,0x49,0xD4,0xDF,0x37,0x17,0xA5,0x0C,0x38, /*  33440: ...7...7I..7...8 */
0xB3,0x5C,0xEA,0x37,0x54,0x77,0xD5,0x37,0xE9,0x7B,0xAD,0x37,0x3D,0xD6,0x09,0x38, /*  33456: ...7Tw.7.{.7=..8 */
0xDF,0xA9,0xB6,0x37,0xB9,0x7F,0x17,0x38,0x24,0x6E,0xB4,0x37,0x06,0x35,0xD9,0x37, /*  33472: ...7...8$n.7.5.7 */
0x7E,0xD4,0xF2,0x37,0xB4,0x63,0x1B,0x38,0xD7,0xA8,0xB1,0x37,0x65,0x8C,0x0A,0x38, /*  33488: ~..7.c.8...7e..8 */
0x50,0x8C,0x01,0x38,0x6C,0xB3,0xAB,0x37,0x11,0x91,0xF6,0x37,0x34,0x23,0x10,0x38, /*  33504: P..8l..7...74..8 */
0x01,0xE2,0xA9,0x37,0x2D,0x3E,0xB4,0x37,0x07,0xEA,0x04,0x38,0x2D,0x12,0xBB,0x37, /*  33520: ...7->.7...8-..7 */
0x0C,0x98,0xAB,0x37,0x3A,0x2C,0x05,0x38,0xEB,0x05,0xBA,0x37,0xE2,0xDF,0x78,0x38, /*  33536: ...7:,.8...7..x8 */
0x54,0x97,0x08,0x38,0x72,0x62,0x01,0x38,0xA5,0x70,0xF7,0x37,0x54,0xC5,0xA8,0x37, /*  33552: T..8rb.8.p.7T..7 */
0xE3,0xE5,0x0C,0x38,0x8D,0x45,0xBD,0x37,0xD1,0x8F,0x0B,0x38,0x13,0xED,0xAB,0x37, /*  33568: ...8.E.7...8...7 */
0x5E,0x8B,0x00,0x38,0xBF,0x4B,0x03,0x38,0xE8,0x64,0x09,0x38,0x35,0x01,0x14,0x38, /*  33584: ^..8.K.8.d.85..8 */
0x75,0x4C,0x0B,0x38,0x2E,0x92,0xE6,0x37,0xAD,0x74,0xAF,0x37,0x6A,0x86,0x15,0x38, /*  33600: uL.8...7.t.7j..8 */
0x4B,0xB3,0xF7,0x37,0x23,0xB3,0xFE,0x37,0xA5,0xA0,0xEA,0x37,0x09,0x9E,0x0C,0x38, /*  33616: K..7...7...7...8 */
0xBE,0x26,0x10,0x38,0x24,0x9E,0xFE,0x37,0x2F,0x32,0xBB,0x37,0x52,0x4B,0xF1,0x37, /*  33632: .&.8$..7/2.7RK.7 */
0x01,0x00,0x00,0x00,0x40,0x00,0x00,0x00,0xF2,0xF3,0xFF,0xFF,0x00,0x00,0x00,0x01, /*  33648: ....@........... */
0x10,0x00,0x00,0x00,0x34,0x00,0x00,0x00,0x00,0x00,0x00,0x09,0x18,0x03,0x00,0x00, /*  33664: ....4........... */
0x7C,0xF3,0xFF,0xFF,0x08,0x00,0x00,0x00,0x08,0x02,0x00,0x00,0x40,0x00,0x00,0x00, /*  33680: |...........@... */
0x00,0x00,0x00,0x00,0x00,0x00,0x00,0x00,0x00,0x00,0x00,0x00,0x00,0x00,0x00,0x00, /*  33696: ................ */
0x00,0x00,0x00,0x00,0x00,0x00,0x00,0x00,0x00,0x00,0x00,0x00,0x00,0x00,0x00,0x00, /*  33712: ................ */
0x00,0x00,0x00,0x00,0x00,0x00,0x00,0x00,0x00,0x00,0x00,0x00,0x00,0x00,0x00,0x00, /*  33728: ................ */
0x00,0x00,0x00,0x00,0x00,0x00,0x00,0x00,0x00,0x00,0x00,0x00,0x00,0x00,0x00,0x00, /*  33744: ................ */
0x00,0x00,0x00,0x00,0x00,0x00,0x00,0x00,0x00,0x00,0x00,0x00,0x00,0x00,0x00,0x00, /*  33760: ................ */
0x00,0x00,0x00,0x00,0x00,0x00,0x00,0x00,0x00,0x00,0x00,0x00,0x00,0x00,0x00,0x00, /*  33776: ................ */
0x00,0x00,0x00,0x00,0x00,0x00,0x00,0x00,0x00,0x00,0x00,0x00,0x00,0x00,0x00,0x00, /*  33792: ................ */
0x00,0x00,0x00,0x00,0x00,0x00,0x00,0x00,0x00,0x00,0x00,0x00,0x00,0x00,0x00,0x00, /*  33808: ................ */
0x00,0x00,0x00,0x00,0x00,0x00,0x00,0x00,0x00,0x00,0x00,0x00,0x00,0x00,0x00,0x00, /*  33824: ................ */
0x00,0x00,0x00,0x00,0x00,0x00,0x00,0x00,0x00,0x00,0x00,0x00,0x00,0x00,0x00,0x00, /*  33840: ................ */
0x00,0x00,0x00,0x00,0x00,0x00,0x00,0x00,0x00,0x00,0x00,0x00,0x00,0x00,0x00,0x00, /*  33856: ................ */
0x00,0x00,0x00,0x00,0x00,0x00,0x00,0x00,0x00,0x00,0x00,0x00,0x00,0x00,0x00,0x00, /*  33872: ................ */
0x00,0x00,0x00,0x00,0x00,0x00,0x00,0x00,0x00,0x00,0x00,0x00,0x00,0x00,0x00,0x00, /*  33888: ................ */
0x00,0x00,0x00,0x00,0x00,0x00,0x00,0x00,0x00,0x00,0x00,0x00,0x00,0x00,0x00,0x00, /*  33904: ................ */
0x00,0x00,0x00,0x00,0x00,0x00,0x00,0x00,0x00,0x00,0x00,0x00,0x00,0x00,0x00,0x00, /*  33920: ................ */
0x00,0x00,0x00,0x00,0x00,0x00,0x00,0x00,0x00,0x00,0x00,0x00,0x00,0x00,0x00,0x00, /*  33936: ................ */
0x00,0x00,0x00,0x00,0x00,0x00,0x00,0x00,0x00,0x00,0x00,0x00,0x00,0x00,0x00,0x00, /*  33952: ................ */
0x00,0x00,0x00,0x00,0x00,0x00,0x00,0x00,0x00,0x00,0x00,0x00,0x00,0x00,0x00,0x00, /*  33968: ................ */
0x00,0x00,0x00,0x00,0x00,0x00,0x00,0x00,0x00,0x00,0x00,0x00,0x00,0x00,0x00,0x00, /*  33984: ................ */
0x00,0x00,0x00,0x00,0x00,0x00,0x00,0x00,0x00,0x00,0x00,0x00,0x00,0x00,0x00,0x00, /*  34000: ................ */
0x00,0x00,0x00,0x00,0x00,0x00,0x00,0x00,0x00,0x00,0x00,0x00,0x00,0x00,0x00,0x00, /*  34016: ................ */
0x00,0x00,0x00,0x00,0x00,0x00,0x00,0x00,0x00,0x00,0x00,0x00,0x00,0x00,0x00,0x00, /*  34032: ................ */
0x00,0x00,0x00,0x00,0x00,0x00,0x00,0x00,0x00,0x00,0x00,0x00,0x00,0x00,0x00,0x00, /*  34048: ................ */
0x00,0x00,0x00,0x00,0x00,0x00,0x00,0x00,0x00,0x00,0x00,0x00,0x00,0x00,0x00,0x00, /*  34064: ................ */
0x00,0x00,0x00,0x00,0x00,0x00,0x00,0x00,0x00,0x00,0x00,0x00,0x00,0x00,0x00,0x00, /*  34080: ................ */
0x00,0x00,0x00,0x00,0x00,0x00,0x00,0x00,0x00,0x00,0x00,0x00,0x00,0x00,0x00,0x00, /*  34096: ................ */
0x00,0x00,0x00,0x00,0x00,0x00,0x00,0x00,0x00,0x00,0x00,0x00,0x00,0x00,0x00,0x00, /*  34112: ................ */
0x00,0x00,0x00,0x00,0x00,0x00,0x00,0x00,0x00,0x00,0x00,0x00,0x00,0x00,0x00,0x00, /*  34128: ................ */
0x00,0x00,0x00,0x00,0x00,0x00,0x00,0x00,0x00,0x00,0x00,0x00,0x00,0x00,0x00,0x00, /*  34144: ................ */
0x00,0x00,0x00,0x00,0x00,0x00,0x00,0x00,0x00,0x00,0x00,0x00,0x00,0x00,0x00,0x00, /*  34160: ................ */
0x00,0x00,0x00,0x00,0x00,0x00,0x00,0x00,0x00,0x00,0x00,0x00,0x00,0x00,0x00,0x00, /*  34176: ................ */
0x00,0x00,0x00,0x00,0x00,0x00,0x00,0x00,0x00,0x00,0x00,0x00,0x00,0x00,0x00,0x00, /*  34192: ................ */
0x40,0x00,0x00,0x00,0x2A,0xC5,0xEE,0x3A,0x29,0xF4,0x88,0x3A,0x94,0x2D,0x88,0x3A, /*  34208: @......:)..:.-.: */
0x76,0xCA,0xCC,0x3A,0xFD,0x39,0xFE,0x3A,0x10,0xED,0x9B,0x3A,0x1A,0x5F,0xBB,0x3A, /*  34224: v..:.9.:...:._.: */
0xD7,0xB7,0xA9,0x3A,0x03,0x45,0x0F,0x3B,0x8F,0x51,0x0F,0x3B,0xBB,0x00,0x94,0x3A, /*  34240: ...:.E.;.Q.;...: */
0x8A,0xE1,0x8C,0x3A,0x7F,0x92,0xC6,0x3A,0x20,0x59,0x01,0x3B,0xC9,0xED,0x8C,0x3A, /*  34256: ...:...: Y.;...: */
0xB2,0xBD,0x85,0x3A,0x42,0x3F,0x8C,0x3A,0x9D,0x8F,0xB1,0x3A,0x39,0x68,0xE7,0x3A, /*  34272: ...:B?.:...:9h.: */
0x43,0x15,0x08,0x3B,0xB3,0xD5,0x9D,0x3A,0xE9,0xD7,0x8D,0x3A,0x8F,0xA9,0x83,0x3A, /*  34288: C..;...:...:...: */
0x5D,0x05,0x07,0x3B,0x24,0x71,0x8A,0x3A,0xC1,0x19,0xBE,0x3A,0x12,0x0F,0x91,0x3A, /*  34304: ]..;$q.:...:...: */
0x6E,0x83,0x16,0x3B,0xD6,0xED,0x99,0x3A,0x19,0x40,0x82,0x3A,0xA1,0x5E,0xCF,0x3A, /*  34320: n..;...:.@.:.^.: */
0x76,0x2F,0xF7,0x3A,0xDD,0x24,0x82,0x3A,0x28,0x85,0xAB,0x3A,0xA7,0x35,0x13,0x3B, /*  34336: v/.:.$.:(..:.5.; */
0xD7,0xB1,0x87,0x3A,0xFD,0x4F,0x8A,0x3A,0xEF,0x3B,0xAF,0x3A,0xB5,0xE0,0x92,0x3A, /*  34352: ...:.O.:.;.:...: */
0xBC,0xBE,0xF1,0x3A,0x71,0xCD,0x93,0x3A,0x36,0x3F,0xEE,0x3A,0x9C,0x7D,0x87,0x3A, /*  34368: ...:q..:6?.:.}.: */
0x0B,0x19,0x88,0x3A,0x1C,0xF9,0xC3,0x3A,0x7D,0xF7,0xEB,0x3A,0x88,0x22,0xCC,0x3A, /*  34384: ...:...:}..:.".: */
0xAE,0xB3,0x90,0x3A,0x8B,0x94,0x88,0x3A,0xD6,0xF6,0x0F,0x3B,0xB3,0x98,0xB9,0x3A, /*  34400: ...:...:...;...: */
0x87,0xA2,0x86,0x3A,0x8F,0x07,0xCF,0x3A,0x66,0x3F,0xC5,0x3A,0xF4,0x43,0x18,0x3B, /*  34416: ...:...:f?.:.C.; */
0xB9,0x2F,0xA8,0x3A,0x6F,0x4C,0x96,0x3A,0xF7,0x93,0x8D,0x3A,0x89,0xE8,0x86,0x3A, /*  34432: ./.:oL.:...:...: */
0xEE,0x34,0x92,0x3A,0xE0,0x4C,0xF1,0x3A,0xAF,0x8E,0x96,0x3A,0xF5,0xDA,0xD1,0x3A, /*  34448: .4.:.L.:...:...: */
0x35,0xA2,0x80,0x3A,0x04,0x00,0x00,0x00,0x40,0x00,0x00,0x00,0x01,0x00,0x00,0x00, /*  34464: 5..:....@....... */
0x03,0x00,0x00,0x00,0x40,0x00,0x00,0x00,0x32,0xF7,0xFF,0xFF,0x00,0x00,0x00,0x01, /*  34480: ....@...2....... */
0x10,0x00,0x00,0x00,0x33,0x00,0x00,0x00,0x00,0x00,0x00,0x02,0x1C,0x03,0x00,0x00, /*  34496: ....3........... */
0xBC,0xF6,0xFF,0xFF,0x08,0x00,0x00,0x00,0x0C,0x02,0x00,0x00,0x40,0x00,0x00,0x00, /*  34512: ............@... */
0x00,0x00,0x00,0x00,0x00,0x00,0x00,0x00,0x00,0x00,0x00,0x00,0x00,0x00,0x00,0x00, /*  34528: ................ */
0x00,0x00,0x00,0x00,0x00,0x00,0x00,0x00,0x00,0x00,0x00,0x00,0x00,0x00,0x00,0x00, /*  34544: ................ */
0x00,0x00,0x00,0x00,0x00,0x00,0x00,0x00,0x00,0x00,0x00,0x00,0x00,0x00,0x00,0x00, /*  34560: ................ */
0x00,0x00,0x00,0x00,0x00,0x00,0x00,0x00,0x00,0x00,0x00,0x00,0x00,0x00,0x00,0x00, /*  34576: ................ */
0x00,0x00,0x00,0x00,0x00,0x00,0x00,0x00,0x00,0x00,0x00,0x00,0x00,0x00,0x00,0x00, /*  34592: ................ */
0x00,0x00,0x00,0x00,0x00,0x00,0x00,0x00,0x00,0x00,0x00,0x00,0x00,0x00,0x00,0x00, /*  34608: ................ */
0x00,0x00,0x00,0x00,0x00,0x00,0x00,0x00,0x00,0x00,0x00,0x00,0x00,0x00,0x00,0x00, /*  34624: ................ */
0x00,0x00,0x00,0x00,0x00,0x00,0x00,0x00,0x00,0x00,0x00,0x00,0x00,0x00,0x00,0x00, /*  34640: ................ */
0x00,0x00,0x00,0x00,0x00,0x00,0x00,0x00,0x00,0x00,0x00,0x00,0x00,0x00,0x00,0x00, /*  34656: ................ */
0x00,0x00,0x00,0x00,0x00,0x00,0x00,0x00,0x00,0x00,0x00,0x00,0x00,0x00,0x00,0x00, /*  34672: ................ */
0x00,0x00,0x00,0x00,0x00,0x00,0x00,0x00,0x00,0x00,0x00,0x00,0x00,0x00,0x00,0x00, /*  34688: ................ */
0x00,0x00,0x00,0x00,0x00,0x00,0x00,0x00,0x00,0x00,0x00,0x00,0x00,0x00,0x00,0x00, /*  34704: ................ */
0x00,0x00,0x00,0x00,0x00,0x00,0x00,0x00,0x00,0x00,0x00,0x00,0x00,0x00,0x00,0x00, /*  34720: ................ */
0x00,0x00,0x00,0x00,0x00,0x00,0x00,0x00,0x00,0x00,0x00,0x00,0x00,0x00,0x00,0x00, /*  34736: ................ */
0x00,0x00,0x00,0x00,0x00,0x00,0x00,0x00,0x00,0x00,0x00,0x00,0x00,0x00,0x00,0x00, /*  34752: ................ */
0x00,0x00,0x00,0x00,0x00,0x00,0x00,0x00,0x00,0x00,0x00,0x00,0x00,0x00,0x00,0x00, /*  34768: ................ */
0x00,0x00,0x00,0x00,0x00,0x00,0x00,0x00,0x00,0x00,0x00,0x00,0x00,0x00,0x00,0x00, /*  34784: ................ */
0x00,0x00,0x00,0x00,0x00,0x00,0x00,0x00,0x00,0x00,0x00,0x00,0x00,0x00,0x00,0x00, /*  34800: ................ */
0x00,0x00,0x00,0x00,0x00,0x00,0x00,0x00,0x00,0x00,0x00,0x00,0x00,0x00,0x00,0x00, /*  34816: ................ */
0x00,0x00,0x00,0x00,0x00,0x00,0x00,0x00,0x00,0x00,0x00,0x00,0x00,0x00,0x00,0x00, /*  34832: ................ */
0x00,0x00,0x00,0x00,0x00,0x00,0x00,0x00,0x00,0x00,0x00,0x00,0x00,0x00,0x00,0x00, /*  34848: ................ */
0x00,0x00,0x00,0x00,0x00,0x00,0x00,0x00,0x00,0x00,0x00,0x00,0x00,0x00,0x00,0x00, /*  34864: ................ */
0x00,0x00,0x00,0x00,0x00,0x00,0x00,0x00,0x00,0x00,0x00,0x00,0x00,0x00,0x00,0x00, /*  34880: ................ */
0x00,0x00,0x00,0x00,0x00,0x00,0x00,0x00,0x00,0x00,0x00,0x00,0x00,0x00,0x00,0x00, /*  34896: ................ */
0x00,0x00,0x00,0x00,0x00,0x00,0x00,0x00,0x00,0x00,0x00,0x00,0x00,0x00,0x00,0x00, /*  34912: ................ */
0x00,0x00,0x00,0x00,0x00,0x00,0x00,0x00,0x00,0x00,0x00,0x00,0x00,0x00,0x00,0x00, /*  34928: ................ */
0x00,0x00,0x00,0x00,0x00,0x00,0x00,0x00,0x00,0x00,0x00,0x00,0x00,0x00,0x00,0x00, /*  34944: ................ */
0x00,0x00,0x00,0x00,0x00,0x00,0x00,0x00,0x00,0x00,0x00,0x00,0x00,0x00,0x00,0x00, /*  34960: ................ */
0x00,0x00,0x00,0x00,0x00,0x00,0x00,0x00,0x00,0x00,0x00,0x00,0x00,0x00,0x00,0x00, /*  34976: ................ */
0x00,0x00,0x00,0x00,0x00,0x00,0x00,0x00,0x00,0x00,0x00,0x00,0x00,0x00,0x00,0x00, /*  34992: ................ */
0x00,0x00,0x00,0x00,0x00,0x00,0x00,0x00,0x00,0x00,0x00,0x00,0x00,0x00,0x00,0x00, /*  35008: ................ */
0x00,0x00,0x00,0x00,0x00,0x00,0x00,0x00,0x00,0x00,0x00,0x00,0x00,0x00,0x00,0x00, /*  35024: ................ */
0x00,0x00,0x00,0x00,0x40,0x00,0x00,0x00,0x9F,0xD2,0x87,0x38,0x74,0xCF,0x1B,0x38, /*  35040: ....@......8t..8 */
0x88,0xED,0x1A,0x38,0xDA,0xFC,0x68,0x38,0x6F,0x9D,0x90,0x38,0x15,0x65,0x31,0x38, /*  35056: ...8..h8o..8.e18 */
0x80,0x2B,0x55,0x38,0x00,0x16,0x41,0x38,0xEC,0xFE,0xA2,0x38,0x33,0x0D,0xA3,0x38, /*  35072: .+U8..A8...83..8 */
0x7B,0x61,0x28,0x38,0x42,0x47,0x20,0x38,0xB2,0xE9,0x61,0x38,0x57,0x28,0x93,0x38, /*  35088: {a(8BG 8..a8W(.8 */
0x31,0x55,0x20,0x38,0xBF,0x27,0x18,0x38,0xA2,0x8E,0x1F,0x38,0x37,0x02,0x4A,0x38, /*  35104: 1U 8.'.8...87.J8 */
0x63,0xA2,0x83,0x38,0xDE,0xD1,0x9A,0x38,0x00,0x91,0x33,0x38,0x8D,0x5F,0x21,0x38, /*  35120: c..8...8..38._!8 */
0x58,0xCA,0x15,0x38,0x88,0x9C,0x99,0x38,0xE4,0x80,0x1D,0x38,0x59,0x46,0x58,0x38, /*  35136: X..8...8...8YFX8 */
0x0D,0x08,0x25,0x38,0xAB,0x3C,0xAB,0x38,0x78,0x1F,0x2F,0x38,0x1D,0x2F,0x14,0x38, /*  35152: ..%8.<.8x./8./.8 */
0xEA,0xEB,0x6B,0x38,0x14,0x9C,0x8C,0x38,0x21,0x10,0x14,0x38,0xD5,0x22,0x43,0x38, /*  35168: ..k8...8!..8."C8 */
0x71,0x7A,0xA7,0x38,0xC1,0x60,0x1A,0x38,0x2C,0x5B,0x1D,0x38,0x85,0x5C,0x47,0x38, /*  35184: qz.8.`.8,[.8..G8 */
0xCC,0x19,0x27,0x38,0xD6,0x83,0x89,0x38,0x21,0x27,0x28,0x38,0x6D,0x86,0x87,0x38, /*  35200: ..'8...8!'(8m..8 */
0x55,0x25,0x1A,0x38,0x2B,0xD6,0x1A,0x38,0xB2,0xF4,0x5E,0x38,0x61,0x3A,0x86,0x38, /*  35216: U%.8+..8..^8a:.8 */
0xCD,0x3D,0x68,0x38,0x14,0xA0,0x24,0x38,0xAC,0x62,0x1B,0x38,0x3B,0xC9,0xA3,0x38, /*  35232: .=h8..$8.b.8;..8 */
0x89,0x26,0x53,0x38,0x16,0x2C,0x19,0x38,0xDB,0x88,0x6B,0x38,0xE9,0x67,0x60,0x38, /*  35248: .&S8.,.8..k8.g`8 */
0xF3,0x3A,0xAD,0x38,0xE5,0x57,0x3F,0x38,0x1A,0xFE,0x2A,0x38,0x40,0x12,0x21,0x38, /*  35264: .:.8.W?8...8@.!8 */
0xBC,0x7B,0x19,0x38,0x5F,0x56,0x26,0x38,0x11,0x43,0x89,0x38,0x79,0x49,0x2B,0x38, /*  35280: .{.8_V&8.C.8yI+8 */
0xDB,0xBF,0x6E,0x38,0x3C,0x58,0x12,0x38,0x01,0x00,0x00,0x00,0x40,0x00,0x00,0x00, /*  35296: ..n8<X.8....@... */
0x6A,0xFA,0xFF,0xFF,0x00,0x00,0x00,0x01,0x10,0x00,0x00,0x00,0x32,0x00,0x00,0x00, /*  35312: j...........2... */
0x00,0x00,0x00,0x09,0x98,0x01,0x00,0x00,0xF4,0xF9,0xFF,0xFF,0x08,0x00,0x00,0x00, /*  35328: ................ */
0x08,0x01,0x00,0x00,0x20,0x00,0x00,0x00,0x00,0x00,0x00,0x00,0x00,0x00,0x00,0x00, /*  35344: .... ........... */
0x00,0x00,0x00,0x00,0x00,0x00,0x00,0x00,0x00,0x00,0x00,0x00,0x00,0x00,0x00,0x00, /*  35360: ................ */
0x00,0x00,0x00,0x00,0x00,0x00,0x00,0x00,0x00,0x00,0x00,0x00,0x00,0x00,0x00,0x00, /*  35376: ................ */
0x00,0x00,0x00,0x00,0x00,0x00,0x00,0x00,0x00,0x00,0x00,0x00,0x00,0x00,0x00,0x00, /*  35392: ................ */
0x00,0x00,0x00,0x00,0x00,0x00,0x00,0x00,0x00,0x00,0x00,0x00,0x00,0x00,0x00,0x00, /*  35408: ................ */
0x00,0x00,0x00,0x00,0x00,0x00,0x00,0x00,0x00,0x00,0x00,0x00,0x00,0x00,0x00,0x00, /*  35424: ................ */
0x00,0x00,0x00,0x00,0x00,0x00,0x00,0x00,0x00,0x00,0x00,0x00,0x00,0x00,0x00,0x00, /*  35440: ................ */
0x00,0x00,0x00,0x00,0x00,0x00,0x00,0x00,0x00,0x00,0x00,0x00,0x00,0x00,0x00,0x00, /*  35456: ................ */
0x00,0x00,0x00,0x00,0x00,0x00,0x00,0x00,0x00,0x00,0x00,0x00,0x00,0x00,0x00,0x00, /*  35472: ................ */
0x00,0x00,0x00,0x00,0x00,0x00,0x00,0x00,0x00,0x00,0x00,0x00,0x00,0x00,0x00,0x00, /*  35488: ................ */
0x00,0x00,0x00,0x00,0x00,0x00,0x00,0x00,0x00,0x00,0x00,0x00,0x00,0x00,0x00,0x00, /*  35504: ................ */
0x00,0x00,0x00,0x00,0x00,0x00,0x00,0x00,0x00,0x00,0x00,0x00,0x00,0x00,0x00,0x00, /*  35520: ................ */
0x00,0x00,0x00,0x00,0x00,0x00,0x00,0x00,0x00,0x00,0x00,0x00,0x00,0x00,0x00,0x00, /*  35536: ................ */
0x00,0x00,0x00,0x00,0x00,0x00,0x00,0x00,0x00,0x00,0x00,0x00,0x00,0x00,0x00,0x00, /*  35552: ................ */
0x00,0x00,0x00,0x00,0x00,0x00,0x00,0x00,0x00,0x00,0x00,0x00,0x00,0x00,0x00,0x00, /*  35568: ................ */
0x00,0x00,0x00,0x00,0x00,0x00,0x00,0x00,0x00,0x00,0x00,0x00,0x00,0x00,0x00,0x00, /*  35584: ................ */
0x00,0x00,0x00,0x00,0x00,0x00,0x00,0x00,0x20,0x00,0x00,0x00,0x8D,0x7E,0xFA,0x3A, /*  35600: ........ ....~.: */
0x24,0xA2,0x17,0x3B,0x0C,0x5D,0x05,0x3B,0x62,0xC7,0x08,0x3B,0x7F,0x66,0x00,0x3B, /*  35616: $..;.].;b..;.f.; */
0x69,0x5B,0x00,0x3B,0x78,0x6B,0x00,0x3B,0x73,0xAE,0x01,0x3B,0x2D,0x9B,0x03,0x3B, /*  35632: i[.;xk.;s..;-..; */
0x79,0x36,0x06,0x3B,0xE5,0x7C,0x01,0x3B,0xAE,0xE9,0x19,0x3B,0xBB,0x00,0x00,0x3B, /*  35648: y6.;.|.;...;...; */
0xEA,0xB0,0xFD,0x3A,0xE6,0xA8,0xF5,0x3A,0x88,0x7C,0x05,0x3B,0xC8,0xE9,0x08,0x3B, /*  35664: ...:...:.|.;...; */
0xA7,0xF9,0xF5,0x3A,0x3A,0xE3,0x1A,0x3B,0x14,0xD6,0xFE,0x3A,0xBA,0xD8,0xF7,0x3A, /*  35680: ...::..;...:...: */
0x36,0x7E,0x00,0x3B,0x71,0xC3,0x0B,0x3B,0xBD,0xB4,0x03,0x3B,0x09,0x66,0x13,0x3B, /*  35696: 6~.;q..;...;.f.; */
0xA3,0x65,0x00,0x3B,0x47,0xA7,0x00,0x3B,0x2F,0xE8,0x14,0x3B,0x0A,0xB3,0xFA,0x3A, /*  35712: .e.;G..;/..;...: */
0x53,0x86,0x00,0x3B,0x16,0x91,0xFD,0x3A,0xD5,0x5C,0x06,0x3B,0x02,0x00,0x00,0x00, /*  35728: S..;...:...;.... */
0x20,0x00,0x00,0x00,0x40,0x00,0x00,0x00,0x22,0xFC,0xFF,0xFF,0x00,0x00,0x00,0x01, /*  35744:  ...@..."....... */
0x10,0x00,0x00,0x00,0x31,0x00,0x00,0x00,0x00,0x00,0x00,0x01,0x9C,0x01,0x00,0x00, /*  35760: ....1........... */
0xAC,0xFB,0xFF,0xFF,0x08,0x00,0x00,0x00,0x0C,0x01,0x00,0x00,0x20,0x00,0x00,0x00, /*  35776: ............ ... */
0x00,0x00,0x00,0x00,0x00,0x00,0x00,0x00,0x00,0x00,0x00,0x00,0x00,0x00,0x00,0x00, /*  35792: ................ */
0x00,0x00,0x00,0x00,0x00,0x00,0x00,0x00,0x00,0x00,0x00,0x00,0x00,0x00,0x00,0x00, /*  35808: ................ */
0x00,0x00,0x00,0x00,0x00,0x00,0x00,0x00,0x00,0x00,0x00,0x00,0x00,0x00,0x00,0x00, /*  35824: ................ */
0x00,0x00,0x00,0x00,0x00,0x00,0x00,0x00,0x00,0x00,0x00,0x00,0x00,0x00,0x00,0x00, /*  35840: ................ */
0x00,0x00,0x00,0x00,0x00,0x00,0x00,0x00,0x00,0x00,0x00,0x00,0x00,0x00,0x00,0x00, /*  35856: ................ */
0x00,0x00,0x00,0x00,0x00,0x00,0x00,0x00,0x00,0x00,0x00,0x00,0x00,0x00,0x00,0x00, /*  35872: ................ */
0x00,0x00,0x00,0x00,0x00,0x00,0x00,0x00,0x00,0x00,0x00,0x00,0x00,0x00,0x00,0x00, /*  35888: ................ */
0x00,0x00,0x00,0x00,0x00,0x00,0x00,0x00,0x00,0x00,0x00,0x00,0x00,0x00,0x00,0x00, /*  35904: ................ */
0x00,0x00,0x00,0x00,0x00,0x00,0x00,0x00,0x00,0x00,0x00,0x00,0x00,0x00,0x00,0x00, /*  35920: ................ */
0x00,0x00,0x00,0x00,0x00,0x00,0x00,0x00,0x00,0x00,0x00,0x00,0x00,0x00,0x00,0x00, /*  35936: ................ */
0x00,0x00,0x00,0x00,0x00,0x00,0x00,0x00,0x00,0x00,0x00,0x00,0x00,0x00,0x00,0x00, /*  35952: ................ */
0x00,0x00,0x00,0x00,0x00,0x00,0x00,0x00,0x00,0x00,0x00,0x00,0x00,0x00,0x00,0x00, /*  35968: ................ */
0x00,0x00,0x00,0x00,0x00,0x00,0x00,0x00,0x00,0x00,0x00,0x00,0x00,0x00,0x00,0x00, /*  35984: ................ */
0x00,0x00,0x00,0x00,0x00,0x00,0x00,0x00,0x00,0x00,0x00,0x00,0x00,0x00,0x00,0x00, /*  36000: ................ */
0x00,0x00,0x00,0x00,0x00,0x00,0x00,0x00,0x00,0x00,0x00,0x00,0x00,0x00,0x00,0x00, /*  36016: ................ */
0x00,0x00,0x00,0x00,0x00,0x00,0x00,0x00,0x00,0x00,0x00,0x00,0x00,0x00,0x00,0x00, /*  36032: ................ */
0x00,0x00,0x00,0x00,0x20,0x00,0x00,0x00,0x68,0xB5,0x79,0x39,0x61,0x28,0x97,0x39, /*  36048: .... ...h.y9a(.9 */
0xF5,0xF1,0x84,0x39,0x8D,0x59,0x88,0x39,0xC8,0xFE,0x7F,0x39,0xAE,0xE8,0x7F,0x39, /*  36064: ...9.Y.9...9...9 */
0x59,0x04,0x80,0x39,0x51,0x46,0x81,0x39,0x7F,0x31,0x83,0x39,0xB3,0xCA,0x85,0x39, /*  36080: Y..9QF.9.1.9...9 */
0xEB,0x14,0x81,0x39,0x17,0x6E,0x99,0x39,0xE4,0x33,0x7F,0x39,0x34,0xE5,0x7C,0x39, /*  36096: ...9.n.9.3.94.|9 */
0xA3,0xE3,0x74,0x39,0x58,0x11,0x85,0x39,0xD7,0x7B,0x88,0x39,0x23,0x34,0x75,0x39, /*  36112: ..t9X..9.{.9.4u9 */
0xDA,0x66,0x9A,0x39,0x72,0x09,0x7E,0x39,0xB5,0x11,0x77,0x39,0x08,0x17,0x80,0x39, /*  36128: .f.9r.~9..w9...9 */
0x36,0x53,0x8B,0x39,0xFB,0x4A,0x83,0x39,0xAD,0xEF,0x92,0x39,0x12,0xFD,0x7F,0x39, /*  36144: 6S.9.J.9...9...9 */
0xF8,0x3F,0x80,0x39,0x9D,0x70,0x94,0x39,0xBB,0xE9,0x79,0x39,0x1F,0x1F,0x80,0x39, /*  36160: .?.9.p.9..y9...9 */
0x79,0xC5,0x7C,0x39,0xF1,0xF0,0x85,0x39,0x01,0x00,0x00,0x00,0x20,0x00,0x00,0x00, /*  36176: y.|9...9.... ... */
0xDA,0xFD,0xFF,0xFF,0x00,0x00,0x00,0x01,0x10,0x00,0x00,0x00,0x30,0x00,0x00,0x00, /*  36192: ............0... */
0x00,0x00,0x00,0x09,0x30,0x00,0x00,0x00,0x64,0xFD,0xFF,0xFF,0x08,0x00,0x00,0x00, /*  36208: ....0...d....... */
0x18,0x00,0x00,0x00,0x02,0x00,0x00,0x00,0x00,0x00,0x00,0x00,0x00,0x00,0x00,0x00, /*  36224: ................ */
0x00,0x00,0x00,0x00,0x00,0x00,0x00,0x00,0x02,0x00,0x00,0x00,0x65,0x26,0x64,0x3B, /*  36240: ............e&d; */
0x69,0xBC,0x60,0x3B,0x02,0x00,0x00,0x00,0x02,0x00,0x00,0x00,0x20,0x00,0x00,0x00, /*  36256: i.`;........ ... */
0x2A,0xFE,0xFF,0xFF,0x00,0x00,0x00,0x01,0x10,0x00,0x00,0x00,0x2F,0x00,0x00,0x00, /*  36272: ............/... */
0x00,0x00,0x00,0x01,0x30,0x00,0x00,0x00,0xB4,0xFD,0xFF,0xFF,0x08,0x00,0x00,0x00, /*  36288: ....0........... */
0x18,0x00,0x00,0x00,0x02,0x00,0x00,0x00,0x00,0x00,0x00,0x00,0x00,0x00,0x00,0x00, /*  36304: ................ */
0x00,0x00,0x00,0x00,0x00,0x00,0x00,0x00,0x02,0x00,0x00,0x00,0xD9,0x58,0xAD,0x3A, /*  36320: .............X.: */
0xCD,0xC0,0xAA,0x3A,0x01,0x00,0x00,0x00,0x02,0x00,0x00,0x00,0x76,0xFE,0xFF,0xFF, /*  36336: ...:........v... */
0x00,0x00,0x00,0x01,0x10,0x00,0x00,0x00,0x0D,0x00,0x00,0x00,0x00,0x00,0x00,0x02, /*  36352: ................ */
0x10,0x00,0x00,0x00,0x5E,0xFE,0xFF,0xFF,0x04,0x00,0x00,0x00,0x00,0x00,0x00,0x00, /*  36368: ....^........... */
0x01,0x00,0x00,0x00,0x03,0x00,0x00,0x00,0xA2,0xFE,0xFF,0xFF,0x00,0x00,0x00,0x01, /*  36384: ................ */
0x10,0x00,0x00,0x00,0x11,0x00,0x00,0x00,0x00,0x00,0x00,0x02,0x10,0x00,0x00,0x00, /*  36400: ................ */
0x8A,0xFE,0xFF,0xFF,0x04,0x00,0x00,0x00,0x00,0x00,0x00,0x00,0x01,0x00,0x00,0x00, /*  36416: ................ */
0x03,0x00,0x00,0x00,0xCE,0xFE,0xFF,0xFF,0x00,0x00,0x00,0x01,0x10,0x00,0x00,0x00, /*  36432: ................ */
0x15,0x00,0x00,0x00,0x00,0x00,0x00,0x02,0x10,0x00,0x00,0x00,0xB6,0xFE,0xFF,0xFF, /*  36448: ................ */
0x04,0x00,0x00,0x00,0x00,0x00,0x00,0x00,0x01,0x00,0x00,0x00,0x03,0x00,0x00,0x00, /*  36464: ................ */
0xFA,0xFE,0xFF,0xFF,0x00,0x00,0x00,0x01,0x10,0x00,0x00,0x00,0x19,0x00,0x00,0x00, /*  36480: ................ */
0x00,0x00,0x00,0x02,0x10,0x00,0x00,0x00,0xE2,0xFE,0xFF,0xFF,0x04,0x00,0x00,0x00, /*  36496: ................ */
0x00,0x00,0x00,0x00,0x01,0x00,0x00,0x00,0x03,0x00,0x00,0x00,0x26,0xFF,0xFF,0xFF, /*  36512: ............&... */
0x00,0x00,0x00,0x01,0x10,0x00,0x00,0x00,0x1D,0x00,0x00,0x00,0x00,0x00,0x00,0x02, /*  36528: ................ */
0x10,0x00,0x00,0x00,0x0E,0xFF,0xFF,0xFF,0x04,0x00,0x00,0x00,0x00,0x00,0x00,0x00, /*  36544: ................ */
0x01,0x00,0x00,0x00,0x03,0x00,0x00,0x00,0x52,0xFF,0xFF,0xFF,0x00,0x00,0x00,0x01, /*  36560: ........R....... */
0x10,0x00,0x00,0x00,0x21,0x00,0x00,0x00,0x00,0x00,0x00,0x02,0x10,0x00,0x00,0x00, /*  36576: ....!........... */
0x3A,0xFF,0xFF,0xFF,0x04,0x00,0x00,0x00,0x00,0x00,0x00,0x00,0x01,0x00,0x00,0x00, /*  36592: :............... */
0x03,0x00,0x00,0x00,0x7E,0xFF,0xFF,0xFF,0x00,0x00,0x00,0x01,0x10,0x00,0x00,0x00, /*  36608: ....~........... */
0x25,0x00,0x00,0x00,0x00,0x00,0x00,0x02,0x10,0x00,0x00,0x00,0x66,0xFF,0xFF,0xFF, /*  36624: %...........f... */
0x04,0x00,0x00,0x00,0x00,0x00,0x00,0x00,0x01,0x00,0x00,0x00,0x03,0x00,0x00,0x00, /*  36640: ................ */
0xAA,0xFF,0xFF,0xFF,0x00,0x00,0x00,0x01,0x10,0x00,0x00,0x00,0x28,0x00,0x00,0x00, /*  36656: ............(... */
0x00,0x00,0x00,0x02,0x10,0x00,0x00,0x00,0x92,0xFF,0xFF,0xFF,0x04,0x00,0x00,0x00, /*  36672: ................ */
0x00,0x00,0x00,0x00,0x00,0x00,0x00,0x00,0xD2,0xFF,0xFF,0xFF,0x00,0x00,0x00,0x01, /*  36688: ................ */
0x10,0x00,0x00,0x00,0x2A,0x00,0x00,0x00,0x00,0x00,0x00,0x02,0x10,0x00,0x00,0x00, /*  36704: ................ */
0xBA,0xFF,0xFF,0xFF,0x04,0x00,0x00,0x00,0x00,0x00,0x00,0x00,0x01,0x00,0x00,0x00, /*  36720: ................ */
0x03,0x00,0x00,0x00,0x00,0x00,0x16,0x00,0x1A,0x00,0x14,0x00,0x13,0x00,0x0C,0x00, /*  36736: ................ */
0x00,0x00,0x08,0x00,0x00,0x00,0x00,0x00,0x00,0x00,0x07,0x00,0x16,0x00,0x00,0x00, /*  36752: ................ */
0x00,0x00,0x00,0x01,0x1C,0x00,0x00,0x00,0x2D,0x00,0x00,0x00,0x00,0x00,0x00,0x02, /*  36768: ........-....... */
0x1C,0x00,0x00,0x00,0x00,0x00,0x0A,0x00,0x08,0x00,0x00,0x00,0x00,0x00,0x04,0x00, /*  36784: ................ */
0x0A,0x00,0x00,0x00,0x04,0x00,0x00,0x00,0x00,0x00,0x00,0x00,0x00,0x00,0x00,0x00, /*  36800: ................ */
0x00,0x00,0x16,0x00,0x1C,0x00,0x18,0x00,0x17,0x00,0x10,0x00,0x00,0x00,0x0C,0x00, /*  36816: ................ */
0x00,0x00,0x00,0x00,0x08,0x00,0x07,0x00,0x16,0x00,0x00,0x00,0x00,0x00,0x00,0x01, /*  36832: ................ */
0x14,0x00,0x00,0x00,0x2C,0x00,0x00,0x00,0x2E,0x00,0x00,0x00,0x00,0x00,0x00,0x09, /*  36848: ....,........... */
0x44,0x00,0x00,0x00,0x03,0x00,0x00,0x00,0xFF,0xFF,0xFF,0xFF,0x20,0x03,0x00,0x00, /*  36864: D........... ... */
0x02,0x00,0x00,0x00,0x0C,0x00,0x0C,0x00,0x00,0x00,0x00,0x00,0x08,0x00,0x04,0x00, /*  36880: ................ */
0x0C,0x00,0x00,0x00,0x08,0x00,0x00,0x00,0x14,0x00,0x00,0x00,0x01,0x00,0x00,0x00, /*  36896: ................ */
0xFB,0xFF,0xFF,0xFF,0xFF,0xFF,0xFF,0xFF,0x00,0x00,0x00,0x00,0x01,0x00,0x00,0x00, /*  36912: ................ */
0xF6,0xB1,0xBF,0x3C,0x03,0x00,0x00,0x00,0x01,0x00,0x00,0x00,0x20,0x03,0x00,0x00, /*  36928: ...<........ ... */
0x02,0x00,0x00,0x00,0x06,0x00,0x00,0x00,0x7C,0x00,0x00,0x00,0x5C,0x00,0x00,0x00, /*  36944: ........|....... */
0x40,0x00,0x00,0x00,0x2C,0x00,0x00,0x00,0x18,0x00,0x00,0x00,0x04,0x00,0x00,0x00, /*  36960: @...,........... */
0xC4,0xFF,0xFF,0xFF,0x09,0x00,0x00,0x00,0x04,0x00,0x00,0x00,0x00,0x00,0x00,0x09, /*  36976: ................ */
0xD4,0xFF,0xFF,0xFF,0x28,0x00,0x00,0x00,0x02,0x00,0x00,0x00,0x00,0x00,0x00,0x28, /*  36992: ....(..........( */
0xE4,0xFF,0xFF,0xFF,0x11,0x00,0x00,0x00,0x02,0x00,0x00,0x00,0x00,0x00,0x00,0x11, /*  37008: ................ */
0xD8,0xFF,0xFF,0xFF,0x16,0x00,0x00,0x00,0x00,0x00,0x00,0x16,0x0C,0x00,0x10,0x00, /*  37024: ................ */
0x0F,0x00,0x00,0x00,0x08,0x00,0x04,0x00,0x0C,0x00,0x00,0x00,0x03,0x00,0x00,0x00, /*  37040: ................ */
0x03,0x00,0x00,0x00,0x00,0x00,0x00,0x03,0x0C,0x00,0x0C,0x00,0x0B,0x00,0x00,0x00, /*  37056: ................ */
0x00,0x00,0x04,0x00,0x0C,0x00,0x00,0x00,0x46,0x00,0x00,0x00,0x00,0x00,0x00,0x46  /*  37072: ........F......F */
};

// Helper function that loads a TfliteMicroModel using the generated artifacts in this header.
static inline bool load_tflite_micro_model(::npu_toolkit::TfliteMicroModel& model)
{
  ::npu_toolkit::register_tflite_micro_accelerator();
  return model.load(
    bp_model_int8,
    &bp_model_int8_op_resolver,
    bp_model_int8_buffers,
    bp_model_int8_buffer_sizes,
    2
  );
}


